run_dir,calibration_tau,scenario,defense,model,threshold_mode,jitter,target_poison_ratio,cost_padding,label_policy,retention,budget_mode,d1_estar,d1_gamma,d1_components,n_seeds,fpr_mean,fpr_std,tpr_mean,tpr_std,precision_mean,precision_std,f1_mean,f1_std,auroc_mean,auroc_std,tpr_seen_both_mean,tpr_seen_both_std,tpr_seed_only_mean,tpr_seed_only_std,tpr_honeypot_only_mean,tpr_honeypot_only_std,poison_ratio_mean,poison_ratio_std,hp_effective_ratio_mean,hp_effective_ratio_std,hp_mean_weight_mean,hp_mean_weight_std,cum_flows_mean,cum_flows_std,cum_packets_mean,cum_packets_std,cum_bytes_mean,cum_bytes_std,cum_duration_s_mean,cum_duration_s_std,delta_fpr_mean,delta_fpr_std,delta_tpr_mean,delta_tpr_std,fidelity_median_mean,fidelity_median_std,sigma_control_fpr,sigma_control_tpr
cicids,0.0,a1,none,rf,fixed,0.0,0.005,1.0,auto_malicious,accumulate,fixed_ratio,-1.0,-1.0,,5,0.052625,0.016443957856915103,0.8788035989300479,0.0037625635254227565,0.8391542687964655,0.04177133706129737,0.8580619558113354,0.021417764496607154,0.9506390109021643,0.013130536348763367,0.869587272308047,0.00833199326045047,0.9966000000000002,0.00013693063937627814,0.7710000000000001,0.010335013304297183,0.005008125766972903,0.0,,,,,151.0,0.0,2554.8,353.0838427342718,1138698.0,313722.524187378,2698.3512782,579.228181638646,0.01096,0.005987476513523871,0.0028045716138445087,0.0031812155231009985,0.010602133547744839,0.0017507027543012625,0.014823297644627679,0.004497682586038139
cicids,0.0,a1,none,rf,fixed,0.0,0.01,1.0,auto_malicious,accumulate,fixed_ratio,-1.0,-1.0,,5,0.07344999999999999,0.01583244295742132,0.8847693928831969,0.008402329486590962,0.7892378575260544,0.03716260364833738,0.833926214862372,0.021589351874368976,0.9518949694009888,0.018116489917571404,0.8766428406732765,0.012832646630707316,0.99685,0.00022360679774994501,0.7815,0.024032530037430517,0.00999900999901,0.0,,,,,303.0,0.0,6627.6,3372.8405387744024,4401951.4,4210816.563319138,5356.370484000001,528.1902873044207,0.031784999999999994,0.026684596446264645,0.008770365566993598,0.007796105971161953,0.010494820840572353,0.0015766567866756492,0.014823297644627679,0.004497682586038139
cicids,0.0,a1,none,rf,fixed,0.0,0.02,1.0,auto_malicious,accumulate,fixed_ratio,-1.0,-1.0,,5,0.097065,0.01574897417294219,0.8959876793385749,0.012543342240583651,0.7411016239715791,0.0297951639790072,0.8108909989879326,0.017901784411760078,0.9433947381859447,0.015524230185485231,0.8927369149181462,0.018058827254277942,0.9968999999999999,0.00013693063937627814,0.7986,0.03484815274874697,0.0199921599372795,0.0,,,,,612.0,0.0,11988.0,2716.487805972999,7140254.0,3694386.577159529,10762.414079400001,708.0651730377367,0.055400000000000005,0.02295054465584641,0.01998865202237172,0.014278297428363774,0.010353908058669573,0.0011912963121897856,0.014823297644627679,0.004497682586038139
cicids,0.0,a1,none,rf,fixed,0.0,0.05,1.0,auto_malicious,accumulate,fixed_ratio,-1.0,-1.0,,5,0.50949,0.05326308113975384,0.9337440220474994,0.018900500154658103,0.36239846093093214,0.024030392998809803,0.5217145692220673,0.02435984142543964,0.9311296536840399,0.011992464258453864,0.9375605257090154,0.022878252526860047,0.99725,0.0001767766952966403,0.8661,0.04503352917549325,0.050001583330694446,0.0,,,,,1579.0,0.0,29510.0,4075.350353037147,16468649.2,5254777.720617086,28307.0940114,1265.778634492983,0.46782500000000005,0.04901493713655053,0.05774499473129609,0.020111411988476206,0.010431682190518916,0.0002744500307690419,0.014823297644627679,0.004497682586038139
cicids,0.0,a1,none,rf,fixed,0.0,0.1,1.0,auto_malicious,accumulate,fixed_ratio,-1.0,-1.0,,5,0.828745,0.027566954855406143,0.9592769717111128,0.0070381083385926005,0.26319418136634054,0.005411818266343063,0.4130187209441399,0.006121278973364365,0.9137178163248765,0.001999882402370114,0.9594189531934518,0.018414920902937008,0.99785,0.00045414755311458773,0.9205500000000001,0.010464822024286892,0.0999909999099991,0.0,,,,,3333.0,0.0,61792.8,4634.075064130921,33370635.6,6164406.520400588,58213.56745740001,1510.2799995067382,0.78708,0.025432296150760782,0.08327794439490963,0.005676477875523344,0.010522984119221288,0.0002878980498117887,0.014823297644627679,0.004497682586038139
cicids,0.0,a1,none,rf,fixed,0.0,0.2,1.0,auto_malicious,accumulate,fixed_ratio,-1.0,-1.0,,5,0.96305,0.009086683250779697,0.9918294561076436,0.004533180170025489,0.24107668804919347,0.0017027987600092295,0.3878726063609623,0.0023062939839349613,0.8651578943422227,0.014445440634812179,0.9929444316347705,0.004253452158884903,0.9986,0.000379143772202533,0.98385,0.01182766883202266,0.2,0.0,,,,,7500.0,0.0,149313.4,12688.47017177406,84889593.6,15012718.485969665,131937.0163472,526.3872013475903,0.9213850000000001,0.009509281650051177,0.11583042879144041,0.003498151191868369,0.011071405657643656,0.00034551968343434235,0.014823297644627679,0.004497682586038139
cicids,0.0,a1,none,rf,fixed,0.0,0.5,1.0,auto_malicious,accumulate,fixed_ratio,-1.0,-1.0,,5,0.99558,0.00799408765901404,0.9994326011185863,0.0002066555691656287,0.2364260805253336,0.0014781528174514157,0.3823913330755528,0.0019373035107158553,0.6884635302342547,0.011185629739276452,0.9994927369149181,0.0006186953131196066,0.99895,0.00020916500663349365,0.99985,0.00033541019662497185,0.5,0.0,,,,,30000.0,0.0,580076.0,11994.591677085145,321350703.6,16471987.633616712,534067.1535051999,6011.250187997705,0.953915,0.010956499212796044,0.12343357380238304,0.0028574167383202324,0.010793520647202747,0.0012377923938563728,0.014823297644627679,0.004497682586038139
cicids,0.0,a1,none,rf,fixed,0.01,0.005,1.0,auto_malicious,accumulate,fixed_ratio,-1.0,-1.0,,5,0.06262,0.017876480707902216,0.8907189754397342,0.005842966072349448,0.8163256928053879,0.04328141875558507,0.8513420832392902,0.021711255326376477,0.9666018077733647,0.005011481201324319,0.8914918146183999,0.005965144800045793,0.99665,0.00013693063937628827,0.78395,0.017843416152743867,0.005008125766972903,0.0,,,,,151.0,0.0,2558.128143062796,356.36484773361684,1139349.0459932424,311530.7096576008,2678.681792929915,575.290914092047,0.020955,0.014020814883593611,0.014719948123530857,0.006756866545371202,0.014301275655447476,0.0015652003985709465,0.014823297644627679,0.004497682586038139
cicids,0.0,a1,none,rf,fixed,0.01,0.01,1.0,auto_malicious,accumulate,fixed_ratio,-1.0,-1.0,,5,0.048235,0.00932611588497591,0.8851746777984923,0.0035704657967099637,0.8504336603886508,0.024381486438508456,0.8672999283275692,0.012381809801900904,0.9666224775066873,0.008845480599144367,0.8896933364076551,0.0075732282585662235,0.9967,0.00011180339887497717,0.76875,0.01102553853559997,0.00999900999901,0.0,,,,,303.0,0.0,6616.435412371318,3342.8881840015265,4418617.861672556,4211141.378332615,5343.785678181653,525.42761614486,0.0065699999999999995,0.012698713025342371,0.009175650482289032,0.004799299021306221,0.01428035207804062,0.0009875441560807624,0.014823297644627679,0.004497682586038139
cicids,0.0,a1,none,rf,fixed,0.01,0.02,1.0,auto_malicious,accumulate,fixed_ratio,-1.0,-1.0,,5,0.05956,0.01693637542392114,0.8882224203615141,0.004669754631055892,0.8232331620414264,0.04247569268635124,0.8539814250254857,0.021223113058698687,0.960783032747021,0.004634143656454927,0.8940281300438091,0.006376531618148384,0.99665,0.0001369306393762545,0.7735000000000001,0.007826237921249233,0.0199921599372795,0.0,,,,,612.0,0.0,12009.762641639174,2748.113987102125,7080794.702525869,3586579.9100903803,10785.035215267071,685.1806815533193,0.017895,0.01753833658018913,0.012223393045310837,0.004351635311410429,0.013824327365341147,0.00094761901401091,0.014823297644627679,0.004497682586038139
cicids,0.0,a1,none,rf,fixed,0.01,0.05,1.0,auto_malicious,accumulate,fixed_ratio,-1.0,-1.0,,5,0.075625,0.009380515044495157,0.8944638080570642,0.00795164459317514,0.785303431430832,0.021094250914764388,0.8362017468657745,0.012293918256106802,0.9739360154413553,0.003354279680466843,0.8979940050726307,0.004925335426032155,0.99685,0.00028504385627476286,0.78825,0.024032530037430524,0.050001583330694446,0.0,,,,,1579.0,0.0,29510.271582257228,4069.7127796422674,16500166.78967851,5349382.086064038,28298.99428529139,1204.818788898185,0.033960000000000004,0.015618794767843003,0.01846478074086082,0.008463645533217426,0.01394801833031802,0.0003100767128816751,0.014823297644627679,0.004497682586038139
cicids,0.0,a1,none,rf,fixed,0.01,0.1,1.0,auto_malicious,accumulate,fixed_ratio,-1.0,-1.0,,5,0.069995,0.008074988390084532,0.8986301369863015,0.012143353290190811,0.7987532890185451,0.018688980746241566,0.8456104745104357,0.010616140234854122,0.9738886108859528,0.006762342723949581,0.9187456767350703,0.0245940574267516,0.9968,0.00020916500663349918,0.7786500000000001,0.017949233966941345,0.0999909999099991,0.0,,,,,3333.0,0.0,61781.70453858866,4596.501385858683,33326201.774431296,6032465.265370412,58204.77196170384,1403.5832410493933,0.02833,0.01672126639940887,0.02263110967009807,0.012950410030625734,0.013918432479111943,0.0001366717551793116,0.014823297644627679,0.004497682586038139
cicids,0.0,a1,none,rf,fixed,0.01,0.2,1.0,auto_malicious,accumulate,fixed_ratio,-1.0,-1.0,,5,0.084165,0.00713811512235548,0.9256383237415904,0.008118980768427963,0.7725272445814536,0.015081467270343592,0.8421169443429912,0.010313703117442303,0.9792674866255979,0.004746927780239278,0.9418030896933363,0.017142996584992968,0.9968,0.00032596012026007244,0.8369500000000001,0.033057903744793005,0.2,0.0,,,,,7500.0,0.0,149331.90360752348,12709.438015226477,84910438.75240807,15344473.783349944,132013.7673440763,582.1496107188284,0.042499999999999996,0.0054961634346150975,0.049639296425387044,0.008539421449835988,0.014381144035069316,0.0001896810596740979,0.014823297644627679,0.004497682586038139
cicids,0.0,a1,none,rf,fixed,0.01,0.5,1.0,auto_malicious,accumulate,fixed_ratio,-1.0,-1.0,,5,0.097325,0.011028301659820517,0.9175974710221286,0.0071552245467863896,0.7446323626259927,0.020133178027092698,0.8219426765938549,0.010871301747103912,0.9795282349841938,0.0035808364167371617,0.951210514180309,0.005902427507073278,0.9968999999999999,0.00022360679774993986,0.80185,0.015853430228187176,0.5,0.0,,,,,30000.0,0.0,580048.9528002916,11891.57258732133,321709119.14404047,16598278.427047273,534996.9961805808,6634.270985165277,0.05566,0.009701475403256972,0.04159844370592527,0.007193870036840903,0.014164875736472057,0.0009121675486512246,0.014823297644627679,0.004497682586038139
cicids,0.0,a1,none,rf,fixed,0.02,0.02,1.0,auto_malicious,accumulate,fixed_ratio,-1.0,-1.0,,5,0.06869,0.017151335589393617,0.8906217070600633,0.004013180264618792,0.8016279889258874,0.040640004041956355,0.8433227343682959,0.02159556196904452,0.9711401205722623,0.0063110771224990205,0.8993774498501267,0.0017146407602101228,0.9967500000000001,0.00017677669529661742,0.775,0.0108943792847505,0.0199921599372795,0.0,,,,,612.0,0.0,12033.737767085262,2781.0559625107135,7028315.551019445,3481528.475681359,10850.715220203178,669.4417489648413,0.027025,0.01505175446584218,0.014622679743859935,0.003750845656716188,0.022049220694563384,0.0005610617872495871,0.014823297644627679,0.004497682586038139
cicids,0.0,a1,none,rf,fixed,0.02,0.05,1.0,auto_malicious,accumulate,fixed_ratio,-1.0,-1.0,,5,0.074935,0.011664283089843115,0.8984356002269596,0.011124314219638687,0.7877565656793539,0.027708583809549416,0.8393106194724733,0.01863746231154667,0.9759691217475887,0.003234207583119471,0.908047037122435,0.02361241203795665,0.9968,0.0003259601202601008,0.78965,0.02083461662714241,0.050001583330694446,0.0,,,,,1579.0,0.0,29515.298114841316,4064.5734928600846,16552245.065613504,5450708.327413615,28393.122755347616,1162.8505991263335,0.03327,0.013557221322970285,0.02243657291075627,0.011668602471810601,0.022169130237940593,0.0002221009707143897,0.014823297644627679,0.004497682586038139
cicids,0.0,a1,none,rf,fixed,0.02,0.1,1.0,auto_malicious,accumulate,fixed_ratio,-1.0,-1.0,,5,0.06834,0.006552280137478862,0.8953392234741022,0.009822855635478158,0.8018927903586212,0.014645393568448285,0.8459321291225633,0.006824089176655224,0.9733235053092324,0.009828534482177293,0.9139497348397511,0.025280431892935582,0.9968999999999999,0.00013693063937628995,0.7736,0.007032513775315331,0.0999909999099991,0.0,,,,,3333.0,0.0,61779.01896206938,4559.834730871519,33318287.8231197,5909330.998766077,58409.831090978485,1314.7598691877843,0.026674999999999997,0.010462776280701032,0.019340196157898993,0.01064111800934834,0.022056280869158444,7.378220164854701e-05,0.014823297644627679,0.004497682586038139
cicids,0.0,a1,none,rf,fixed,0.02,0.2,1.0,auto_malicious,accumulate,fixed_ratio,-1.0,-1.0,,5,0.086885,0.009335091724241384,0.9146307854421659,0.010855494229606978,0.764896221173753,0.019449428317154235,0.8329737234693454,0.013046867616980973,0.9803037006565616,0.005427185857781059,0.9454461609407424,0.004133005094661627,0.9968999999999999,0.0002236067977499626,0.7989499999999999,0.03549885561535754,0.2,0.0,,,,,7500.0,0.0,149371.250458094,12732.486077443713,85041725.22535633,15710001.245958999,132566.08245103466,655.5330772914664,0.045219999999999996,0.012512149095978677,0.038631758125962555,0.011792133567945156,0.02234033452151998,0.00011141610457524909,0.014823297644627679,0.004497682586038139
cicids,0.0,a1,none,rf,fixed,0.03,0.005,1.0,auto_malicious,accumulate,fixed_ratio,-1.0,-1.0,,5,0.064985,0.012703390295507733,0.886633703493556,0.004838226068096827,0.8088330018495261,0.030873157606569467,0.8457501161600482,0.018632131168776704,0.9665917019940018,0.009011142379387174,0.8914918146183999,0.00654724975011701,0.9967500000000001,0.00024999999999997247,0.77125,0.014148763196831029,0.005008125766972903,0.0,,,,,151.0,0.0,2565.830159865968,363.15663049556264,1143773.6635689307,308700.8424937188,2668.328988626062,571.6831942376314,0.02332,0.016866974017291897,0.010634676177352675,0.005425492108439107,0.031457928635491225,0.0012982695179744924,0.014823297644627679,0.004497682586038139
cicids,0.0,a1,none,rf,fixed,0.03,0.01,1.0,auto_malicious,accumulate,fixed_ratio,-1.0,-1.0,,5,0.054365,0.013185735663966571,0.8875253303072059,0.006732269206558291,0.8352802480054644,0.033684638864707184,0.8603843075662606,0.020120700328960215,0.9702088528410473,0.009176462226604235,0.898870186765045,0.021990898063297296,0.9967,0.00011180339887498338,0.76605,0.013942291777179275,0.00999900999901,0.0,,,,,303.0,0.0,6596.537403527589,3283.4675696516033,4459582.802404496,4213872.557463225,5372.141452362924,526.5446936571681,0.0127,0.01888345009525537,0.011526302991002657,0.007892011911717584,0.030986235436547927,0.0007461059245050142,0.014823297644627679,0.004497682586038139
cicids,0.0,a1,none,rf,fixed,0.03,0.02,1.0,auto_malicious,accumulate,fixed_ratio,-1.0,-1.0,,5,0.06679500000000001,0.009015479743197257,0.8953230120774904,0.016802821280981883,0.8055262871754412,0.022840375677854942,0.8479732879358292,0.018437801974107503,0.9640211674231984,0.007666576253410823,0.9050956882637768,0.02675484674819147,0.9967,0.00011180339887497304,0.78335,0.02534610423714062,0.0199921599372795,0.0,,,,,612.0,0.0,12059.941543237095,2815.345023036833,6982802.8105715765,3379241.1439948264,10960.481066568265,662.5230733000884,0.025129999999999996,0.009295738270842187,0.01932398476128718,0.016947074873472277,0.030852270334861414,0.000619118624438891,0.014823297644627679,0.004497682586038139
cicids,0.0,a1,none,rf,fixed,0.03,0.05,1.0,auto_malicious,accumulate,fixed_ratio,-1.0,-1.0,,5,0.071035,0.014081821171283215,0.9093134473534896,0.017514817957731996,0.7989133984104576,0.03185678866445311,0.8502180766366443,0.01965850820892313,0.9756864312636783,0.006879832266691062,0.917592806087157,0.025384421041858028,0.9968,0.0002738612787525512,0.8128499999999999,0.03290402710915491,0.050001583330694446,0.0,,,,,1579.0,0.0,29525.074694692972,4059.939463296699,16624984.364493098,5558770.656404073,28590.24207489765,1140.139001020175,0.02937,0.004982011390994608,0.0333144200372862,0.018735826746900934,0.03093057459041746,0.0002019856688058073,0.014823297644627679,0.004497682586038139
cicids,0.0,a1,none,rf,fixed,0.03,0.1,1.0,auto_malicious,accumulate,fixed_ratio,-1.0,-1.0,,5,0.073155,0.010286207391453858,0.9035746129529059,0.008242064401177895,0.7926263140357334,0.02332125060933852,0.8443111350901547,0.013580088812620334,0.9761602616114129,0.006387517306307538,0.9284759050034586,0.019563776704225242,0.9968,0.00020916500663348478,0.78335,0.02083311666554001,0.0999909999099991,0.0,,,,,3333.0,0.0,61784.75079203382,4524.080539170522,33347026.954440296,5794471.661366121,58830.7221450912,1245.6379407489853,0.03149,0.016349145619878738,0.027575585636702593,0.0056761306301568405,0.03093754153979918,0.0001538635409877022,0.014823297644627679,0.004497682586038139
cicids,0.0,a1,none,rf,fixed,0.03,0.2,1.0,auto_malicious,accumulate,fixed_ratio,-1.0,-1.0,,5,0.07761,0.01096697599614406,0.9225095241955096,0.01025314767081397,0.7863404597383875,0.02242572433135113,0.8487660825054653,0.010498820021376885,0.9796699864229552,0.006751641083472992,0.9480285911920682,0.0031890994516061803,0.99685,0.0002850438562747304,0.8205,0.028920688961364616,0.2,0.0,,,,,7500.0,0.0,149431.46231161218,12757.61460101578,85283752.32757486,16108978.111610923,133600.64933369384,734.5992229389846,0.035945000000000005,0.0179274963394223,0.046510496879306175,0.010772256528476583,0.031145766227097804,9.168982394829988e-05,0.014823297644627679,0.004497682586038139
cicids,0.0,a1,none,rf,fixed,0.03,0.5,1.0,auto_malicious,accumulate,fixed_ratio,-1.0,-1.0,,5,0.090955,0.00987226860959526,0.9260598200534975,0.015268799233121987,0.7588734644038743,0.019528315592662236,0.8340169355782594,0.013343132330294974,0.9836412786739078,0.0024491437437371825,0.9464145722849896,0.008482182624817163,0.99695,0.0003259601202601029,0.8331,0.0387691887972911,0.5,0.0,,,,,30000.0,0.0,580238.7612032465,11692.819187093417,323697919.9181155,17052455.220782135,542609.3913440227,7965.549385335932,0.04929,0.013150767563150067,0.05006079273729429,0.014935681199866388,0.03109014898322242,0.00046953374388621397,0.014823297644627679,0.004497682586038139
cicids,0.0,a1,none,rf,fixed,0.05,0.02,1.0,auto_malicious,accumulate,fixed_ratio,-1.0,-1.0,,5,0.062685,0.013499185160593948,0.894382751074005,0.010534445683891957,0.8160071851071292,0.03138119618113755,0.853013266438927,0.01398458123094345,0.9731595406095485,0.010329958374392744,0.8972561678579662,0.005369457139501923,0.9967,0.0002738612787525685,0.78895,0.02915550977088209,0.0199921599372795,0.0,,,,,612.0,0.0,12119.10349611102,2888.0911916404375,6912710.516813025,3183028.401193949,11319.494289579274,686.0994856045807,0.02102,0.01696066589199846,0.018383723757801708,0.010168920776893055,0.048231209145673755,0.000821365570708544,0.014823297644627679,0.004497682586038139
cicids,0.0,a1,none,rf,fixed,0.05,0.05,1.0,auto_malicious,accumulate,fixed_ratio,-1.0,-1.0,,5,0.074595,0.012617378887867327,0.9055686147361595,0.02248144321692255,0.7900910465049286,0.026292358565450077,0.843520588325869,0.014909820884892634,0.9743512695549972,0.00852563912895199,0.9154254092690801,0.027529913799611703,0.9967500000000001,0.00024999999999997247,0.8036999999999999,0.0524724332387969,0.050001583330694446,0.0,,,,,1579.0,0.0,29558.867819552426,4052.214143173,16833182.84767838,5795271.045770614,29302.40172034334,1154.4045283619307,0.03293,0.004194207314857008,0.029569587419956234,0.022915656365693274,0.048301587178887766,0.0002286606837352439,0.014823297644627679,0.004497682586038139
cicids,0.0,a1,none,rf,fixed,0.05,0.1,1.0,auto_malicious,accumulate,fixed_ratio,-1.0,-1.0,,5,0.07085,0.0034329742935244904,0.9021966442409013,0.01261765918480369,0.797112483558949,0.007331362510693788,0.8463567467887264,0.006825597027738801,0.9788279097430493,0.0032481313541023577,0.9160249020059948,0.03241777144608554,0.9967500000000001,0.00017677669529659777,0.79265,0.011425847889762935,0.0999909999099991,0.0,,,,,3333.0,0.0,61821.50847534921,4455.333477934367,33515671.483463477,5587752.665050207,60339.76668339727,1177.739589965381,0.029185,0.012814940011564628,0.02619761692469804,0.0120934465293585,0.04831208956310181,0.0002483088800548396,0.014823297644627679,0.004497682586038139
cicids,0.0,a1,none,rf,fixed,0.05,0.2,1.0,auto_malicious,accumulate,fixed_ratio,-1.0,-1.0,,5,0.08452,0.006482028039124789,0.9262867796060631,0.013709249761326,0.7718664237542778,0.013640757274490318,0.8419797726816117,0.010573776372777552,0.9804224513658102,0.0036413971772697317,0.9478902467143187,0.004500627460443424,0.9970000000000001,0.00017677669529661742,0.8321500000000001,0.04015656857850278,0.2,0.0,,,,,7500.0,0.0,149614.59900925244,12814.118206684552,86103404.56637952,17006952.198939238,137169.11269819352,887.6357254845427,0.042855,0.014169414684453272,0.05028775228985975,0.012440147689861795,0.048520121340943884,0.0001660923013168247,0.014823297644627679,0.004497682586038139
cicids,0.0,a1,none,rf,fixed,0.07,0.02,1.0,auto_malicious,accumulate,fixed_ratio,-1.0,-1.0,,5,0.05807,0.01126420492089876,0.8913350085109831,0.008933494526594135,0.8263919886578813,0.027469335115923133,0.8574010299246231,0.014332329075835565,0.9662594950149955,0.016557176484028557,0.896702789946968,0.005444186743425215,0.99665,0.00013693063937627982,0.7802,0.024885613313720047,0.0199921599372795,0.0,,,,,612.0,0.0,12187.396092776256,2966.6150626167823,6870768.3958953945,2998169.718756019,11883.42507650439,784.0498359656783,0.016404999999999996,0.017658287714271727,0.015335981194779923,0.008819282855718645,0.06536318929610631,0.0009978578335485349,0.014823297644627679,0.004497682586038139
cicids,0.0,a1,none,rf,fixed,0.07,0.05,1.0,auto_malicious,accumulate,fixed_ratio,-1.0,-1.0,,5,0.07300999999999999,0.008055948888864677,0.9123774013131231,0.014251860037620247,0.7942855362707908,0.018429216165914277,0.8491418843789311,0.013395873274967359,0.9695243316851746,0.011025412649630254,0.9220659442010607,0.023562036250365372,0.9968,0.00020916500663349584,0.81745,0.03852531635171863,0.050001583330694446,0.0,,,,,1579.0,0.0,29611.655016755733,4046.59536706033,17126925.4683228,6059427.427520791,30465.84054248619,1252.3381215149066,0.031345,0.01670131357109374,0.03637837399691981,0.014266650748756214,0.06531899891207278,0.0005171224388795118,0.014823297644627679,0.004497682586038139
cicids,0.0,a1,none,rf,fixed,0.07,0.1,1.0,auto_malicious,accumulate,fixed_ratio,-1.0,-1.0,,5,0.06908,0.010370381502143491,0.9078382102618141,0.019991107247347123,0.802612326110747,0.023837574227246243,0.8517915705887044,0.01728615116330443,0.9797457734862608,0.004149337499743752,0.9213281069863962,0.03012343126257873,0.9968999999999999,0.00013693063937626968,0.8041499999999999,0.029604476012927514,0.0999909999099991,0.0,,,,,3333.0,0.0,61892.09432074963,4390.317780129584,33835932.97530514,5409258.662167833,62796.548277275906,1226.5674253600325,0.027415000000000002,0.009233678167447683,0.03183918294561074,0.018227316780720437,0.06526996504470065,0.0003883236142537559,0.014823297644627679,0.004497682586038139
cicids,0.0,a1,none,rf,fixed,0.07,0.2,1.0,auto_malicious,accumulate,fixed_ratio,-1.0,-1.0,,5,0.081665,0.007839196387385639,0.9091513333873713,0.002560938906053217,0.7747529358311158,0.015967337104321237,0.8364976461021746,0.00837683416001458,0.9809261360136177,0.0027633904755554246,0.9454922757666591,0.003559365601645425,0.9968999999999999,0.00013693063937627307,0.782,0.00826702788189323,0.2,0.0,,,,,7500.0,0.0,149881.63240030664,12878.972564770638,87380591.55521628,18039533.78749536,142879.496790247,1020.1234758047876,0.039999999999999994,0.01737180726061627,0.033152306071168015,0.004550033946886966,0.06549662205094067,0.00021863547520367126,0.014823297644627679,0.004497682586038139
cicids,0.0,a1,none,rf,fixed,0.1,0.005,1.0,auto_malicious,accumulate,fixed_ratio,-1.0,-1.0,,5,0.06268,0.0053982462429941125,0.8851584664018806,0.00411415096049055,0.8134587952222614,0.012744095773444668,0.8477388568710758,0.006272379188237266,0.9640762756342708,0.004611121163935396,0.8927830297440627,0.006668736391044328,0.99665,0.00013693063937627982,0.7654,0.005718937838445207,0.005008125766972903,0.0,,,,,151.0,0.0,2603.7984659070653,389.3789709575171,1192769.9955794574,313304.53611236124,2927.7359650291132,612.0602597216525,0.021015,0.012911266882068546,0.009159439085677224,0.0045485897208715695,0.09100813636040211,0.00225068477735353,0.014823297644627679,0.004497682586038139
cicids,0.0,a1,none,rf,fixed,0.1,0.01,1.0,auto_malicious,accumulate,fixed_ratio,-1.0,-1.0,,5,0.058835000000000005,0.00963766374698765,0.8833265785847451,0.002120380029654519,0.822956390034013,0.023670912763610497,0.8519265244984536,0.012582368784827597,0.9619758513009646,0.013692469252411917,0.8895549919299054,0.009616627509187306,0.9967500000000001,0.00017677669529659777,0.76315,0.007255601284524911,0.00999900999901,0.0,,,,,303.0,0.0,6552.415781645961,3080.393569491158,4688798.890045797,4243838.869587832,6076.32660807318,617.2290362690647,0.01717,0.01219771238798489,0.007327551268541765,0.0027610583285064935,0.09032301474981078,0.0012089672488565155,0.014823297644627679,0.004497682586038139
cicids,0.0,a1,none,rf,fixed,0.1,0.02,1.0,auto_malicious,accumulate,fixed_ratio,-1.0,-1.0,,5,0.05838,0.018995701816463637,0.8930696279484478,0.008753853954185561,0.8272688893585018,0.044120329822404596,0.8583041602827338,0.022611024543033695,0.9718163570965388,0.005849953960266654,0.896195526861886,0.008191711822179936,0.9964500000000001,0.0003259601202601437,0.7863,0.019785095400326025,0.0199921599372795,0.0,,,,,612.0,0.0,12307.320789742,3095.8453479108134,6861930.112892675,2743096.9898568303,13192.387636989482,1139.633036893736,0.016715,0.02531250679012255,0.01707060063224446,0.00727790605280096,0.09062948250900545,0.001058294797882487,0.014823297644627679,0.004497682586038139
cicids,0.0,a1,none,rf,fixed,0.1,0.05,1.0,auto_malicious,accumulate,fixed_ratio,-1.0,-1.0,,5,0.076715,0.013092132656675918,0.915327875496474,0.01628807754317616,0.7871091710591884,0.028584731866623282,0.8461434882897224,0.018870149562576342,0.9749912879954609,0.008936773668347662,0.9192529398201522,0.02659030607670538,0.9967500000000001,0.00017677669529661088,0.82965,0.042297532433937524,0.050001583330694446,0.0,,,,,1579.0,0.0,29726.55389126489,4042.261936636906,17735485.32105059,6509454.13524602,33178.616145945525,1574.8484125351927,0.03505,0.01552043008424702,0.039328848180270715,0.014566754011342603,0.09049369262974472,0.0006258473505364919,0.014823297644627679,0.004497682586038139
cicids,0.0,a1,none,rf,fixed,0.1,0.1,1.0,auto_malicious,accumulate,fixed_ratio,-1.0,-1.0,,5,0.073615,0.020408971679141505,0.9002999108373186,0.015283916955640771,0.7928398561994703,0.047476739249028156,0.842395105389792,0.024414427593901576,0.9733394605657777,0.004439414871983465,0.9159787871800784,0.034158294680596266,0.9967,0.0002091650066334826,0.7868999999999999,0.012362493680483708,0.0999909999099991,0.0,,,,,3333.0,0.0,62061.787599883784,4299.956128735649,34614595.32610985,5190158.158450952,68510.31004421125,1570.0058314763603,0.03195,0.016381258346049,0.024300883521115348,0.013496705732609079,0.09033014239475098,0.00040116880632878595,0.014823297644627679,0.004497682586038139
cicids,0.0,a1,none,rf,fixed,0.1,0.2,1.0,auto_malicious,accumulate,fixed_ratio,-1.0,-1.0,,5,0.091045,0.010963182703941407,0.9171597633136095,0.008401234679773474,0.7569559012344261,0.023734747129630477,0.8292979220552199,0.01724794180217537,0.9800655933371161,0.0030526114806990125,0.9459534240258243,0.00672549599592976,0.99685,0.00037914377220257144,0.80625,0.025712958795128964,0.2,0.0,,,,,7500.0,0.0,150440.51441940555,12992.01755690027,90196966.8798116,19850005.81616489,156055.85339588576,1178.5311829946752,0.04938,0.021291712002561,0.041160735997406175,0.005898643136827337,0.09055539550988481,0.00047915472598967053,0.014823297644627679,0.004497682586038139
cicids,0.0,a1,none,rf,fixed,0.1,0.5,1.0,auto_malicious,accumulate,fixed_ratio,-1.0,-1.0,,5,0.08198000000000001,0.014924187582578824,0.9338250790305584,0.005633489479719491,0.7794861715037997,0.031828363879158786,0.849398590707484,0.018271298987446793,0.9824244336143308,0.004807652765850168,0.9519483513949736,0.007515089698333968,0.99705,0.00020916500663349918,0.8509499999999999,0.01577319720285018,0.5,0.0,,,,,30000.0,0.0,583475.8063642879,11073.455081679755,344714098.1339331,20846694.66315956,637684.4068334086,14647.277168613786,0.040315000000000004,0.0216288262510937,0.057826051714355196,0.0065877439203644705,0.09030748479091491,0.0005496985549270746,0.014823297644627679,0.004497682586038139
cicids,0.0,a1,none,rf,fixed,0.2,0.02,1.0,auto_malicious,accumulate,fixed_ratio,-1.0,-1.0,,5,0.07104,0.0128029610832807,0.8949501499554187,0.005233670570595133,0.7961839201538694,0.028506445534317297,0.8424391260714701,0.015601047205493108,0.96950516738267,0.006497946767119798,0.8991468757205443,0.014904258943785656,0.99655,0.0003259601202601445,0.7888,0.01625615268136963,0.0199921599372795,0.0,,,,,612.0,0.0,12867.001194963623,3638.5789037966206,7354932.090704816,2125506.7211548975,25030.691880609473,6311.273106264983,0.029375000000000002,0.015256033642464218,0.01895112263921537,0.006116553711440994,0.17278407595355014,0.001653119537228816,0.014823297644627679,0.004497682586038139
cicids,0.0,a1,none,rf,fixed,0.2,0.05,1.0,auto_malicious,accumulate,fixed_ratio,-1.0,-1.0,,5,0.079245,0.011668231442682309,0.9012239604441923,0.01309598420481662,0.7786719361057677,0.027103997767307143,0.8353693944252448,0.020273174134523474,0.969913367917646,0.006549676457964144,0.9125201752363384,0.022894048897483053,0.9967,0.00020916500663348478,0.7935,0.02059505401789469,0.050001583330694446,0.0,,,,,1579.0,0.0,30424.384467469983,4066.532181099272,21473703.452810965,8533267.845134893,55703.258555710476,5967.455630102093,0.03758,0.013556068751669861,0.025224933127988968,0.014117348275536085,0.172613432715349,0.0006834934787439534,0.014823297644627679,0.004497682586038139
cicids,0.0,a1,none,rf,fixed,0.2,0.1,1.0,auto_malicious,accumulate,fixed_ratio,-1.0,-1.0,,5,0.077395,0.012791823560384188,0.9069141606549405,0.010652226102133434,0.784063582475687,0.026450510402028768,0.840785832898586,0.01545714273260515,0.9729289730080246,0.0043995078872809245,0.9208208439013144,0.029421746822669223,0.9968999999999999,0.00013693063937629502,0.80185,0.016022055111626594,0.0999909999099991,0.0,,,,,3333.0,0.0,63192.50826939436,4065.4326838390907,40288474.80603245,4902648.020038199,115665.54584945951,6403.69310005996,0.03573,0.010235926313724617,0.030915133338737123,0.011045274343147912,0.17262102139585886,0.0011179189204050218,0.014823297644627679,0.004497682586038139
cicids,0.0,a1,none,rf,fixed,0.2,0.2,1.0,auto_malicious,accumulate,fixed_ratio,-1.0,-1.0,,5,0.086105,0.006911050933107064,0.9107400502553296,0.014006379294593833,0.7655628451013129,0.014533112112897437,0.8317892443836106,0.011577010544493354,0.9760448970576314,0.001529284031309709,0.928337560525709,0.02382590661484021,0.9968999999999999,0.0002850438562747531,0.8055,0.02502748489161466,0.2,0.0,,,,,7500.0,0.0,153706.793094597,13509.467032846105,108935456.28930676,28546954.957875885,263883.40905851877,4228.540402405355,0.04444,0.014593904977763838,0.034741022939126176,0.0154647504657045,0.17261844716975427,0.0007211707097885766,0.014823297644627679,0.004497682586038139
cicids,0.0,a1,none,rf,fixed,0.3,0.005,1.0,auto_malicious,accumulate,fixed_ratio,-1.0,-1.0,,5,0.06121000000000001,0.013686336708557189,0.8869903542190161,0.012388121990130478,0.8183318377796678,0.03259935624877539,0.8509099118596414,0.016575174703002786,0.9688091653157169,0.006649044560229167,0.8927830297440627,0.024521751096477633,0.9967500000000001,0.00017677669529661088,0.77095,0.012095195327070977,0.005008125766972903,0.0,,,,,151.0,0.0,2809.9904960946974,487.2005266134528,1698596.898784522,409707.15356191143,8583.547715333396,2952.64256175229,0.019545,0.017185089831013398,0.010991326902812681,0.012520955895533096,0.25203698837677635,0.004780329592925123,0.014823297644627679,0.004497682586038139
cicids,0.0,a1,none,rf,fixed,0.3,0.01,1.0,auto_malicious,accumulate,fixed_ratio,-1.0,-1.0,,5,0.060955,0.01607680199853192,0.8829375050660614,0.007976064795294004,0.8184813558290334,0.040088170309890016,0.8491720396611173,0.024415682030980126,0.967704078584745,0.0081575945879273,0.875121051418031,0.02455674017254371,0.9966000000000002,0.0001369306393762646,0.7777499999999999,0.0075519037334966016,0.00999900999901,0.0,,,,,303.0,0.0,6651.331450411458,2537.6514575953593,6407844.960807691,4647024.669150561,20615.197714629925,6150.171898633098,0.019289999999999998,0.017616191061066523,0.006938477749858141,0.006246806686743223,0.25600611954755365,0.001993829362460773,0.014823297644627679,0.004497682586038139
cicids,0.0,a1,none,rf,fixed,0.3,0.02,1.0,auto_malicious,accumulate,fixed_ratio,-1.0,-1.0,,5,0.081665,0.003774569511878137,0.8859528248358597,0.005123609270358615,0.7699816769379122,0.007513705946752748,0.8238745050223646,0.0035514501111853594,0.9618970069709005,0.006862937559185063,0.8789946967950197,0.009435807842266232,0.99665,0.00013693063937627982,0.7828,0.018256334517092934,0.0199921599372795,0.0,,,,,612.0,0.0,13698.865185677161,4389.344851121651,8914760.881707793,2063220.082469918,52924.94411365865,13669.168423350622,0.039999999999999994,0.011247847016207143,0.00995379751965635,0.004059894985929717,0.2556677139142656,0.003195474555693172,0.014823297644627679,0.004497682586038139
cicids,0.0,a1,none,rf,fixed,0.3,0.05,1.0,auto_malicious,accumulate,fixed_ratio,-1.0,-1.0,,5,0.08863,0.006161584617612578,0.8935559698468023,0.015540169028231268,0.7567221843795903,0.01573833145361031,0.819454025060961,0.015415701140906637,0.9726498356569669,0.004330662244579634,0.8771501037583583,0.023098533772766393,0.99665,0.00013693063937627814,0.8082499999999999,0.030990421907421673,0.050001583330694446,0.0,,,,,1579.0,0.0,31631.81746559924,4159.244631954406,28976393.921039384,11561547.164988171,116944.59782558407,9673.526674793486,0.04696499999999999,0.012242364967603279,0.017556942530599008,0.015238669699631495,0.2542523958131831,0.001199204685458388,0.014823297644627679,0.004497682586038139
cicids,0.0,a1,none,rf,fixed,0.3,0.1,1.0,auto_malicious,accumulate,fixed_ratio,-1.0,-1.0,,5,0.084095,0.016368141693546032,0.9080651698143795,0.017125712014696582,0.7702346674519052,0.0365651364996483,0.8331671270781671,0.024688195720222645,0.9749428011266922,0.005617295117503886,0.9091537929444315,0.03255425828254531,0.99685,0.00013693063937627982,0.8181,0.052807906604977264,0.0999909999099991,0.0,,,,,3333.0,0.0,65239.70298121691,3950.1182884947107,52996316.28674309,5922869.437809111,247667.48829727946,23101.691237444575,0.04243,0.01920080076455146,0.03206614249817623,0.016256684735436053,0.25432074795894144,0.001477816928108505,0.014823297644627679,0.004497682586038139
cicids,0.0,a1,none,rf,fixed,0.3,0.2,1.0,auto_malicious,accumulate,fixed_ratio,-1.0,-1.0,,5,0.09331,0.010160640973875616,0.9056334603226068,0.009712372048131563,0.7501077281272724,0.018478492583842477,0.8203662266191998,0.0073352786970166855,0.9733908529221044,0.006615758963144169,0.9254323264929674,0.01885822940964981,0.99685,0.00013693063937627982,0.79295,0.010358269643140168,0.2,0.0,,,,,7500.0,0.0,159252.77069231152,14259.931766283506,149428172.77764982,43165436.93147296,582037.7986003909,14727.15780428285,0.051644999999999996,0.01710840802061957,0.029634433006403494,0.011136356335218645,0.25405201657983284,0.0008899257649412183,0.014823297644627679,0.004497682586038139
cicids,0.0,a1,none,rf,fixed,0.3,0.5,1.0,auto_malicious,accumulate,fixed_ratio,-1.0,-1.0,,5,0.09159,0.007459989108571132,0.937342952095323,0.02395881806161456,0.7595060826590931,0.017276012328029625,0.8390299158708014,0.01817279536138352,0.9813035705601039,0.004088185811859678,0.9495503804473138,0.007882465886026712,0.9968,0.00011180339887497304,0.8646499999999999,0.06589494479851997,0.5,0.0,,,,,30000.0,0.0,615751.4914078758,10027.645814565461,592723642.9865106,79801144.47014208,2354157.4899307713,109065.14488531544,0.049925000000000004,0.008002636284375295,0.06134392477911972,0.023183671681870306,0.25354973425167204,0.0009932369598495085,0.014823297644627679,0.004497682586038139
cicids,0.0,a1,none,rf,fixed,0.7,0.02,1.0,auto_malicious,accumulate,fixed_ratio,-1.0,-1.0,,5,0.081235,0.014839480701830506,0.8844613763475723,0.012651720200182555,0.7716777550870897,0.033813092088238024,0.8238821490919873,0.019440296429125824,0.9706888978276729,0.00906171566653192,0.8632234263315656,0.015769820881109425,0.9966000000000002,0.00013693063937626968,0.79535,0.02657571729982093,0.0199921599372795,0.0,,,,,612.0,0.0,20974.56990241011,10929.84601747455,60137563.659487106,16262415.444439486,283631.2596867584,51213.5953503645,0.03957,0.012166724600318691,0.008462349031369021,0.012812978599367869,0.5602404002212811,0.00394411356392307,0.014823297644627679,0.004497682586038139
cicids,0.0,a1,none,rf,fixed,0.7,0.05,1.0,auto_malicious,accumulate,fixed_ratio,-1.0,-1.0,,5,0.08004,0.012178318336289294,0.893393855880684,0.011576174539232702,0.7756997993719229,0.025339433914356994,0.8301233811230881,0.01271268129198366,0.9693144105130906,0.00963928668418207,0.8592575513027437,0.010232141051029158,0.99665,0.00013693063937627814,0.8271499999999999,0.0354553416285896,0.050001583330694446,0.0,,,,,1579.0,0.0,43107.54854736723,5606.046610363742,249939311.96552357,46827859.37199379,746455.5967403963,105177.90791436499,0.038375,0.00520315409151026,0.017394828564480803,0.01133720351445978,0.5599149552431368,0.0023256589969045537,0.014823297644627679,0.004497682586038139
cicids,0.0,a1,none,rf,fixed,0.7,0.1,1.0,auto_malicious,accumulate,fixed_ratio,-1.0,-1.0,,5,0.08604,0.013561694676551304,0.8716543730242361,0.009761832163042692,0.7584068973306135,0.030134003413133124,0.8108684840737762,0.0188412981046629,0.9639187881981034,0.010885113393839487,0.8159096149412036,0.04024314590856903,0.9968,0.0002738612787525411,0.80695,0.02715142721847232,0.0999909999099991,0.0,,,,,3333.0,0.0,85268.83709967462,5491.5000583182755,537804161.9664543,181937701.44938898,1573228.6430248183,66766.66092968805,0.044375,0.00902399578900611,-0.00434465429196722,0.010290023576147571,0.5598887757901366,0.002807437113195707,0.014823297644627679,0.004497682586038139
cicids,0.0,a1,none,rf,fixed,0.7,0.2,1.0,auto_malicious,accumulate,fixed_ratio,-1.0,-1.0,,5,0.095565,0.0037611750158693742,0.8936532382264731,0.042601247758832755,0.7423187444149202,0.012704432718703671,0.8107824369603378,0.024405685186587887,0.9706681012401719,0.005171009866436464,0.8549688724925064,0.07364903691916437,0.9968,0.00020916500663349695,0.83245,0.055393591687125675,0.2,0.0,,,,,7500.0,0.0,211062.36363149591,20818.078295637693,1868287606.662712,805623499.2105016,3543560.684475253,88106.43388769333,0.0539,0.007642009716036745,0.01765421091026993,0.04207628094320457,0.5591151059912843,0.002375584700335965,0.014823297644627679,0.004497682586038139
cicids,0.0,a1,none,rf,fixed,1.5,0.005,1.0,auto_malicious,accumulate,fixed_ratio,-1.0,-1.0,,5,0.057830000000000006,0.019536435511627998,0.8829537164626732,0.0023673635189284483,0.8271744114859132,0.047753330324999024,0.8535328010543989,0.024732358589542286,0.9607090966199238,0.001635000990813047,0.8743370993774497,0.012060591958148048,0.9968,0.00011180339887498338,0.77845,0.0069223370331124275,0.005008125766972903,0.0,,,,,151.0,0.0,10613.78103041286,3273.5300838300655,3304387496.963252,4555417896.034103,217537.62975968164,65961.2090493337,0.016165,0.026902744980763574,0.00695468914646995,0.0034856387710554488,1.0610277222805933,0.011703186184324435,0.014823297644627679,0.004497682586038139
cicids,0.0,a1,none,rf,fixed,1.5,0.01,1.0,auto_malicious,accumulate,fixed_ratio,-1.0,-1.0,,5,0.053385,0.008467042724588083,0.8801815676420525,0.0025409780490484616,0.8361041347903452,0.02112142692913176,0.8574651487668714,0.0113850066428947,0.9557624173218773,0.013631040948529783,0.8748443624625317,0.007892576368466318,0.9967500000000001,0.00030618621784785977,0.7694,0.007567611908653898,0.00999900999901,0.0,,,,,303.0,0.0,24614.063055306484,4030.6758074710788,12276065314.079853,5847288840.541371,447207.9440489264,83152.13785909039,0.01172,0.0161252945709528,0.00418254032584906,0.002071794922422531,1.0628672291709718,0.011936518836918472,0.014823297644627679,0.004497682586038139
cicids,0.0,a1,none,rf,fixed,1.5,0.02,1.0,auto_malicious,accumulate,fixed_ratio,-1.0,-1.0,,5,0.06359000000000001,0.01294338151334496,0.8767123287671232,0.008461238695252298,0.8105297056184912,0.031385966159579295,0.8420842005449323,0.018365254854124127,0.9582951171273406,0.007811886170131253,0.862393359465068,0.019863797331756198,0.99665,0.00013693063937627982,0.7723,0.007807048097712725,0.0199921599372795,0.0,,,,,612.0,0.0,98940.07301470924,83445.30878316435,24474804854.277946,6410849409.020047,912139.8116799912,126571.27116439654,0.021925,0.021047067788649326,0.0007133014509199676,0.007410266452883349,1.0621106413443386,0.005641409246522165,0.014823297644627679,0.004497682586038139
cicids,0.0,a1,none,rf,fixed,1.5,0.05,1.0,auto_malicious,accumulate,fixed_ratio,-1.0,-1.0,,5,0.072685,0.013183744725987379,0.869968387776607,0.011484576029187196,0.7879631473168145,0.02917547905770498,0.8265444628151484,0.011668160370467383,0.9637506559536355,0.005996441579143715,0.8524325570670971,0.005338177036103415,0.9967500000000001,0.00017677669529661742,0.7622,0.031985543609574604,0.050001583330694446,0.0,,,,,1579.0,0.0,158619.97526431072,30851.991871312915,80868122723.12476,10512015416.616175,2373981.765436852,133603.0697349258,0.03102,0.008233191209974415,-0.006030639539596328,0.010817175108497432,1.0591578042930059,0.003382434180750285,0.014823297644627679,0.004497682586038139
cicids,0.0,a1,none,rf,fixed,1.5,0.1,1.0,auto_malicious,accumulate,fixed_ratio,-1.0,-1.0,,5,0.07314000000000001,0.014870677943523626,0.8590094836670179,0.009273606120351894,0.7850307785322223,0.03402520505742941,0.8199167958478217,0.015325161719436648,0.963404715287347,0.01254862738097043,0.7787871800783952,0.03563679632945866,0.9968,0.00020916500663349918,0.8082,0.020155179235124648,0.0999909999099991,0.0,,,,,3333.0,0.0,283287.5024998661,42733.0133290553,145358492164.01535,13861996342.258701,5082536.430021493,184590.24799097262,0.031474999999999996,0.014083578646778665,-0.01698954364918539,0.008816339673390657,1.0581742146559063,0.004909940435617107,0.014823297644627679,0.004497682586038139
cicids,0.0,a1,none,rf,fixed,1.5,0.2,1.0,auto_malicious,accumulate,fixed_ratio,-1.0,-1.0,,5,0.07909999999999999,0.011525772750666227,0.8410958904109588,0.017525993097934543,0.7670128126317519,0.026022661793354832,0.8021081188379048,0.016674886198975076,0.9629877046688822,0.004173917295001139,0.7321650910767812,0.027214878522068213,0.99685,0.0001369306393762866,0.80345,0.029174260916088372,0.2,0.0,,,,,7500.0,0.0,736205.1353697837,158684.93116664747,348761621867.74164,51400058939.42561,11414139.562302968,342360.14474982495,0.037434999999999996,0.015313756070931784,-0.0349031369052444,0.015460076384269593,1.0542563956797593,0.007642580544496134,0.014823297644627679,0.004497682586038139
cicids,0.0,a1,none,rf,fixed,1.5,0.5,1.0,auto_malicious,accumulate,fixed_ratio,-1.0,-1.0,,5,0.08383499999999999,0.0072851647201693384,0.8919510415822323,0.025450537392365233,0.7666093175122825,0.015948124982584806,0.8243877094383183,0.016031431241713225,0.9756401943341169,0.00398880358429598,0.8612404888171546,0.053935226959910494,0.9968999999999999,0.0002850438562747539,0.8202999999999999,0.06267859483109045,0.5,0.0,,,,,30000.0,0.0,2774338.682791662,280959.5641101734,1417698133748.128,115056440679.49184,45716095.170538776,813001.0981836162,0.04217,0.008923939012566143,0.01595201426602899,0.026228253698249538,1.05365202140995,0.005489799409301666,0.014823297644627679,0.004497682586038139
cicids,0.0,a1,none,rf,recalibrated,0.0,0.005,1.0,auto_malicious,accumulate,fixed_ratio,-1.0,-1.0,,5,0.009644999999999999,0.0002458403953787899,0.8385020669530681,0.021110372732747573,0.9640225349013299,0.0014864067373809905,0.8967889716657405,0.012740728804354133,0.9506390109021643,0.013130536348763367,0.8188609637998617,0.01776139325001276,0.99555,0.0004472135954999921,0.70275,0.04710327748681613,0.005008125766972903,0.0,,,,,151.0,0.0,2554.8,353.0838427342718,1138698.0,313722.524187378,2698.3512782,579.228181638646,2.4999999999999327e-05,0.00033680483963268755,0.028856285969036242,0.033677737693256285,0.010602133547744839,0.0017507027543012625,0.0006087658978354054,0.030293837226850386
cicids,0.0,a1,none,rf,recalibrated,0.0,0.01,1.0,auto_malicious,accumulate,fixed_ratio,-1.0,-1.0,,5,0.009665,0.0003223933932325537,0.8275593742400907,0.04526757104917659,0.9634219476018405,0.0025062207767970945,0.8898419343691168,0.027625293927900123,0.9518949694009888,0.018116489917571404,0.8152178925524556,0.023802018973891753,0.9955,0.0007500000000000254,0.673,0.11746262703515531,0.00999900999901,0.0,,,,,303.0,0.0,6627.6,3372.8405387744024,4401951.4,4210816.563319138,5356.370484000001,528.1902873044207,4.4999999999999556e-05,0.0006253499020548417,0.017913593256059034,0.033316441470061596,0.010494820840572353,0.0015766567866756492,0.0006087658978354054,0.030293837226850386
cicids,0.0,a1,none,rf,recalibrated,0.0,0.02,1.0,auto_malicious,accumulate,fixed_ratio,-1.0,-1.0,,5,0.009915,6.754628043053161e-05,0.8088514225500527,0.023620525024329517,0.9617502552238986,0.0011304136231698918,0.8785613831078807,0.01443681405840017,0.9433947381859447,0.015524230185485231,0.7858427484436247,0.010257828149153244,0.9942,0.0007582875444051675,0.64845,0.07160032297413191,0.0199921599372795,0.0,,,,,612.0,0.0,11988.0,2716.487805972999,7140254.0,3694386.577159529,10762.414079400001,708.0651730377367,0.0002949999999999998,0.0004277119357698592,-0.000794358433979081,0.03541213446040571,0.010353908058669573,0.0011912963121897856,0.0006087658978354054,0.030293837226850386
cicids,0.0,a1,none,rf,recalibrated,0.0,0.05,1.0,auto_malicious,accumulate,fixed_ratio,-1.0,-1.0,,5,0.009755,0.00027522717889045726,0.77610440139418,0.05015152819031465,0.960766985547951,0.0015790449626399317,0.8579394625025527,0.03149740074506692,0.9311296536840399,0.011992464258453864,0.7716854968872493,0.027747275808999067,0.99405,0.0007373940601876335,0.5629500000000001,0.13359446564135805,0.050001583330694446,0.0,,,,,1579.0,0.0,29510.0,4075.350353037147,16468649.2,5254777.720617086,28307.0940114,1265.778634492983,0.0001349999999999997,0.0006859300255857009,-0.033541379589851636,0.05049874114414614,0.010431682190518916,0.0002744500307690419,0.0006087658978354054,0.030293837226850386
cicids,0.0,a1,none,rf,recalibrated,0.0,0.1,1.0,auto_malicious,accumulate,fixed_ratio,-1.0,-1.0,,5,0.009965,5.184110338331928e-05,0.7494042311745157,0.025994065814268563,0.9586343933500151,0.0012961205102263772,0.8410190779941253,0.01693827089800344,0.9137178163248765,0.001999882402370114,0.7742679271385751,0.02427114455714973,0.9938,0.0007373940601875982,0.47805,0.05812255371196279,0.0999909999099991,0.0,,,,,3333.0,0.0,61792.8,4634.075064130921,33370635.6,6164406.520400588,58213.56745740001,1510.2799995067382,0.0003449999999999995,0.00048198807039178895,-0.06024154980951606,0.03530259141427496,0.010522984119221288,0.0002878980498117887,0.0006087658978354054,0.030293837226850386
cicids,0.0,a1,none,rf,recalibrated,0.0,0.2,1.0,auto_malicious,accumulate,fixed_ratio,-1.0,-1.0,,5,0.00999,2.2360679774997857e-05,0.6697576396206533,0.036117931127905886,0.9537751106650273,0.0022959085884170162,0.7865210841319575,0.02558526263824192,0.8651578943422227,0.014445440634812179,0.7515333179617247,0.027625436625527276,0.9925,0.001311011060212655,0.25834999999999997,0.10732043141918503,0.2,0.0,,,,,7500.0,0.0,149313.4,12688.47017177406,84889593.6,15012718.485969665,131937.0163472,526.3872013475903,0.00036999999999999983,0.0004751315607281842,-0.13988814136337843,0.015396069281344385,0.011071405657643656,0.00034551968343434235,0.0006087658978354054,0.030293837226850386
cicids,0.0,a1,none,rf,recalibrated,0.0,0.5,1.0,auto_malicious,accumulate,fixed_ratio,-1.0,-1.0,,5,0.009995,1.1180339887499616e-05,0.5279727648536922,0.012910548019656945,0.9421453274295312,0.001356550928934087,0.6766509311236005,0.010984062549524384,0.6884635302342547,0.011185629739276452,0.5928522019829374,0.03853672555965691,0.98105,0.004075076686394991,0.00455,0.0064114156003179205,0.5,0.0,,,,,30000.0,0.0,580076.0,11994.591677085145,321350703.6,16471987.633616712,534067.1535051999,6011.250187997705,0.00037499999999999963,0.0004568916720624266,-0.2816730161303396,0.03800513778042381,0.010793520647202747,0.0012377923938563728,0.0006087658978354054,0.030293837226850386
cicids,0.0,a1,none,rf,recalibrated,0.01,0.005,1.0,auto_malicious,accumulate,fixed_ratio,-1.0,-1.0,,5,0.00978,0.00014075688260259197,0.8354543243900462,0.04357576216226419,0.9633523283794982,0.0020754908912008737,0.8943954542706795,0.026589260740084174,0.9666018077733647,0.005011481201324319,0.8248097763430943,0.025212519330837152,0.9955,0.0003061862178478711,0.6869500000000001,0.10761525797952627,0.005008125766972903,0.0,,,,,151.0,0.0,2558.128143062796,356.36484773361684,1139349.0459932424,311530.7096576008,2678.681792929915,575.290914092047,0.0001599999999999994,0.0005334439989352216,0.02580854340601446,0.05049338045546621,0.014301275655447476,0.0015652003985709465,0.0006087658978354054,0.030293837226850386
cicids,0.0,a1,none,rf,recalibrated,0.01,0.01,1.0,auto_malicious,accumulate,fixed_ratio,-1.0,-1.0,,5,0.0098,0.00021139418156609658,0.846883359001378,0.022455564067926315,0.9638230770034022,0.0010314910185229803,0.9014569610328728,0.013131231930825842,0.9666224775066873,0.008845480599144367,0.8228268388286833,0.035997119093336444,0.9957499999999999,0.0007705517503711438,0.7241,0.03293487892796937,0.00999900999901,0.0,,,,,303.0,0.0,6616.435412371318,3342.8881840015265,4418617.861672556,4211141.378332615,5343.785678181653,525.42761614486,0.00017999999999999925,0.0003894707947972483,0.037237578017346194,0.031864550609138356,0.01428035207804062,0.0009875441560807624,0.0006087658978354054,0.030293837226850386
cicids,0.0,a1,none,rf,recalibrated,0.01,0.02,1.0,auto_malicious,accumulate,fixed_ratio,-1.0,-1.0,,5,0.009765,0.00040062451248020257,0.7915052281754072,0.014571038291162235,0.9615191549267215,0.0019426004421688506,0.868218719813948,0.009375149544118383,0.960783032747021,0.004634143656454927,0.7742679271385751,0.01830633714506988,0.9948499999999999,0.0003791437722025931,0.60685,0.03627568055874349,0.0199921599372795,0.0,,,,,612.0,0.0,12009.762641639174,2748.113987102125,7080794.702525869,3586579.9100903803,10785.035215267071,685.1806815533193,0.00014499999999999965,0.0006418722614352489,-0.018140552808624456,0.0287397818264031,0.013824327365341147,0.00094761901401091,0.0006087658978354054,0.030293837226850386
cicids,0.0,a1,none,rf,recalibrated,0.01,0.05,1.0,auto_malicious,accumulate,fixed_ratio,-1.0,-1.0,,5,0.009925,0.00010307764064044154,0.8053821836751236,0.021417687722725526,0.9615552917572974,0.0012387452107254248,0.8764535330113068,0.01333696309518962,0.9739360154413553,0.003354279680466843,0.786396126354623,0.019880651806352276,0.9945499999999999,0.0013038404810405224,0.6368,0.048333283045950866,0.050001583330694446,0.0,,,,,1579.0,0.0,29510.271582257228,4069.7127796422674,16500166.78967851,5349382.086064038,28298.99428529139,1204.818788898185,0.0003049999999999997,0.0005269013190342196,-0.004263597308908152,0.03724304199341185,0.01394801833031802,0.0003100767128816751,0.0006087658978354054,0.030293837226850386
cicids,0.0,a1,none,rf,recalibrated,0.01,0.1,1.0,auto_malicious,accumulate,fixed_ratio,-1.0,-1.0,,5,0.009174999999999999,0.0008651228236499142,0.8063710788684446,0.04674105086017606,0.9643803707052971,0.0033324928535427324,0.877757299179773,0.028368282233781413,0.9738886108859528,0.006762342723949581,0.7938206133271847,0.037475709168929026,0.9948,0.0010368220676664308,0.6315500000000001,0.10645735648605968,0.0999909999099991,0.0,,,,,3333.0,0.0,61781.70453858866,4596.501385858683,33326201.774431296,6032465.265370412,58204.77196170384,1403.5832410493933,-0.0004450000000000001,0.0009955212202660479,-0.0032747021155872247,0.04400620114883218,0.013918432479111943,0.0001366717551793116,0.0006087658978354054,0.030293837226850386
cicids,0.0,a1,none,rf,recalibrated,0.01,0.2,1.0,auto_malicious,accumulate,fixed_ratio,-1.0,-1.0,,5,0.009845,0.00011911129249571556,0.7562292291480912,0.09390918681647137,0.9589839863017808,0.00546108743942626,0.8432468560938728,0.0615765336427109,0.9792674866255979,0.004746927780239278,0.7811390362001382,0.03608260440112279,0.99465,0.0013986600730698968,0.49079999999999996,0.25709734294620784,0.2,0.0,,,,,7500.0,0.0,149331.90360752348,12709.438015226477,84910438.75240807,15344473.783349944,132013.7673440763,582.1496107188284,0.0002249999999999995,0.0005329751401331959,-0.05341655183594061,0.07927795621699643,0.014381144035069316,0.0001896810596740979,0.0006087658978354054,0.030293837226850386
cicids,0.0,a1,none,rf,recalibrated,0.01,0.5,1.0,auto_malicious,accumulate,fixed_ratio,-1.0,-1.0,,5,0.009595000000000001,0.0008233696010905428,0.8192105049850046,0.03993015406197014,0.9633957921149442,0.0030158327302971253,0.8850594435622139,0.023878285520046897,0.9795282349841938,0.0035808364167371617,0.7965875028821766,0.024652784947356735,0.9945,0.0006123724356957993,0.66845,0.10268662887640244,0.5,0.0,,,,,30000.0,0.0,580048.9528002916,11891.57258732133,321709119.14404047,16598278.427047273,534996.9961805808,6634.270985165277,-2.500000000000037e-05,0.00043981530214397935,0.009564724000972724,0.041693398808923386,0.014164875736472057,0.0009121675486512246,0.0006087658978354054,0.030293837226850386
cicids,0.0,a1,none,rf,recalibrated,0.02,0.02,1.0,auto_malicious,accumulate,fixed_ratio,-1.0,-1.0,,5,0.00982,0.00018658108157045298,0.7920239928669854,0.02237447310795127,0.9613212372836859,0.0016247285808247323,0.8683764746584647,0.01412411151932554,0.9711401205722623,0.0063110771224990205,0.7757897163938207,0.012623380836347925,0.9945499999999999,0.0007582875444051727,0.6071,0.06320146359064793,0.0199921599372795,0.0,,,,,612.0,0.0,12033.737767085262,2781.0559625107135,7028315.551019445,3481528.475681359,10850.715220203178,669.4417489648413,0.00019999999999999982,0.0005681659088681758,-0.017621788117046268,0.03430150136027462,0.022049220694563384,0.0005610617872495871,0.0006087658978354054,0.030293837226850386
cicids,0.0,a1,none,rf,recalibrated,0.02,0.05,1.0,auto_malicious,accumulate,fixed_ratio,-1.0,-1.0,,5,0.009615,0.00021549361939509915,0.8048796303801573,0.0345205884470273,0.9626469946470202,0.0021175542148706606,0.8764327859322124,0.021307425538145613,0.9759691217475887,0.003234207583119471,0.7912842979017755,0.02841043817856815,0.9949999999999999,0.000750000000000013,0.6295,0.0781512955746736,0.050001583330694446,0.0,,,,,1579.0,0.0,29515.298114841316,4064.5734928600846,16552245.065613504,5450708.327413615,28393.122755347616,1162.8505991263335,-5.00000000000049e-06,0.0004941533162895901,-0.004766150603874486,0.02605893131092358,0.022169130237940593,0.0002221009707143897,0.0006087658978354054,0.030293837226850386
cicids,0.0,a1,none,rf,recalibrated,0.02,0.1,1.0,auto_malicious,accumulate,fixed_ratio,-1.0,-1.0,,5,0.009935,0.00014534441853748632,0.8143957201912946,0.029372415743155696,0.9619200579198519,0.0012547613611723003,0.8818193833774961,0.01765569755160864,0.9733235053092324,0.009828534482177293,0.7899930827761125,0.03482066349122486,0.99475,0.0011180339887498694,0.6605000000000001,0.059745031174148706,0.0999909999099991,0.0,,,,,3333.0,0.0,61779.01896206938,4559.834730871519,33318287.8231197,5909330.998766077,58409.831090978485,1314.7598691877843,0.00031499999999999963,0.00033800887562311145,0.004749939207262766,0.02630193561708434,0.022056280869158444,7.378220164854701e-05,0.0006087658978354054,0.030293837226850386
cicids,0.0,a1,none,rf,recalibrated,0.02,0.2,1.0,auto_malicious,accumulate,fixed_ratio,-1.0,-1.0,,5,0.009845000000000001,0.0003193743884534264,0.7963686471589527,0.07184761765195603,0.9612775157306063,0.002822003760777037,0.8697443402907172,0.04470705770265726,0.9803037006565616,0.005427185857781059,0.7956190915379294,0.05022722812662145,0.9946999999999999,0.0012170661444638167,0.59885,0.17762782369324912,0.2,0.0,,,,,7500.0,0.0,149371.250458094,12732.486077443713,85041725.22535633,15710001.245958999,132566.08245103466,655.5330772914664,0.00022499999999999986,0.0005326818938165629,-0.013277133825079024,0.06287768912517198,0.02234033452151998,0.00011141610457524909,0.0006087658978354054,0.030293837226850386
cicids,0.0,a1,none,rf,recalibrated,0.03,0.005,1.0,auto_malicious,accumulate,fixed_ratio,-1.0,-1.0,,5,0.00988,0.00022734885088779202,0.8404960687363217,0.025091516094305388,0.9632563345929117,0.0015464531883235448,0.8975510229631901,0.01514093341043222,0.9665917019940018,0.009011142379387174,0.8203366382291908,0.021754397249789083,0.9955999999999999,0.00045414755311465316,0.7072499999999999,0.054724594562225844,0.005008125766972903,0.0,,,,,151.0,0.0,2565.830159865968,363.15663049556264,1143773.6635689307,308700.8424937188,2668.328988626062,571.6831942376314,0.0002599999999999998,0.0005949264660443336,0.030850287752289908,0.03506061686384161,0.031457928635491225,0.0012982695179744924,0.0006087658978354054,0.030293837226850386
cicids,0.0,a1,none,rf,recalibrated,0.03,0.01,1.0,auto_malicious,accumulate,fixed_ratio,-1.0,-1.0,,5,0.00959,0.0003826715301665393,0.8421820539839506,0.0345163819419709,0.9643824360576343,0.0009629916797907279,0.8988479504556455,0.020259479488052217,0.9702088528410473,0.009176462226604235,0.823656905695181,0.02649666966091415,0.99565,0.0007623975340988434,0.7088,0.08422707403204743,0.00999900999901,0.0,,,,,303.0,0.0,6596.537403527589,3283.4675696516033,4459582.802404496,4213872.557463225,5372.141452362924,526.5446936571681,-3.0000000000000512e-05,0.00038866759576790065,0.03253627299991897,0.0247296606013707,0.030986235436547927,0.0007461059245050142,0.0006087658978354054,0.030293837226850386
cicids,0.0,a1,none,rf,recalibrated,0.03,0.02,1.0,auto_malicious,accumulate,fixed_ratio,-1.0,-1.0,,5,0.009655,0.00032853843001999007,0.7929480424738591,0.02341057019790325,0.9619941189368337,0.0017259975326350768,0.869190643920912,0.014696300190596426,0.9640211674231984,0.007666576253410823,0.7803550841595573,0.022689361330588145,0.99475,0.000306186217847907,0.6048,0.049952602534802895,0.0199921599372795,0.0,,,,,612.0,0.0,12059.941543237095,2815.345023036833,6982802.8105715765,3379241.1439948264,10960.481066568265,662.5230733000884,3.499999999999996e-05,0.0006897916352058785,-0.016697738510172644,0.04340266530593962,0.030852270334861414,0.000619118624438891,0.0006087658978354054,0.030293837226850386
cicids,0.0,a1,none,rf,recalibrated,0.03,0.05,1.0,auto_malicious,accumulate,fixed_ratio,-1.0,-1.0,,5,0.009665,0.0003184925430838225,0.7886195995785037,0.04557246049111995,0.9616784891968928,0.0026691493652978653,0.8660719665326265,0.028311538787003994,0.9756864312636783,0.006879832266691062,0.7782799169933133,0.04222296477975356,0.9948,0.0007582875444051777,0.59365,0.10202658967151651,0.050001583330694446,0.0,,,,,1579.0,0.0,29525.074694692972,4059.939463296699,16624984.364493098,5558770.656404073,28590.24207489765,1140.139001020175,4.4999999999999556e-05,0.0007096213779192403,-0.021026181405528078,0.032561842145894554,0.03093057459041746,0.0002019856688058073,0.0006087658978354054,0.030293837226850386
cicids,0.0,a1,none,rf,recalibrated,0.03,0.1,1.0,auto_malicious,accumulate,fixed_ratio,-1.0,-1.0,,5,0.00969,0.0005014354395134037,0.8091594390856773,0.0520922336240673,0.9625934363875814,0.0009191523052060468,0.8785048129331363,0.03178907580563659,0.9761602616114129,0.006387517306307538,0.7904542310352778,0.04274629204273306,0.99475,0.0011039701082909735,0.6438499999999999,0.11469832714560402,0.0999909999099991,0.0,,,,,3333.0,0.0,61784.75079203382,4524.080539170522,33347026.954440296,5794471.661366121,58830.7221450912,1245.6379407489853,6.999999999999993e-05,0.0006401659940984053,-0.00048634189835450314,0.05300788943875713,0.03093754153979918,0.0001538635409877022,0.0006087658978354054,0.030293837226850386
cicids,0.0,a1,none,rf,recalibrated,0.03,0.2,1.0,auto_malicious,accumulate,fixed_ratio,-1.0,-1.0,,5,0.009850000000000001,0.000225,0.79786009564724,0.0720277934029069,0.9612581351074436,0.003787786086995335,0.8706558886698532,0.04518988389523593,0.9796699864229552,0.006751641083472992,0.7869033894397048,0.04923429903574156,0.9946999999999999,0.0012298373876248841,0.6129,0.18258222462770027,0.2,0.0,,,,,7500.0,0.0,149431.46231161218,12757.61460101578,85283752.32757486,16108978.111610923,133600.64933369384,734.5992229389846,0.0002299999999999993,0.0005745650528878347,-0.011785685336791741,0.05806491394712638,0.031145766227097804,9.168982394829988e-05,0.0006087658978354054,0.030293837226850386
cicids,0.0,a1,none,rf,recalibrated,0.03,0.5,1.0,auto_malicious,accumulate,fixed_ratio,-1.0,-1.0,,5,0.009940000000000001,7.202430145443967e-05,0.8206857420766799,0.03815138738287081,0.9621566099237043,0.0016065509483150847,0.8854438356701657,0.02349445971624859,0.9836412786739078,0.0024491437437371825,0.8133732995157944,0.022767721325345366,0.99495,0.0008551315688244298,0.65435,0.10881084504772487,0.5,0.0,,,,,30000.0,0.0,580238.7612032465,11692.819187093417,323697919.9181155,17052455.220782135,542609.3913440227,7965.549385335932,0.00031999999999999943,0.00042624816715148455,0.011039961092648154,0.021286943465604447,0.03109014898322242,0.00046953374388621397,0.0006087658978354054,0.030293837226850386
cicids,0.0,a1,none,rf,recalibrated,0.05,0.02,1.0,auto_malicious,accumulate,fixed_ratio,-1.0,-1.0,,5,0.009745,0.0001643167672515496,0.7850693037205155,0.03247556902763827,0.9612578063614967,0.0017866908093106388,0.8640085837423301,0.02026965631271303,0.9731595406095485,0.010329958374392744,0.7664745215586811,0.013462844132666294,0.9945,0.0006846531968814726,0.5958,0.08800823825074562,0.0199921599372795,0.0,,,,,612.0,0.0,12119.10349611102,2888.0911916404375,6912710.516813025,3183028.401193949,11319.494289579274,686.0994856045807,0.00012499999999999976,0.0004430011286667339,-0.02457647726351624,0.04729455817790765,0.048231209145673755,0.000821365570708544,0.0006087658978354054,0.030293837226850386
cicids,0.0,a1,none,rf,recalibrated,0.05,0.05,1.0,auto_malicious,accumulate,fixed_ratio,-1.0,-1.0,,5,0.009604999999999999,0.00042661458015403117,0.8044257112750263,0.043442285707228225,0.9626542519391897,0.002483805943464997,0.8759827916141962,0.02661093841498612,0.9743512695549972,0.00852563912895199,0.7861655522250404,0.02975058599753039,0.99495,0.0007984359711335669,0.6336999999999999,0.10396700197658869,0.050001583330694446,0.0,,,,,1579.0,0.0,29558.867819552426,4052.214143173,16833182.84767838,5795271.045770614,29302.40172034334,1154.4045283619307,-1.5000000000000429e-05,0.0007092249290598865,-0.005220069709005437,0.04014557701789017,0.048301587178887766,0.0002286606837352439,0.0006087658978354054,0.030293837226850386
cicids,0.0,a1,none,rf,recalibrated,0.05,0.1,1.0,auto_malicious,accumulate,fixed_ratio,-1.0,-1.0,,5,0.009850000000000001,0.0002828427124746192,0.8070681689227527,0.038161116280013,0.9618702100495276,0.0021093755482038514,0.8773367173708262,0.023318872486575524,0.9788279097430493,0.0032481313541023577,0.7800322803781417,0.0538527586540312,0.9948,0.0009585144756340591,0.64865,0.0696093115179284,0.0999909999099991,0.0,,,,,3333.0,0.0,61821.50847534921,4455.333477934367,33515671.483463477,5587752.665050207,60339.76668339727,1177.739589965381,0.00023,0.0005922415047934418,-0.0025776120612790443,0.02685723782897579,0.04831208956310181,0.0002483088800548396,0.0006087658978354054,0.030293837226850386
cicids,0.0,a1,none,rf,recalibrated,0.05,0.2,1.0,auto_malicious,accumulate,fixed_ratio,-1.0,-1.0,,5,0.009825,0.00017410485346480164,0.7964497041420119,0.06277755801756878,0.961378139222744,0.00277409434793975,0.8701834480420917,0.03850049614808738,0.9804224513658102,0.0036413971772697317,0.7908231496426101,0.061127241312202395,0.9948,0.0008366600265340893,0.6042,0.12986476138660555,0.2,0.0,,,,,7500.0,0.0,149614.59900925244,12814.118206684552,86103404.56637952,17006952.198939238,137169.11269819352,887.6357254845427,0.00020499999999999997,0.00032567238138964176,-0.01319607684201991,0.056638690890436945,0.048520121340943884,0.0001660923013168247,0.0006087658978354054,0.030293837226850386
cicids,0.0,a1,none,rf,recalibrated,0.07,0.02,1.0,auto_malicious,accumulate,fixed_ratio,-1.0,-1.0,,5,0.009770000000000001,0.00032519225083018244,0.7715489989462592,0.021953472453740193,0.960517331332046,0.0022334227265274993,0.8556107902368298,0.014205836128309212,0.9662594950149955,0.016557176484028557,0.7645838136961033,0.010581317874644927,0.9942500000000001,0.0005590169943749453,0.5564,0.05758705366660116,0.0199921599372795,0.0,,,,,612.0,0.0,12187.396092776256,2966.6150626167823,6870768.3958953945,2998169.718756019,11883.42507650439,784.0498359656783,0.0001499999999999998,0.0006955213871621782,-0.03809678203777256,0.03983664162780061,0.06536318929610631,0.0009978578335485349,0.0006087658978354054,0.030293837226850386
cicids,0.0,a1,none,rf,recalibrated,0.07,0.05,1.0,auto_malicious,accumulate,fixed_ratio,-1.0,-1.0,,5,0.0099,0.00012990381056766538,0.7945853935316528,0.034967253459765986,0.9611035917175034,0.0020497948309273735,0.8696462015786182,0.021743740146842435,0.9695243316851746,0.011025412649630254,0.7857966336177081,0.014248100681334827,0.99475,0.0007288689868556378,0.60395,0.10252673431842056,0.050001583330694446,0.0,,,,,1579.0,0.0,29611.655016755733,4046.59536706033,17126925.4683228,6059427.427520791,30465.84054248619,1252.3381215149066,0.0002799999999999993,0.0005339709729938511,-0.015060387452379009,0.014331782340954143,0.06531899891207278,0.0005171224388795118,0.0006087658978354054,0.030293837226850386
cicids,0.0,a1,none,rf,recalibrated,0.07,0.1,1.0,auto_malicious,accumulate,fixed_ratio,-1.0,-1.0,,5,0.009535,0.0006850182479321267,0.7962875901758937,0.053272336487932,0.9624572594699743,0.004109822666429703,0.870836216289898,0.033035227092066737,0.9797457734862608,0.004149337499743752,0.7935439243716855,0.0448976441266096,0.9947000000000001,0.000942072184070848,0.60085,0.11891680390087854,0.0999909999099991,0.0,,,,,3333.0,0.0,61892.09432074963,4390.317780129584,33835932.97530514,5409258.662167833,62796.548277275906,1226.5674253600325,-8.500000000000036e-05,0.0009340101712508277,-0.013358190808138114,0.04000547670395751,0.06526996504470065,0.0003883236142537559,0.0006087658978354054,0.030293837226850386
cicids,0.0,a1,none,rf,recalibrated,0.07,0.2,1.0,auto_malicious,accumulate,fixed_ratio,-1.0,-1.0,,5,0.009920000000000002,9.25337776166083e-05,0.8024803436816083,0.057736229580653546,0.9613279308727671,0.0024666910204212524,0.8739114672125169,0.035485081090252835,0.9809261360136177,0.0027633904755554246,0.7894397048651142,0.059043277234068894,0.99495,0.0010368220676663829,0.62415,0.12595654012396496,0.2,0.0,,,,,7500.0,0.0,149881.63240030664,12878.972564770638,87380591.55521628,18039533.78749536,142879.496790247,1020.1234758047876,0.0002999999999999999,0.0005175060386121114,-0.007165437302423583,0.060930771933642484,0.06549662205094067,0.00021863547520367126,0.0006087658978354054,0.030293837226850386
cicids,0.0,a1,none,rf,recalibrated,0.1,0.005,1.0,auto_malicious,accumulate,fixed_ratio,-1.0,-1.0,,5,0.00993,7.786205751198763e-05,0.8407068168922752,0.02894196305835932,0.9630818407113952,0.0013313541879506152,0.8975448274083014,0.017282743760830527,0.9640762756342708,0.004611121163935396,0.8240719391284298,0.03641429131137836,0.99565,0.0005184110338332059,0.7038,0.05262318880493656,0.005008125766972903,0.0,,,,,151.0,0.0,2603.7984659070653,389.3789709575171,1192769.9955794574,313304.53611236124,2927.7359650291132,612.0602597216525,0.0003099999999999995,0.00041102007250254846,0.03106103590824354,0.0374179350174965,0.09100813636040211,0.00225068477735353,0.0006087658978354054,0.030293837226850386
cicids,0.0,a1,none,rf,recalibrated,0.1,0.01,1.0,auto_malicious,accumulate,fixed_ratio,-1.0,-1.0,,5,0.00969,0.00033382255765600997,0.8345789089730079,0.028358906594322466,0.9636765576388692,0.0020362142390950074,0.8943090014141891,0.017085229117490688,0.9619758513009646,0.013692469252411917,0.8160018445930367,0.024000208509985705,0.99555,0.0006224949798994411,0.69375,0.06111439069482735,0.00999900999901,0.0,,,,,303.0,0.0,6552.415781645961,3080.393569491158,4688798.890045797,4243838.869587832,6076.32660807318,617.2290362690647,6.999999999999957e-05,0.0005898622720601824,0.02493312798897627,0.03183479343216047,0.09032301474981078,0.0012089672488565155,0.0006087658978354054,0.030293837226850386
cicids,0.0,a1,none,rf,recalibrated,0.1,0.02,1.0,auto_malicious,accumulate,fixed_ratio,-1.0,-1.0,,5,0.009885000000000001,0.00010694624818103706,0.81355272756748,0.013609054681520476,0.9620894966050881,0.0007840894171062541,0.8815634668595076,0.00827300432841051,0.9718163570965388,0.005849953960266654,0.7810006917223887,0.018389931137328865,0.9949999999999999,0.0005863019699779529,0.6674,0.04316197690097154,0.0199921599372795,0.0,,,,,612.0,0.0,12307.320789742,3095.8453479108134,6861930.112892675,2743096.9898568303,13192.387636989482,1139.633036893736,0.00026499999999999994,0.0005438864771255121,0.003906946583448168,0.031399481180364466,0.09062948250900545,0.001058294797882487,0.0006087658978354054,0.030293837226850386
cicids,0.0,a1,none,rf,recalibrated,0.1,0.05,1.0,auto_malicious,accumulate,fixed_ratio,-1.0,-1.0,,5,0.0094,0.0005108204185425637,0.7748885466482938,0.05663967690381904,0.9619625729432114,0.00400835994483548,0.857538344697527,0.035982310890890004,0.9749912879954609,0.008936773668347662,0.769056951810007,0.042146718245376365,0.9942,0.0015145131230861035,0.5619,0.1282715137900851,0.050001583330694446,0.0,,,,,1579.0,0.0,29726.55389126489,4042.261936636906,17735485.32105059,6509454.13524602,33178.616145945525,1574.8484125351927,-0.00022000000000000006,0.00026422055181230685,-0.034757234335737984,0.05522239800316777,0.09049369262974472,0.0006258473505364919,0.0006087658978354054,0.030293837226850386
cicids,0.0,a1,none,rf,recalibrated,0.1,0.1,1.0,auto_malicious,accumulate,fixed_ratio,-1.0,-1.0,,5,0.009819999999999999,0.00026890983619049706,0.807570722217719,0.05779720986905095,0.9619116955469957,0.003071024494140328,0.8771696483373279,0.03613264746927266,0.9733394605657777,0.004439414871983465,0.7864422411805395,0.044848120382417575,0.99495,0.0009420721840708561,0.6431,0.14087711844014983,0.0999909999099991,0.0,,,,,3333.0,0.0,62061.787599883784,4299.956128735649,34614595.32610985,5190158.158450952,68510.31004421125,1570.0058314763603,0.0001999999999999995,0.0006232475431158954,-0.002075058766312732,0.05592889540317501,0.09033014239475098,0.00040116880632878595,0.0006087658978354054,0.030293837226850386
cicids,0.0,a1,none,rf,recalibrated,0.1,0.2,1.0,auto_malicious,accumulate,fixed_ratio,-1.0,-1.0,,5,0.00981,0.0002491234633670623,0.7587582070195348,0.10494415072393863,0.9591798250218717,0.005564679599685284,0.8442418826793961,0.06955092930136413,0.9800655933371161,0.0030526114806990125,0.7643532395665206,0.0660551622038723,0.9942,0.0010810874155219824,0.51725,0.25884008093801864,0.2,0.0,,,,,7500.0,0.0,150440.51441940555,12992.01755690027,90196966.8798116,19850005.81616489,156055.85339588576,1178.5311829946752,0.00018999999999999955,0.0005789537978111898,-0.050887573964497015,0.09769927994268414,0.09055539550988481,0.00047915472598967053,0.0006087658978354054,0.030293837226850386
cicids,0.0,a1,none,rf,recalibrated,0.1,0.5,1.0,auto_malicious,accumulate,fixed_ratio,-1.0,-1.0,,5,0.009909999999999999,0.00011537980759214307,0.8249007051957526,0.040998706966354256,0.9624491357039784,0.0015760039384988237,0.8879625293177194,0.025034961804732955,0.9824244336143308,0.004807652765850168,0.7993543924371685,0.04527873601565927,0.99465,0.00028504385627477967,0.68285,0.08464920259518102,0.5,0.0,,,,,30000.0,0.0,583475.8063642879,11073.455081679755,344714098.1339331,20846694.66315956,637684.4068334086,14647.277168613786,0.0002899999999999996,0.00039788503364665534,0.015254924211720877,0.025316355077851186,0.09030748479091491,0.0005496985549270746,0.0006087658978354054,0.030293837226850386
cicids,0.0,a1,none,rf,recalibrated,0.2,0.02,1.0,auto_malicious,accumulate,fixed_ratio,-1.0,-1.0,,5,0.009745,0.00035240246877682295,0.7742887249736565,0.015532578086311173,0.960794667919324,0.0011503311124930146,0.857449337191843,0.009526891239912265,0.96950516738267,0.006497946767119798,0.7475213281069865,0.014854594021067782,0.99465,0.0008403868156986036,0.5829500000000001,0.05077782488449067,0.0199921599372795,0.0,,,,,612.0,0.0,12867.001194963623,3638.5789037966206,7354932.090704816,2125506.7211548975,25030.691880609473,6311.273106264983,0.0001249999999999994,0.00023651109910530676,-0.03535705601037524,0.01565149265599433,0.17278407595355014,0.001653119537228816,0.0006087658978354054,0.030293837226850386
cicids,0.0,a1,none,rf,recalibrated,0.2,0.05,1.0,auto_malicious,accumulate,fixed_ratio,-1.0,-1.0,,5,0.009670000000000002,0.00035373012311648035,0.7538461538461538,0.05150255713683197,0.959907462794717,0.0034418526387435026,0.8437855685953337,0.03348564694286632,0.969913367917646,0.006549676457964144,0.6876181692414111,0.09890157384850906,0.9949999999999999,0.001159202311936995,0.5845,0.06580392275541025,0.050001583330694446,0.0,,,,,1579.0,0.0,30424.384467469983,4066.532181099272,21473703.452810965,8533267.845134893,55703.258555710476,5967.455630102093,4.99999999999997e-05,0.0003473110997362458,-0.055799627137877915,0.04250349491138591,0.172613432715349,0.0006834934787439534,0.0006087658978354054,0.030293837226850386
cicids,0.0,a1,none,rf,recalibrated,0.2,0.1,1.0,auto_malicious,accumulate,fixed_ratio,-1.0,-1.0,,5,0.009325,0.0007832225098910271,0.7620004863418984,0.04869286671352086,0.9618450648311164,0.0019225833174496966,0.8496377228099833,0.030878192295857403,0.9729289730080246,0.0043995078872809245,0.7214203366382292,0.07067546545318605,0.9948,0.0011096170510586402,0.5731999999999999,0.09445557818360968,0.0999909999099991,0.0,,,,,3333.0,0.0,63192.50826939436,4065.4326838390907,40288474.80603245,4902648.020038199,115665.54584945951,6403.69310005996,-0.00029500000000000045,0.0009895390340961794,-0.047645294642133386,0.05784863736440915,0.17262102139585886,0.0011179189204050218,0.0006087658978354054,0.030293837226850386
cicids,0.0,a1,none,rf,recalibrated,0.2,0.2,1.0,auto_malicious,accumulate,fixed_ratio,-1.0,-1.0,,5,0.00993,6.937218462755792e-05,0.7486747183269838,0.08644887037655946,0.9583208194320747,0.005082639189585792,0.8385324896575532,0.05837337593637985,0.9760448970576314,0.001529284031309709,0.7128429790177542,0.0788068847183859,0.99505,0.0006937218462756083,0.54115,0.1829317324850995,0.2,0.0,,,,,7500.0,0.0,153706.793094597,13509.467032846105,108935456.28930676,28546954.957875885,263883.40905851877,4228.540402405355,0.0003099999999999995,0.0004823769273089254,-0.0609710626570479,0.07195238501937387,0.17261844716975427,0.0007211707097885766,0.0006087658978354054,0.030293837226850386
cicids,0.0,a1,none,rf,recalibrated,0.3,0.005,1.0,auto_malicious,accumulate,fixed_ratio,-1.0,-1.0,,5,0.009944999999999999,5.41987084716968e-05,0.8362486828240254,0.024505256724208096,0.9628502216040099,0.001028799109650395,0.8949517641441183,0.014569067316734257,0.9688091653157169,0.006649044560229167,0.8038736453769888,0.0301283725387717,0.9954000000000001,0.0006274950199005307,0.7121999999999999,0.04355327197811896,0.005008125766972903,0.0,,,,,151.0,0.0,2809.9904960946974,487.2005266134528,1698596.898784522,409707.15356191143,8583.547715333396,2952.64256175229,0.0003249999999999996,0.0004996874022826671,0.026602901839993566,0.0366502355581854,0.25203698837677635,0.004780329592925123,0.0006087658978354054,0.030293837226850386
cicids,0.0,a1,none,rf,recalibrated,0.3,0.01,1.0,auto_malicious,accumulate,fixed_ratio,-1.0,-1.0,,5,0.009345000000000001,0.0008635681791265819,0.8158061116965227,0.050353599987439206,0.9639991506605359,0.004868154469977982,0.8831486502750441,0.03163425313618971,0.967704078584745,0.0081575945879273,0.7783721466451464,0.06370888792350303,0.9955999999999999,0.00048733971724045013,0.6766,0.1025771965399718,0.00999900999901,0.0,,,,,303.0,0.0,6651.331450411458,2537.6514575953593,6407844.960807691,4647024.669150561,20615.197714629925,6150.171898633098,-0.0002750000000000006,0.0011651180197731047,0.006160330712490914,0.04198337028226993,0.25600611954755365,0.001993829362460773,0.0006087658978354054,0.030293837226850386
cicids,0.0,a1,none,rf,recalibrated,0.3,0.02,1.0,auto_malicious,accumulate,fixed_ratio,-1.0,-1.0,,5,0.009770000000000001,0.00026657550525132674,0.7640269109183756,0.03066983521262142,0.9601515011884304,0.001636453930966136,0.850680186310861,0.019591420499354435,0.9618970069709005,0.006862937559185063,0.7155637537468296,0.061463166183690486,0.99475,0.00035355339059326096,0.58585,0.059930063407274956,0.0199921599372795,0.0,,,,,612.0,0.0,13698.865185677161,4389.344851121651,8914760.881707793,2063220.082469918,52924.94411365865,13669.168423350622,0.0001499999999999998,0.0005108204185425642,-0.045618870065656146,0.049677331251108806,0.2556677139142656,0.003195474555693172,0.0006087658978354054,0.030293837226850386
cicids,0.0,a1,none,rf,recalibrated,0.3,0.05,1.0,auto_malicious,accumulate,fixed_ratio,-1.0,-1.0,,5,0.009445,0.0007835017549437908,0.7466320823538948,0.04749497938001318,0.9603725711750759,0.005193803840114383,0.8395563072081826,0.03189878951608943,0.9726498356569669,0.004330662244579634,0.6626700484205672,0.09078810603366771,0.9945,0.0012374368670764419,0.5898,0.06565711119140104,0.050001583330694446,0.0,,,,,1579.0,0.0,31631.81746559924,4159.244631954406,28976393.921039384,11561547.164988171,116944.59782558407,9673.526674793486,-0.0001750000000000005,0.0009222933372848359,-0.06301369863013698,0.033511235098816095,0.2542523958131831,0.001199204685458388,0.0006087658978354054,0.030293837226850386
cicids,0.0,a1,none,rf,recalibrated,0.3,0.1,1.0,auto_malicious,accumulate,fixed_ratio,-1.0,-1.0,,5,0.009385000000000001,0.00115428549328145,0.7540731133987193,0.04677858817673232,0.9612639283046203,0.0037582711304803462,0.8444954350416282,0.029079591108925846,0.9749428011266922,0.005617295117503886,0.6448697256167858,0.08100693004493613,0.9951000000000001,0.0006754628043053416,0.63145,0.0912651357310118,0.0999909999099991,0.0,,,,,3333.0,0.0,65239.70298121691,3950.1182884947107,52996316.28674309,5922869.437809111,247667.48829727946,23101.691237444575,-0.00023500000000000048,0.0007528280016046163,-0.05557266758531245,0.028673648545488067,0.25432074795894144,0.001477816928108505,0.0006087658978354054,0.030293837226850386
cicids,0.0,a1,none,rf,recalibrated,0.3,0.2,1.0,auto_malicious,accumulate,fixed_ratio,-1.0,-1.0,,5,0.00954,0.0005363650808917377,0.7360622517629893,0.05639933581258372,0.959534693241532,0.003203271468232034,0.832171877122561,0.03701758180322055,0.9733908529221044,0.006615758963144169,0.6775651371916072,0.07629924059091141,0.99475,0.0007499999999999899,0.5408,0.09228918544444951,0.2,0.0,,,,,7500.0,0.0,159252.77069231152,14259.931766283506,149428172.77764982,43165436.93147296,582037.7986003909,14727.15780428285,-8.000000000000056e-05,0.000774072025072603,-0.07358352922104242,0.04544866558043984,0.25405201657983284,0.0008899257649412183,0.0006087658978354054,0.030293837226850386
cicids,0.0,a1,none,rf,recalibrated,0.3,0.5,1.0,auto_malicious,accumulate,fixed_ratio,-1.0,-1.0,,5,0.009855,0.00029706901555025933,0.7937099781146146,0.017850120652893632,0.9612960468486105,0.0010500386183078308,0.8694175552109463,0.01073711722018952,0.9813035705601039,0.004088185811859678,0.7370993774498501,0.034832494234869706,0.9944,0.0008767838958374933,0.6544000000000001,0.0440995323104452,0.5,0.0,,,,,30000.0,0.0,615751.4914078758,10027.645814565461,592723642.9865106,79801144.47014208,2354157.4899307713,109065.14488531544,0.0002349999999999998,0.0006387487769068528,-0.015935802869417183,0.022391292855314007,0.25354973425167204,0.0009932369598495085,0.0006087658978354054,0.030293837226850386
cicids,0.0,a1,none,rf,recalibrated,0.7,0.02,1.0,auto_malicious,accumulate,fixed_ratio,-1.0,-1.0,,5,0.009944999999999999,9.585144756340382e-05,0.743859933533274,0.035458932886069584,0.9583749934353991,0.00217337102430555,0.8372600483912466,0.023353075420717753,0.9706888978276729,0.00906171566653192,0.6493428637306894,0.02860764363384339,0.99445,0.0007582875444051404,0.59575,0.08340151377523074,0.0199921599372795,0.0,,,,,612.0,0.0,20974.56990241011,10929.84601747455,60137563.659487106,16262415.444439486,283631.2596867584,51213.5953503645,0.0003249999999999996,0.0005028046340279692,-0.06578584745075784,0.037576123754208046,0.5602404002212811,0.00394411356392307,0.0006087658978354054,0.030293837226850386
cicids,0.0,a1,none,rf,recalibrated,0.7,0.05,1.0,auto_malicious,accumulate,fixed_ratio,-1.0,-1.0,,5,0.009850000000000001,8.66025403784435e-05,0.7243414120126449,0.021500309368687298,0.9577463794511243,0.0011639551334908776,0.8247200641514318,0.014224341218576471,0.9693144105130906,0.00963928668418207,0.620705556836523,0.022837317066016834,0.9948,0.0003708099243547837,0.5662499999999999,0.046729607851981804,0.050001583330694446,0.0,,,,,1579.0,0.0,43107.54854736723,5606.046610363742,249939311.96552357,46827859.37199379,746455.5967403963,105177.90791436499,0.00022999999999999965,0.0005191338940966965,-0.08530436897138685,0.025496744274171153,0.5599149552431368,0.0023256589969045537,0.0006087658978354054,0.030293837226850386
cicids,0.0,a1,none,rf,recalibrated,0.7,0.1,1.0,auto_malicious,accumulate,fixed_ratio,-1.0,-1.0,,5,0.00937,0.0005783597496368497,0.7194455702358759,0.020570227790882127,0.9594555688436761,0.0028125283216770373,0.8221764180508151,0.014028453175806402,0.9639187881981034,0.010885113393839487,0.6091768503573899,0.013121471109232698,0.9949,0.0007416198487095593,0.56355,0.05362001725102295,0.0999909999099991,0.0,,,,,3333.0,0.0,85268.83709967462,5491.5000583182755,537804161.9664543,181937701.44938898,1573228.6430248183,66766.66092968805,-0.00025000000000000055,0.0008919781387455635,-0.09020021074815592,0.03061666140610436,0.5598887757901366,0.002807437113195707,0.0006087658978354054,0.030293837226850386
cicids,0.0,a1,none,rf,recalibrated,0.7,0.2,1.0,auto_malicious,accumulate,fixed_ratio,-1.0,-1.0,,5,0.009054999999999999,0.0011596605106668067,0.7006565615627787,0.022741648557436288,0.9596772877714381,0.005907405932601076,0.8098462716690957,0.0170635293322716,0.9706681012401719,0.005171009866436464,0.594973483975098,0.010721820989462895,0.9943,0.0005968668193156096,0.5216,0.0609222352675934,0.2,0.0,,,,,7500.0,0.0,211062.36363149591,20818.078295637693,1868287606.662712,805623499.2105016,3543560.684475253,88106.43388769333,-0.0005650000000000006,0.0014586594873376036,-0.1089892194212531,0.03841158636757059,0.5591151059912843,0.002375584700335965,0.0006087658978354054,0.030293837226850386
cicids,0.0,a1,none,rf,recalibrated,1.5,0.005,1.0,auto_malicious,accumulate,fixed_ratio,-1.0,-1.0,,5,0.009895,0.00014075688260259227,0.8345626975763961,0.021254634060596977,0.9629597624007026,0.0011936820805874943,0.8940693396920109,0.012760944837737107,0.9607090966199238,0.001635000990813047,0.8018907078625779,0.022328458702213252,0.9955999999999999,0.00045414755311465316,0.70895,0.04490803101896142,0.005008125766972903,0.0,,,,,151.0,0.0,10613.78103041286,3273.5300838300655,3304387496.963252,4555417896.034103,217537.62975968164,65961.2090493337,0.00027499999999999953,0.0004799088455113116,0.024916916592364457,0.031322027185429896,1.0610277222805933,0.011703186184324435,0.0006087658978354054,0.030293837226850386
cicids,0.0,a1,none,rf,recalibrated,1.5,0.01,1.0,auto_malicious,accumulate,fixed_ratio,-1.0,-1.0,,5,0.009600000000000001,0.000491172067609713,0.8134068249979736,0.0465914452785975,0.9630788657332872,0.0023305248397270106,0.881388724519133,0.028272756110740586,0.9557624173218773,0.013631040948529783,0.7821074475443855,0.03666926157091276,0.99545,0.0009253377761661102,0.6653,0.1089313717438645,0.00999900999901,0.0,,,,,303.0,0.0,24614.063055306484,4030.6758074710788,12276065314.079853,5847288840.541371,447207.9440489264,83152.13785909039,-2.0000000000000574e-05,0.0006713791775144653,0.0037610440139418167,0.03936151634703987,1.0628672291709718,0.011936518836918472,0.0006087658978354054,0.030293837226850386
cicids,0.0,a1,none,rf,recalibrated,1.5,0.02,1.0,auto_malicious,accumulate,fixed_ratio,-1.0,-1.0,,5,0.00959,0.0005658511288316031,0.7645456756099538,0.042914272218227315,0.9607998489162567,0.0035891047274038117,0.8510358887713556,0.02779001453760776,0.9582951171273406,0.007811886170131253,0.7101222042886788,0.0562972601410113,0.9948499999999999,0.0003354101966249426,0.59325,0.07684948763654832,0.0199921599372795,0.0,,,,,612.0,0.0,98940.07301470924,83445.30878316435,24474804854.277946,6410849409.020047,912139.8116799912,126571.27116439654,-3.0000000000000512e-05,0.0008837774041012815,-0.04510010537407796,0.042291577037484464,1.0621106413443386,0.005641409246522165,0.0006087658978354054,0.030293837226850386
cicids,0.0,a1,none,rf,recalibrated,1.5,0.05,1.0,auto_malicious,accumulate,fixed_ratio,-1.0,-1.0,,5,0.00988,0.00015949137907736533,0.7459836264894221,0.034161811459974954,0.9587741867962931,0.001591511736188714,0.838775909165833,0.022127172800912566,0.9637506559536355,0.005996441579143715,0.6439013142725386,0.0408180035626551,0.9953,0.0005419870847169328,0.6073500000000001,0.07654790166947753,0.050001583330694446,0.0,,,,,1579.0,0.0,158619.97526431072,30851.991871312915,80868122723.12476,10512015416.616175,2373981.765436852,133603.0697349258,0.0002599999999999998,0.00045846210312303943,-0.0636621544946097,0.02405116540111789,1.0591578042930059,0.003382434180750285,0.0006087658978354054,0.030293837226850386
cicids,0.0,a1,none,rf,recalibrated,1.5,0.1,1.0,auto_malicious,accumulate,fixed_ratio,-1.0,-1.0,,5,0.009775,0.0002449489742783172,0.7172246089000567,0.029496590472398956,0.9576155226357213,0.002284230103430223,0.8199287572792112,0.0198351120587934,0.963404715287347,0.01254862738097043,0.5972792252709247,0.02463509506823955,0.9952500000000001,0.0007905694150421208,0.56925,0.06692533152700851,0.0999909999099991,0.0,,,,,3333.0,0.0,283287.5024998661,42733.0133290553,145358492164.01535,13861996342.258701,5082536.430021493,184590.24799097262,0.0001549999999999996,0.0005161152971962765,-0.092421172083975,0.0168890933665661,1.0581742146559063,0.004909940435617107,0.0006087658978354054,0.030293837226850386
cicids,0.0,a1,none,rf,recalibrated,1.5,0.2,1.0,auto_malicious,accumulate,fixed_ratio,-1.0,-1.0,,5,0.009885000000000001,0.00013647344063956115,0.7063467617735268,0.021909793983425723,0.9565555259295305,0.0017350619053327222,0.8124926789715227,0.015012063411659933,0.9629877046688822,0.004173917295001139,0.5956190915379295,0.026046917559005497,0.99515,0.0003791437722025889,0.5376,0.043579883547343254,0.2,0.0,,,,,7500.0,0.0,736205.1353697837,158684.93116664747,348761621867.74164,51400058939.42561,11414139.562302968,342360.14474982495,0.00026499999999999994,0.0005079370039680118,-0.10329901921050495,0.03834023574282481,1.0542563956797593,0.007642580544496134,0.0006087658978354054,0.030293837226850386
cicids,0.0,a1,none,rf,recalibrated,1.5,0.5,1.0,auto_malicious,accumulate,fixed_ratio,-1.0,-1.0,,5,0.009925,9.842509842514749e-05,0.7143065575099294,0.018188724635460733,0.9568678799733343,0.0012977293083524708,0.8178902300134858,0.012413507884797266,0.9756401943341169,0.00398880358429598,0.6026285450772424,0.0038499666063623434,0.9945,0.0008291561975888301,0.5551999999999999,0.055185879081518646,0.5,0.0,,,,,30000.0,0.0,2774338.682791662,280959.5641101734,1417698133748.128,115056440679.49184,45716095.170538776,813001.0981836162,0.0003049999999999997,0.0005277902045320661,-0.09533922347410226,0.030677064442320462,1.05365202140995,0.005489799409301666,0.0006087658978354054,0.030293837226850386
cicids,0.0,a1,none,xgboost,fixed,0.0,0.005,1.0,auto_malicious,accumulate,fixed_ratio,-1.0,-1.0,,5,0.0392,0.00936561196612373,0.8748480181567642,0.006363618495559888,0.8736706438665858,0.026479114478004075,0.874156194990786,0.01630852471616659,0.9546722120450676,0.008824626704713824,0.8738298362923679,0.0025436412950004717,0.99685,0.0001369306393762545,0.75395,0.02064082726055329,0.005008125766972903,0.0,,,,,151.0,0.0,2554.8,353.0838427342718,1138698.0,313722.524187378,2698.3512782,579.228181638646,-0.004505000000000001,0.007206602875141658,0.006095485126043609,0.008719260145044856,0.010602133547744839,0.0017507027543012625,0.009977865822787509,0.0062055548820630305
cicids,0.0,a1,none,xgboost,fixed,0.0,0.01,1.0,auto_malicious,accumulate,fixed_ratio,-1.0,-1.0,,5,0.04331,0.015068599387467968,0.8844127421577369,0.006096271931614658,0.8646825789097348,0.04035946055923134,0.8739499466199897,0.018189722405625254,0.9419095525654535,0.01466040555594973,0.8810237491353471,0.00497474037592613,0.9968,0.00011180339887497304,0.7757,0.019270605854513293,0.00999900999901,0.0,,,,,303.0,0.0,6627.6,3372.8405387744024,4401951.4,4210816.563319138,5356.370484000001,528.1902873044207,-0.0003950000000000002,0.015188610041738512,0.015660209127016288,0.010368230604200168,0.010494820840572353,0.0015766567866756492,0.009977865822787509,0.0062055548820630305
cicids,0.0,a1,none,xgboost,fixed,0.0,0.02,1.0,auto_malicious,accumulate,fixed_ratio,-1.0,-1.0,,5,0.15794,0.11563236814361279,0.8976088189997569,0.01938341788651357,0.668982335908298,0.15118704172222042,0.7579398021188878,0.10336248721116277,0.9316295932965876,0.01914952928194964,0.8985012681577127,0.025323506437535472,0.9972,0.00020916500663353097,0.79705,0.04049436689219874,0.0199921599372795,0.0,,,,,612.0,0.0,11988.0,2716.487805972999,7140254.0,3694386.577159529,10762.414079400001,708.0651730377367,0.114235,0.11276144842099182,0.028856285969036242,0.021424282192684982,0.010353908058669573,0.0011912963121897856,0.009977865822787509,0.0062055548820630305
cicids,0.0,a1,none,xgboost,fixed,0.0,0.05,1.0,auto_malicious,accumulate,fixed_ratio,-1.0,-1.0,,5,0.76967,0.04495830498917861,0.9514955013374402,0.02390972166353995,0.27631830945003566,0.008284769893657928,0.4281327695620303,0.009166517775554859,0.9063340613601362,0.009882454565588955,0.9591422642379526,0.028180743328571425,0.9980499999999999,0.0004107919181288551,0.89665,0.0457115959030091,0.050001583330694446,0.0,,,,,1579.0,0.0,29510.0,4075.350353037147,16468649.2,5254777.720617086,28307.0940114,1265.778634492983,0.7259650000000001,0.03912893989747232,0.08274296830671964,0.02079505802606161,0.010431682190518916,0.0002744500307690419,0.009977865822787509,0.0062055548820630305
cicids,0.0,a1,none,xgboost,fixed,0.0,0.1,1.0,auto_malicious,accumulate,fixed_ratio,-1.0,-1.0,,5,0.9456800000000001,0.03075762811889108,0.99322363621626,0.007597249242904082,0.24477497105650697,0.005034784625895282,0.39272409012179077,0.006188532759454128,0.8849101428629327,0.014356744282084064,0.9954807470601799,0.006904915650170967,0.99895,0.0005419870847169821,0.98505,0.018067927385286894,0.0999909999099991,0.0,,,,,3333.0,0.0,61792.8,4634.075064130921,33370635.6,6164406.520400588,58213.56745740001,1510.2799995067382,0.901975,0.028290805706094668,0.12447110318553944,0.00917316544850705,0.010522984119221288,0.0002878980498117887,0.009977865822787509,0.0062055548820630305
cicids,0.0,a1,none,xgboost,fixed,0.0,0.2,1.0,auto_malicious,accumulate,fixed_ratio,-1.0,-1.0,,5,0.98791,0.013788215076651499,0.9997730404474346,0.00018483836023332664,0.23790128702228244,0.0025526203687841046,0.38434009926480445,0.003333934121098882,0.8460956683148254,0.033251738576627554,0.9998155406963338,0.00010311588551988658,0.9996500000000001,0.0004183300132670369,0.99985,0.00033541019662497185,0.2,0.0,,,,,7500.0,0.0,149313.4,12688.47017177406,84889593.6,15012718.485969665,131937.0163472,526.3872013475903,0.944205,0.017939162814914186,0.13102050741671395,0.008186675034136087,0.011071405657643656,0.00034551968343434235,0.009977865822787509,0.0062055548820630305
cicids,0.0,a1,none,xgboost,fixed,0.0,0.5,1.0,auto_malicious,accumulate,fixed_ratio,-1.0,-1.0,,5,0.98772,0.011187763963366416,1.0,0.0,0.23796980773127901,0.002053201448961321,0.384448159421607,0.002679633572952569,0.72812418618789,0.06064870446969578,1.0,0.0,1.0,0.0,1.0,0.0,0.5,0.0,,,,,30000.0,0.0,580076.0,11994.591677085145,321350703.6,16471987.633616712,534067.1535051999,6011.250187997705,0.9440149999999999,0.018635589271606082,0.1312474669692794,0.008202670325644134,0.010793520647202747,0.0012377923938563728,0.009977865822787509,0.0062055548820630305
cicids,0.0,a1,none,xgboost,fixed,0.01,0.005,1.0,auto_malicious,accumulate,fixed_ratio,-1.0,-1.0,,5,0.04197,0.012711158975482919,0.8682824025289779,0.005049661385157638,0.8655696854317277,0.03477134832436412,0.8666819674959264,0.019302927515982428,0.983650220069709,0.002117744938374369,0.8759511182845283,0.0032972906723714806,0.9967500000000001,0.0,0.7314999999999999,0.017030303872802716,0.005008125766972903,0.0,,,,,151.0,0.0,2558.128143062796,356.36484773361684,1139349.0459932424,311530.7096576008,2678.681792929915,575.290914092047,-0.0017349999999999998,0.015012958985489835,-0.0004701305017427382,0.011121862879521785,0.014301275655447476,0.0015652003985709465,0.009977865822787509,0.0062055548820630305
cicids,0.0,a1,none,xgboost,fixed,0.01,0.01,1.0,auto_malicious,accumulate,fixed_ratio,-1.0,-1.0,,5,0.037645,0.010223600148675611,0.8734700494447598,0.00890188734686986,0.8783018108381867,0.02885631369679358,0.8755946454854298,0.011747599695854639,0.9849594715084704,0.0007317663464901245,0.8820382753055107,0.018492418937341583,0.9967500000000001,0.0,0.7409000000000001,0.019250487006826578,0.00999900999901,0.0,,,,,303.0,0.0,6616.435412371318,3342.8881840015265,4418617.861672556,4211141.378332615,5343.785678181653,525.42761614486,-0.006060000000000001,0.006155805186975947,0.0047175164140390805,0.009469176537822723,0.01428035207804062,0.0009875441560807624,0.009977865822787509,0.0062055548820630305
cicids,0.0,a1,none,xgboost,fixed,0.01,0.02,1.0,auto_malicious,accumulate,fixed_ratio,-1.0,-1.0,,5,0.04997,0.01661529227850055,0.8533841290427171,0.009839730162856507,0.8423406438602346,0.04343920199658507,0.8473136902475378,0.021990151513240838,0.9814104985004459,0.00351284881841948,0.8752132810698641,0.004161208310229574,0.99665,0.00013693063937627814,0.68645,0.027958339542970008,0.0199921599372795,0.0,,,,,612.0,0.0,12009.762641639174,2748.113987102125,7080794.702525869,3586579.9100903803,10785.035215267071,685.1806815533193,0.0062650000000000015,0.011250049999888889,-0.015368403988003565,0.00593617205849177,0.013824327365341147,0.00094761901401091,0.009977865822787509,0.0062055548820630305
cicids,0.0,a1,none,xgboost,fixed,0.01,0.05,1.0,auto_malicious,accumulate,fixed_ratio,-1.0,-1.0,,5,0.03526,0.00689285408956261,0.881818918699846,0.008560438687661662,0.8856371834505417,0.019311069042178153,0.8835911804996579,0.008717919706631685,0.9864832262705683,0.0011031779730656995,0.9000230574129583,0.021428885286278385,0.9968,0.00020916500663348037,0.7471,0.01848783383741856,0.050001583330694446,0.0,,,,,1579.0,0.0,29510.271582257228,4069.7127796422674,16500166.78967851,5349382.086064038,28298.99428529139,1204.818788898185,-0.008445,0.010688755774176899,0.013066385669125413,0.004483264590728662,0.01394801833031802,0.0003100767128816751,0.009977865822787509,0.0062055548820630305
cicids,0.0,a1,none,xgboost,fixed,0.01,0.1,1.0,auto_malicious,accumulate,fixed_ratio,-1.0,-1.0,,5,0.04691,0.011881571865708675,0.917289454486504,0.01687383680019397,0.8587901844076923,0.029588796300142772,0.8867046380340657,0.01413613657923611,0.9881756756099538,0.0015023114873193549,0.9033433248789485,0.028767022023647545,0.99735,0.0005477225575051823,0.85235,0.03563249921069248,0.0999909999099991,0.0,,,,,3333.0,0.0,61781.70453858866,4596.501385858683,33326201.774431296,6032465.265370412,58204.77196170384,1403.5832410493933,0.003204999999999998,0.012637387487135145,0.04853692145578341,0.016858430022111254,0.013918432479111943,0.0001366717551793116,0.009977865822787509,0.0062055548820630305
cicids,0.0,a1,none,xgboost,fixed,0.01,0.2,1.0,auto_malicious,accumulate,fixed_ratio,-1.0,-1.0,,5,0.0463,0.01780222071821378,0.9420280457161384,0.008628552967536595,0.8645738974301542,0.04523677148053826,0.9010625241627694,0.02322038911339821,0.9894870199400179,0.0013274934468615759,0.8957804934286374,0.017708483442397907,0.9968999999999999,0.0005184110338331914,0.9372999999999999,0.024656008395520963,0.2,0.0,,,,,7500.0,0.0,149331.90360752348,12709.438015226477,84910438.75240807,15344473.783349944,132013.7673440763,582.1496107188284,0.002595,0.01574030852620113,0.07327551268541785,0.005949549426887894,0.014381144035069316,0.0001896810596740979,0.009977865822787509,0.0062055548820630305
cicids,0.0,a1,none,xgboost,fixed,0.01,0.5,1.0,auto_malicious,accumulate,fixed_ratio,-1.0,-1.0,,5,0.069165,0.03866201543504942,0.9277620166977385,0.028796877898143197,0.8126142767495009,0.07496429109937713,0.8641475553227449,0.0409589585908276,0.9819459499878415,0.0024081375964562887,0.8983168088540466,0.02981770165983217,0.99725,0.0013578475614000167,0.8901999999999999,0.07302811958417119,0.5,0.0,,,,,30000.0,0.0,580048.9528002916,11891.57258732133,321709119.14404047,16598278.427047273,534996.9961805808,6634.270985165277,0.02546,0.03795295031351317,0.0590094836670179,0.02954885596164951,0.014164875736472057,0.0009121675486512246,0.009977865822787509,0.0062055548820630305
cicids,0.0,a1,none,xgboost,fixed,0.02,0.02,1.0,auto_malicious,accumulate,fixed_ratio,-1.0,-1.0,,5,0.05575,0.01738780103980949,0.8523952338493961,0.009545298683927318,0.8269768586919414,0.04435980347371363,0.838985442191829,0.023518232093632702,0.9814367668395881,0.003819862999281555,0.8726308508185381,0.005765736518370438,0.99665,0.00022360679774994501,0.6862,0.02592501205399912,0.0199921599372795,0.0,,,,,612.0,0.0,12033.737767085262,2781.0559625107135,7028315.551019445,3481528.475681359,10850.715220203178,669.4417489648413,0.012045,0.011997387736503308,-0.016357299181324492,0.009989660694451775,0.022049220694563384,0.0005610617872495871,0.009977865822787509,0.0062055548820630305
cicids,0.0,a1,none,xgboost,fixed,0.02,0.05,1.0,auto_malicious,accumulate,fixed_ratio,-1.0,-1.0,,5,0.034045,0.006855435799422238,0.8808786576963605,0.015305030923148544,0.8889295376692747,0.020037699298986193,0.8847820472494649,0.014290991269436951,0.9861152845100106,0.00044254361229262355,0.899654138805626,0.02645751481865841,0.9971,0.00037914377220263183,0.7443,0.029435522757375966,0.050001583330694446,0.0,,,,,1579.0,0.0,29515.298114841316,4064.5734928600846,16552245.065613504,5450708.327413615,28393.122755347616,1162.8505991263335,-0.00966,0.010419776869012118,0.012126124665639958,0.018790680093055893,0.022169130237940593,0.0002221009707143897,0.009977865822787509,0.0062055548820630305
cicids,0.0,a1,none,xgboost,fixed,0.02,0.1,1.0,auto_malicious,accumulate,fixed_ratio,-1.0,-1.0,,5,0.05094,0.013669315546142024,0.9216503201750831,0.025898536939840462,0.8494049273112321,0.0326908239707191,0.8834636864080505,0.015227998603960867,0.9882989792899408,0.0007711155607303135,0.9084159557297671,0.03127719157763393,0.9972,0.0006471089552772293,0.8604499999999999,0.058331327346461105,0.0999909999099991,0.0,,,,,3333.0,0.0,61779.01896206938,4559.834730871519,33318287.8231197,5909330.998766077,58409.831090978485,1314.7598691877843,0.007235,0.014394243641122654,0.05289778714436248,0.02369066963748092,0.022056280869158444,7.378220164854701e-05,0.009977865822787509,0.0062055548820630305
cicids,0.0,a1,none,xgboost,fixed,0.02,0.2,1.0,auto_malicious,accumulate,fixed_ratio,-1.0,-1.0,,5,0.047845,0.015134691110161452,0.9417038177839021,0.012722770781996856,0.8601311296377242,0.03667958720244516,0.8985568078196193,0.016333608477132448,0.9899964458539353,0.0007327895850294059,0.891076781185151,0.030134106932594208,0.9966000000000002,0.0005184110338331831,0.9417,0.012749264684678864,0.2,0.0,,,,,7500.0,0.0,149371.250458094,12732.486077443713,85041725.22535633,15710001.245958999,132566.08245103466,655.5330772914664,0.00414,0.010447855641230885,0.07295128475318151,0.010990173155110597,0.02234033452151998,0.00011141610457524909,0.009977865822787509,0.0062055548820630305
cicids,0.0,a1,none,xgboost,fixed,0.03,0.005,1.0,auto_malicious,accumulate,fixed_ratio,-1.0,-1.0,,5,0.036655,0.006405842060182251,0.8733403582718651,0.006306733356666724,0.8805344149281344,0.018385538270129318,0.8768322398235959,0.009357732135964584,0.984508080975926,0.0019718260585744143,0.8768272999769426,0.0024423449715223026,0.9967500000000001,0.0,0.74615,0.018515702795195203,0.005008125766972903,0.0,,,,,151.0,0.0,2565.830159865968,363.15663049556264,1143773.6635689307,308700.8424937188,2668.328988626062,571.6831942376314,-0.007050000000000001,0.011222229613583923,0.004587825241144539,0.0028974895422547203,0.031457928635491225,0.0012982695179744924,0.009977865822787509,0.0062055548820630305
cicids,0.0,a1,none,xgboost,fixed,0.03,0.01,1.0,auto_malicious,accumulate,fixed_ratio,-1.0,-1.0,,5,0.03848,0.010355816602277195,0.8780416632892922,0.009369114367198405,0.8765077581746565,0.02807672732322304,0.8769759321274455,0.01068942946669667,0.9849418861959958,0.0010117579187392894,0.8847129352086697,0.020595446065426893,0.9967,0.00011180339887497717,0.75215,0.031603797240205164,0.00999900999901,0.0,,,,,303.0,0.0,6596.537403527589,3283.4675696516033,4459582.802404496,4213872.557463225,5372.141452362924,526.5446936571681,-0.0052250000000000005,0.007791241075720861,0.009289130258571764,0.0052592179275269555,0.030986235436547927,0.0007461059245050142,0.009977865822787509,0.0062055548820630305
cicids,0.0,a1,none,xgboost,fixed,0.03,0.02,1.0,auto_malicious,accumulate,fixed_ratio,-1.0,-1.0,,5,0.055325,0.018101527905124475,0.8516332982086408,0.015079496575558361,0.8282944098056879,0.04569838760247639,0.8391110504911776,0.02186295261436359,0.9805712375374889,0.002587434391599573,0.8763200368918607,0.00641186814631471,0.9966000000000002,0.0001369306393762646,0.6799,0.04056692002112062,0.0199921599372795,0.0,,,,,612.0,0.0,12059.941543237095,2815.345023036833,6982802.8105715765,3379241.1439948264,10960.481066568265,662.5230733000884,0.011620000000000002,0.01382083345894885,-0.017119234822079932,0.013572434519918132,0.030852270334861414,0.000619118624438891,0.009977865822787509,0.0062055548820630305
cicids,0.0,a1,none,xgboost,fixed,0.03,0.05,1.0,auto_malicious,accumulate,fixed_ratio,-1.0,-1.0,,5,0.037855,0.006550319648688912,0.8804085271946178,0.016848410986113362,0.8780159259852194,0.01737385219283902,0.8790338070730037,0.010007813287518317,0.9855982181648699,0.0006764833586668558,0.9107678118515103,0.020293798339687398,0.99685,0.00022360679774996055,0.73105,0.03904140430363639,0.050001583330694446,0.0,,,,,1579.0,0.0,29525.074694692972,4059.939463296699,16624984.364493098,5558770.656404073,28590.24207489765,1140.139001020175,-0.00585,0.010383911835141901,0.011655994163897242,0.010778811194056314,0.03093057459041746,0.0002019856688058073,0.009977865822787509,0.0062055548820630305
cicids,0.0,a1,none,xgboost,fixed,0.03,0.1,1.0,auto_malicious,accumulate,fixed_ratio,-1.0,-1.0,,5,0.04148,0.010871269475088916,0.8876388100834888,0.016623540300151434,0.8694592234643288,0.02792897618784364,0.8780549211001315,0.010047645780686894,0.9871779964740213,0.0009678865577328146,0.9061563292598571,0.030336493736660024,0.9974000000000001,0.0007202430145444255,0.7578,0.04146399040131082,0.0999909999099991,0.0,,,,,3333.0,0.0,61784.75079203382,4524.080539170522,33347026.954440296,5794471.661366121,58830.7221450912,1245.6379407489853,-0.002225,0.010111024305182932,0.01888627705276813,0.015077470404262227,0.03093754153979918,0.0001538635409877022,0.009977865822787509,0.0062055548820630305
cicids,0.0,a1,none,xgboost,fixed,0.03,0.2,1.0,auto_malicious,accumulate,fixed_ratio,-1.0,-1.0,,5,0.0475,0.01864146922857745,0.9373753748885466,0.014233823175584628,0.8613221798893242,0.04654902122547801,0.8969501057083622,0.020496828588064064,0.9891032491691659,0.001025617466459269,0.8858658058565829,0.024923879581049812,0.99695,0.0005419870847170001,0.9336500000000001,0.02291601514225365,0.2,0.0,,,,,7500.0,0.0,149431.46231161218,12757.61460101578,85283752.32757486,16108978.111610923,133600.64933369384,734.5992229389846,0.0037949999999999985,0.0167102550848274,0.06862284185782605,0.009156676993241675,0.031145766227097804,9.168982394829988e-05,0.009977865822787509,0.0062055548820630305
cicids,0.0,a1,none,xgboost,fixed,0.03,0.5,1.0,auto_malicious,accumulate,fixed_ratio,-1.0,-1.0,,5,0.064845,0.03696330697462011,0.9342627867390776,0.005982861988245397,0.8231160837786884,0.07847573894599094,0.8733522530092529,0.0441019696379374,0.9821188601361758,0.0036488275375957083,0.8860041503343326,0.025051324755245172,0.9972,0.0013157697366940457,0.92365,0.016180234856144702,0.5,0.0,,,,,30000.0,0.0,580238.7612032465,11692.819187093417,323697919.9181155,17052455.220782135,542609.3913440227,7965.549385335932,0.021139999999999996,0.034510091821089085,0.06551025370835697,0.0044645403358760175,0.03109014898322242,0.00046953374388621397,0.009977865822787509,0.0062055548820630305
cicids,0.0,a1,none,xgboost,fixed,0.05,0.02,1.0,auto_malicious,accumulate,fixed_ratio,-1.0,-1.0,,5,0.050705,0.017236474770091475,0.857112750263435,0.009611047857520068,0.8410177294267218,0.04419473884365877,0.8484762325524235,0.02312159593377492,0.9823902170300721,0.002175349965081993,0.8841595572976712,0.020276500698740537,0.9966000000000002,0.0001369306393762646,0.6883,0.01885752502318369,0.0199921599372795,0.0,,,,,612.0,0.0,12119.10349611102,2888.0911916404375,6912710.516813025,3183028.401193949,11319.494289579274,686.0994856045807,0.0069999999999999975,0.012866696351433806,-0.011639782767285434,0.006971041920107009,0.048231209145673755,0.000821365570708544,0.009977865822787509,0.0062055548820630305
cicids,0.0,a1,none,xgboost,fixed,0.05,0.05,1.0,auto_malicious,accumulate,fixed_ratio,-1.0,-1.0,,5,0.035885,0.007879078309040975,0.881008348869255,0.00914687739923516,0.8837042580713789,0.023220204786918004,0.882277496335108,0.015045517843418631,0.9866582467374565,0.0005187462772823317,0.911782338021674,0.019529914609257494,0.9967500000000001,0.00017677669529659777,0.7319,0.014255042967315149,0.050001583330694446,0.0,,,,,1579.0,0.0,29558.867819552426,4052.214143173,16833182.84767838,5795271.045770614,29302.40172034334,1154.4045283619307,-0.007819999999999999,0.010896536146867957,0.012255815838534478,0.011214812883580295,0.048301587178887766,0.0002286606837352439,0.009977865822787509,0.0062055548820630305
cicids,0.0,a1,none,xgboost,fixed,0.05,0.1,1.0,auto_malicious,accumulate,fixed_ratio,-1.0,-1.0,,5,0.03708,0.016582976964345093,0.8956472400097268,0.021434216073082178,0.8839064261346514,0.045005673839210135,0.888970130365256,0.020579898189017037,0.9883270631028612,0.0007749166392938673,0.9050495734378602,0.03144375173747969,0.99745,0.0004808846015417804,0.78365,0.033251691686288665,0.0999909999099991,0.0,,,,,3333.0,0.0,61821.50847534921,4455.333477934367,33515671.483463477,5587752.665050207,60339.76668339727,1177.739589965381,-0.006625000000000001,0.012162609197865397,0.026894706979006245,0.024849181233129642,0.04831208956310181,0.0002483088800548396,0.009977865822787509,0.0062055548820630305
cicids,0.0,a1,none,xgboost,fixed,0.05,0.2,1.0,auto_malicious,accumulate,fixed_ratio,-1.0,-1.0,,5,0.04687500000000001,0.0187262766587488,0.9386074410310448,0.017751442277581176,0.8632549401104559,0.04705327701441223,0.8984484345500323,0.01860967148605847,0.9885661495906624,0.001293321130305173,0.8926446852663131,0.022077758865770243,0.9970000000000001,0.000530330085889964,0.9300499999999999,0.033782576870333605,0.2,0.0,,,,,7500.0,0.0,149614.59900925244,12814.118206684552,86103404.56637952,17006952.198939238,137169.11269819352,887.6357254845427,0.003170000000000002,0.015537348148895937,0.06985490800032423,0.012278380586513225,0.048520121340943884,0.0001660923013168247,0.009977865822787509,0.0062055548820630305
cicids,0.0,a1,none,xgboost,fixed,0.07,0.02,1.0,auto_malicious,accumulate,fixed_ratio,-1.0,-1.0,,5,0.055975,0.019241686516519283,0.8601929156196807,0.011687871692852188,0.8281924196184691,0.04815331838091697,0.8432129397896697,0.024477860025184397,0.9822741412012646,0.0024979679536891422,0.8866036430712475,0.019670149125707206,0.99665,0.0001369306393762545,0.6950999999999999,0.034580793079395954,0.0199921599372795,0.0,,,,,612.0,0.0,12187.396092776256,2966.6150626167823,6870768.3958953945,2998169.718756019,11883.42507650439,784.0498359656783,0.01227,0.014062909994023286,-0.008559617411039944,0.008742813858068394,0.06536318929610631,0.0009978578335485349,0.009977865822787509,0.0062055548820630305
cicids,0.0,a1,none,xgboost,fixed,0.07,0.05,1.0,auto_malicious,accumulate,fixed_ratio,-1.0,-1.0,,5,0.035985,0.009609282621507183,0.8803436816081704,0.010441637102664311,0.8836323590431665,0.02828277222458891,0.8818099445453582,0.01594134719141908,0.9864699505552403,0.000536364217240373,0.9074014295596033,0.022741436513352614,0.9968,0.00020916500663348037,0.73455,0.009624837660968607,0.050001583330694446,0.0,,,,,1579.0,0.0,29611.655016755733,4046.59536706033,17126925.4683228,6059427.427520791,30465.84054248619,1252.3381215149066,-0.007719999999999999,0.01415593294346932,0.01159114857744994,0.012985951018776101,0.06531899891207278,0.0005171224388795118,0.009977865822787509,0.0062055548820630305
cicids,0.0,a1,none,xgboost,fixed,0.07,0.1,1.0,auto_malicious,accumulate,fixed_ratio,-1.0,-1.0,,5,0.039389999999999994,0.01320606631438749,0.9003809678203778,0.014475197702406196,0.8772565493312043,0.03413367588817299,0.8881520209931724,0.011979305519003537,0.9884060111858636,0.0007855989384398672,0.9195296287756513,0.01348612295678096,0.9972,0.0004808846015417807,0.7827999999999999,0.03196990772585994,0.0999909999099991,0.0,,,,,3333.0,0.0,61892.09432074963,4390.317780129584,33835932.97530514,5409258.662167833,62796.548277275906,1226.5674253600325,-0.004315000000000001,0.009925198360738186,0.031628434789657156,0.01721200708142472,0.06526996504470065,0.0003883236142537559,0.009977865822787509,0.0062055548820630305
cicids,0.0,a1,none,xgboost,fixed,0.07,0.2,1.0,auto_malicious,accumulate,fixed_ratio,-1.0,-1.0,,5,0.044,0.017898472351013647,0.9370025127664748,0.008549571503226857,0.8698841104468198,0.047827309167631796,0.9016640643674325,0.026240278293319316,0.9890795874199563,0.0013186193975119986,0.9072630850818537,0.008626369549071755,0.99695,0.0004107919181288724,0.9093,0.023712074983012373,0.2,0.0,,,,,7500.0,0.0,149881.63240030664,12878.972564770638,87380591.55521628,18039533.78749536,142879.496790247,1020.1234758047876,0.00029500000000000083,0.014474810016024388,0.06824997973575422,0.013501524220464634,0.06549662205094067,0.00021863547520367126,0.009977865822787509,0.0062055548820630305
cicids,0.0,a1,none,xgboost,fixed,0.1,0.005,1.0,auto_malicious,accumulate,fixed_ratio,-1.0,-1.0,,5,0.033455,0.0039407090098102894,0.8689308583934506,0.004839380216997461,0.889180079057799,0.011259257264803335,0.8788827156609675,0.003331683605361358,0.9848347027235146,0.0009909550966222336,0.8742909845515333,0.0035883735536012063,0.9968,0.00011180339887497304,0.73525,0.016975165684022037,0.005008125766972903,0.0,,,,,151.0,0.0,2603.7984659070653,389.3789709575171,1192769.9955794574,313304.53611236124,2927.7359650291132,612.0602597216525,-0.01025,0.011013954217264569,0.0001783253627299919,0.01029126858614786,0.09100813636040211,0.00225068477735353,0.009977865822787509,0.0062055548820630305
cicids,0.0,a1,none,xgboost,fixed,0.1,0.01,1.0,auto_malicious,accumulate,fixed_ratio,-1.0,-1.0,,5,0.039845000000000005,0.014422393612018775,0.8701629245359488,0.006989349581616448,0.8722553153549736,0.03875232350068802,0.8708003858727856,0.018816065944158265,0.9846151142903461,0.0009198968216438634,0.8848051648605025,0.020540906983876936,0.9967500000000001,0.00017677669529659777,0.7277,0.024530210965256725,0.00999900999901,0.0,,,,,303.0,0.0,6552.415781645961,3080.393569491158,4688798.890045797,4243838.869587832,6076.32660807318,617.2290362690647,-0.003860000000000001,0.013015190644012863,0.00141039150522817,0.009917910657462076,0.09032301474981078,0.0012089672488565155,0.009977865822787509,0.0062055548820630305
cicids,0.0,a1,none,xgboost,fixed,0.1,0.02,1.0,auto_malicious,accumulate,fixed_ratio,-1.0,-1.0,,5,0.04838,0.0048656127568889014,0.8629002188538543,0.014526917534724907,0.8462230637215022,0.0148343802539192,0.8544616867827244,0.013990168255083786,0.9835799096214639,0.0022762341157033937,0.8841134424717547,0.02345212079412225,0.9967500000000001,0.00017677669529659777,0.7060500000000001,0.030488932418174304,0.0199921599372795,0.0,,,,,612.0,0.0,12307.320789742,3095.8453479108134,6861930.112892675,2743096.9898568303,13192.387636989482,1139.633036893736,0.0046749999999999995,0.00677156278121971,-0.005852314176866313,0.00883621501317409,0.09062948250900545,0.001058294797882487,0.009977865822787509,0.0062055548820630305
cicids,0.0,a1,none,xgboost,fixed,0.1,0.05,1.0,auto_malicious,accumulate,fixed_ratio,-1.0,-1.0,,5,0.03834,0.011151801984432832,0.8759990273162034,0.012344023149480705,0.876585290024224,0.032121570871744144,0.8760627503164169,0.01837948869588044,0.9849457536273001,0.0022271201653071685,0.9190223656905696,0.007553546547989382,0.99685,0.0002236067977499533,0.7085,0.035441412923302044,0.050001583330694446,0.0,,,,,1579.0,0.0,29726.55389126489,4042.261936636906,17735485.32105059,6509454.13524602,33178.616145945525,1574.8484125351927,-0.005364999999999999,0.013562915892240873,0.007246494285482718,0.014791466962105817,0.09049369262974472,0.0006258473505364919,0.009977865822787509,0.0062055548820630305
cicids,0.0,a1,none,xgboost,fixed,0.1,0.1,1.0,auto_malicious,accumulate,fixed_ratio,-1.0,-1.0,,5,0.038669999999999996,0.012999319693737823,0.8869255086325687,0.01807252645531534,0.8774266115179887,0.03489073289564843,0.8817251624841607,0.01797549126668886,0.9868794719137555,0.0019425842592060885,0.9109061563292599,0.02425175143606412,0.9971500000000001,0.0005477225575051598,0.7506999999999999,0.03826772465146052,0.0999909999099991,0.0,,,,,3333.0,0.0,62061.787599883784,4299.956128735649,34614595.32610985,5190158.158450952,68510.31004421125,1570.0058314763603,-0.005035,0.012193038485135687,0.018172975601848097,0.024083160509354887,0.09033014239475098,0.00040116880632878595,0.009977865822787509,0.0062055548820630305
cicids,0.0,a1,none,xgboost,fixed,0.1,0.2,1.0,auto_malicious,accumulate,fixed_ratio,-1.0,-1.0,,5,0.04807,0.02024553500157504,0.9340196157899003,0.014411854086645493,0.8599011240789473,0.05086250330607922,0.8944867198915821,0.021871375557292835,0.9877654506768259,0.0013322384053328373,0.8952732303435555,0.02035161219225614,0.99695,0.0006708203932499306,0.9131,0.03353291293639729,0.2,0.0,,,,,7500.0,0.0,150440.51441940555,12992.01755690027,90196966.8798116,19850005.81616489,156055.85339588576,1178.5311829946752,0.004365,0.017209886330246345,0.06526708275917972,0.01478555804335086,0.09055539550988481,0.00047915472598967053,0.009977865822787509,0.0062055548820630305
cicids,0.0,a1,none,xgboost,fixed,0.1,0.5,1.0,auto_malicious,accumulate,fixed_ratio,-1.0,-1.0,,5,0.06645000000000001,0.0391149028504482,0.9353975845019049,0.014581923714276954,0.8206070341313266,0.08112358048632427,0.8719913935288389,0.04285988740730564,0.9824622916835535,0.0024261236535983305,0.8841595572976712,0.021283253660853648,0.9970000000000001,0.000901387818865979,0.92935,0.02681277680509798,0.5,0.0,,,,,30000.0,0.0,583475.8063642879,11073.455081679755,344714098.1339331,20846694.66315956,637684.4068334086,14647.277168613786,0.022745000000000005,0.03595260508641898,0.06664505147118424,0.01242175455498094,0.09030748479091491,0.0005496985549270746,0.009977865822787509,0.0062055548820630305
cicids,0.0,a1,none,xgboost,fixed,0.2,0.02,1.0,auto_malicious,accumulate,fixed_ratio,-1.0,-1.0,,5,0.05322,0.012059855927829318,0.8558968955175489,0.018726829706597548,0.8333885021295833,0.02740084630690715,0.8440202380875508,0.008661010631637657,0.9819386281105617,0.0011010217655434335,0.8783490892321881,0.0033037338454382447,0.9966000000000002,0.0003354101966249874,0.69085,0.05991885137417107,0.0199921599372795,0.0,,,,,612.0,0.0,12867.001194963623,3638.5789037966206,7354932.090704816,2125506.7211548975,25030.691880609473,6311.273106264983,0.009515,0.014638685904137704,-0.012855637513171758,0.01721126270371975,0.17278407595355014,0.001653119537228816,0.009977865822787509,0.0062055548820630305
cicids,0.0,a1,none,xgboost,fixed,0.2,0.05,1.0,auto_malicious,accumulate,fixed_ratio,-1.0,-1.0,,5,0.037605,0.012136146937970058,0.8667098970576316,0.010400214255970357,0.8778612307416045,0.034572302755534925,0.8719040787481773,0.016158630829520702,0.983834495217638,0.0017487059130974082,0.9026054876642841,0.021734959978726168,0.99685,0.00037914377220256965,0.69765,0.014118471942813068,0.050001583330694446,0.0,,,,,1579.0,0.0,30424.384467469983,4066.532181099272,21473703.452810965,8533267.845134893,55703.258555710476,5967.455630102093,-0.0061,0.010764641192348214,-0.0020426359730890686,0.008380170972503247,0.172613432715349,0.0006834934787439534,0.009977865822787509,0.0062055548820630305
cicids,0.0,a1,none,xgboost,fixed,0.2,0.1,1.0,auto_malicious,accumulate,fixed_ratio,-1.0,-1.0,,5,0.036445,0.00867181858089755,0.8784145254113642,0.011516939443243192,0.8820709209907379,0.023819656181748618,0.8800204144068389,0.010468203019307938,0.9864269998784145,0.0014613904805568622,0.9077703481669357,0.01985817599464529,0.99695,0.0003708099243547818,0.72805,0.03888661402076555,0.0999909999099991,0.0,,,,,3333.0,0.0,63192.50826939436,4065.4326838390907,40288474.80603245,4902648.020038199,115665.54584945951,6403.69310005996,-0.007260000000000001,0.007533292772752164,0.00966199238064358,0.007750463404681186,0.17262102139585886,0.0011179189204050218,0.009977865822787509,0.0062055548820630305
cicids,0.0,a1,none,xgboost,fixed,0.2,0.2,1.0,auto_malicious,accumulate,fixed_ratio,-1.0,-1.0,,5,0.051675000000000006,0.014772112662039916,0.8769392883196888,0.03141140597186569,0.8416247214565855,0.03530570748456805,0.857948739244231,0.00822246547711337,0.9824033596093054,0.0025369006482738616,0.9164399354392436,0.010569504016125105,0.99685,0.0006519202405202341,0.7142000000000001,0.0914209699686018,0.2,0.0,,,,,7500.0,0.0,153706.793094597,13509.467032846105,108935456.28930676,28546954.957875885,263883.40905851877,4228.540402405355,0.007970000000000001,0.009296158480791945,0.008186755288968128,0.02812332740467876,0.17261844716975427,0.0007211707097885766,0.009977865822787509,0.0062055548820630305
cicids,0.0,a1,none,xgboost,fixed,0.3,0.005,1.0,auto_malicious,accumulate,fixed_ratio,-1.0,-1.0,,5,0.03305,0.008057915363169311,0.8809597146794197,0.007372532535937298,0.8920465535837051,0.022994831032694823,0.8863333737576905,0.011918532207857772,0.9868653582718651,0.0006847236873460675,0.8828683421720083,0.010777953324897614,0.9967500000000001,0.0,0.7631,0.011790621272859209,0.005008125766972903,0.0,,,,,151.0,0.0,2809.9904960946974,487.2005266134528,1698596.898784522,409707.15356191143,8583.547715333396,2952.64256175229,-0.010655000000000001,0.006166476911494927,0.012207181648699028,0.005720578992615867,0.25203698837677635,0.004780329592925123,0.009977865822787509,0.0062055548820630305
cicids,0.0,a1,none,xgboost,fixed,0.3,0.01,1.0,auto_malicious,accumulate,fixed_ratio,-1.0,-1.0,,5,0.034550000000000004,0.0101372919214157,0.872270406095485,0.00758985145103728,0.8869721558549074,0.029366829984691128,0.8793547531957909,0.015054561840063773,0.9858394919753586,0.0016724860371797616,0.880147567442933,0.012745765822682891,0.9967,0.00020916500663347926,0.7393,0.017693042417854552,0.00999900999901,0.0,,,,,303.0,0.0,6651.331450411458,2537.6514575953593,6407844.960807691,4647024.669150561,20615.197714629925,6150.171898633098,-0.009155,0.012460768435373477,0.0035178730647645205,0.008179448874679746,0.25600611954755365,0.001993829362460773,0.009977865822787509,0.0062055548820630305
cicids,0.0,a1,none,xgboost,fixed,0.3,0.02,1.0,auto_malicious,accumulate,fixed_ratio,-1.0,-1.0,,5,0.04514,0.016942712297622245,0.8696117370511469,0.01750592525338395,0.8581912515463633,0.041283589616947156,0.8631085379308413,0.01573115652388742,0.984244566547783,0.00189725855793441,0.8894166474521559,0.010130315777313026,0.9966000000000002,0.00022360679774999933,0.72115,0.044659335530211376,0.0199921599372795,0.0,,,,,612.0,0.0,13698.865185677161,4389.344851121651,8914760.881707793,2063220.082469918,52924.94411365865,13669.168423350622,0.0014350000000000022,0.015461308563637166,0.0008592040204263407,0.017897778329429445,0.2556677139142656,0.003195474555693172,0.009977865822787509,0.0062055548820630305
cicids,0.0,a1,none,xgboost,fixed,0.3,0.05,1.0,auto_malicious,accumulate,fixed_ratio,-1.0,-1.0,,5,0.039615,0.010489616890048941,0.8672935073356569,0.01373520085177145,0.8719606614638856,0.02782136648351395,0.8692866206453962,0.010992370331256803,0.9843227508713627,0.0007059089740284203,0.8979478902467143,0.02522580034044854,0.9967500000000001,0.00017677669529661742,0.7046,0.03270254195012979,0.050001583330694446,0.0,,,,,1579.0,0.0,31631.81746559924,4159.244631954406,28976393.921039384,11561547.164988171,116944.59782558407,9673.526674793486,-0.004090000000000002,0.01480908293919647,-0.0014590256950636426,0.01059539106542969,0.2542523958131831,0.001199204685458388,0.009977865822787509,0.0062055548820630305
cicids,0.0,a1,none,xgboost,fixed,0.3,0.1,1.0,auto_malicious,accumulate,fixed_ratio,-1.0,-1.0,,5,0.039749999999999994,0.008670658135343592,0.8879468266191133,0.021061842485118908,0.8739098518317565,0.022287271649577455,0.8805608955189748,0.011426201592339516,0.9872762944800193,0.0010249425363305553,0.9175005764353241,0.017009745934926608,0.99685,0.00022360679774996675,0.7470000000000001,0.04725595200607008,0.0999909999099991,0.0,,,,,3333.0,0.0,65239.70298121691,3950.1182884947107,52996316.28674309,5922869.437809111,247667.48829727946,23101.691237444575,-0.003955000000000001,0.008679454907999694,0.01919429358839264,0.021382718441968172,0.25432074795894144,0.001477816928108505,0.009977865822787509,0.0062055548820630305
cicids,0.0,a1,none,xgboost,fixed,0.3,0.2,1.0,auto_malicious,accumulate,fixed_ratio,-1.0,-1.0,,5,0.0539,0.013760768510515683,0.9066385669125395,0.017358159410016543,0.839707767286266,0.03485529172573153,0.8714298847428502,0.017006938144003576,0.9857654168355354,0.000452529358431821,0.9234955038044731,0.016050510108198624,0.99665,0.00028504385627479045,0.79835,0.04315473612478706,0.2,0.0,,,,,7500.0,0.0,159252.77069231152,14259.931766283506,149428172.77764982,43165436.93147296,582037.7986003909,14727.15780428285,0.010195000000000001,0.009584955659782677,0.0378860338818189,0.014875402978325295,0.25405201657983284,0.0008899257649412183,0.009977865822787509,0.0062055548820630305
cicids,0.0,a1,none,xgboost,fixed,0.3,0.5,1.0,auto_malicious,accumulate,fixed_ratio,-1.0,-1.0,,5,0.0653,0.02041382037983092,0.919867066547783,0.0308273784121671,0.8156218187612556,0.04280523949682719,0.8634698348521775,0.016122407117000605,0.9820288189997568,0.0033389116767981886,0.9089693336407656,0.022408673923051705,0.99695,0.0007373940601876206,0.8545999999999999,0.0860633124507766,0.5,0.0,,,,,30000.0,0.0,615751.4914078758,10027.645814565461,592723642.9865106,79801144.47014208,2354157.4899307713,109065.14488531544,0.021595,0.015431202156669455,0.0511145335170625,0.03071089601305318,0.25354973425167204,0.0009932369598495085,0.009977865822787509,0.0062055548820630305
cicids,0.0,a1,none,xgboost,fixed,0.7,0.02,1.0,auto_malicious,accumulate,fixed_ratio,-1.0,-1.0,,5,0.04699,0.005310737943073449,0.8827753910999434,0.010727180483527221,0.8530033009678112,0.013961642810824256,0.8675603862659369,0.00879502770001816,0.9863224600794359,0.0008293176728320722,0.8804242563984321,0.008817161950827825,0.99665,0.0001369306393762545,0.77145,0.024062678570765984,0.0199921599372795,0.0,,,,,612.0,0.0,20974.56990241011,10929.84601747455,60137563.659487106,16262415.444439486,283631.2596867584,51213.5953503645,0.0032849999999999984,0.007999582020330812,0.014022858069222677,0.0165688681973492,0.5602404002212811,0.00394411356392307,0.009977865822787509,0.0062055548820630305
cicids,0.0,a1,none,xgboost,fixed,0.7,0.05,1.0,auto_malicious,accumulate,fixed_ratio,-1.0,-1.0,,5,0.047025,0.014023830165115376,0.8844451649509605,0.01662128729784275,0.8544434275376623,0.03419106734028208,0.8686693388971495,0.01427648247563834,0.9863451422550054,0.0010982381895610538,0.8871570209822458,0.0272236678798803,0.9968,0.00020916500663349365,0.76915,0.029630326525369257,0.050001583330694446,0.0,,,,,1579.0,0.0,43107.54854736723,5606.046610363742,249939311.96552357,46827859.37199379,746455.5967403963,105177.90791436499,0.00332,0.015467116327874434,0.01569263192023993,0.016262543939615858,0.5599149552431368,0.0023256589969045537,0.009977865822787509,0.0062055548820630305
cicids,0.0,a1,none,xgboost,fixed,0.7,0.1,1.0,auto_malicious,accumulate,fixed_ratio,-1.0,-1.0,,5,0.04951,0.01190158340306028,0.8951771095079841,0.01625898826067259,0.849012441467873,0.02781435685629351,0.8710811901726242,0.010630261501755996,0.9867122497365648,0.001515780623132367,0.9101683191145954,0.017835322521014885,0.9967500000000001,0.00024999999999997247,0.77735,0.036892834670163244,0.0999909999099991,0.0,,,,,3333.0,0.0,85268.83709967462,5491.5000583182755,537804161.9664543,181937701.44938898,1573228.6430248183,66766.66092968805,0.005805000000000001,0.012940312496226665,0.02642457647726353,0.013610213313913506,0.5598887757901366,0.002807437113195707,0.009977865822787509,0.0062055548820630305
cicids,0.0,a1,none,xgboost,fixed,0.7,0.2,1.0,auto_malicious,accumulate,fixed_ratio,-1.0,-1.0,,5,0.064355,0.01166624939729989,0.9301775147928995,0.01884479851458717,0.8177070687453982,0.024339637917610995,0.8699165070526323,0.007690560979408089,0.987512287022777,0.000879241086362787,0.9126124048881715,0.009183973376368221,0.9969000000000001,0.000379143772202566,0.8825,0.05613098520425239,0.2,0.0,,,,,7500.0,0.0,211062.36363149591,20818.078295637693,1868287606.662712,805623499.2105016,3543560.684475253,88106.43388769333,0.020649999999999998,0.009727024210929053,0.06142498176217881,0.017449235979006984,0.5591151059912843,0.002375584700335965,0.009977865822787509,0.0062055548820630305
cicids,0.0,a1,none,xgboost,fixed,1.5,0.005,1.0,auto_malicious,accumulate,fixed_ratio,-1.0,-1.0,,5,0.030069999999999996,0.009680818663728807,0.8747183269838696,0.003014731395581414,0.9004401871292711,0.028192880351183686,0.8872174008007552,0.014131160149962735,0.9863748064764529,0.0007690411917905707,0.8738298362923681,0.005023659478588364,0.9967500000000001,0.0,0.75365,0.005076292938749707,0.005008125766972903,0.0,,,,,151.0,0.0,10613.78103041286,3273.5300838300655,3304387496.963252,4555417896.034103,217537.62975968164,65961.2090493337,-0.013635,0.01882778531851264,0.005965793953149068,0.006415955909246963,1.0610277222805933,0.011703186184324435,0.009977865822787509,0.0062055548820630305
cicids,0.0,a1,none,xgboost,fixed,1.5,0.01,1.0,auto_malicious,accumulate,fixed_ratio,-1.0,-1.0,,5,0.035985,0.01177620216793173,0.8691740293426278,0.007945238391727524,0.8826759261364584,0.03367108243981043,0.8756110835165133,0.017496090735793595,0.9866256217070599,0.0017678330276750115,0.8678349089232189,0.00690837955835414,0.9967500000000001,0.0,0.74305,0.018904695184001227,0.00999900999901,0.0,,,,,303.0,0.0,24614.063055306484,4030.6758074710788,12276065314.079853,5847288840.541371,447207.9440489264,83152.13785909039,-0.007720000000000002,0.012686575089440016,0.00042149631190728786,0.010419905911430036,1.0628672291709718,0.011936518836918472,0.009977865822787509,0.0062055548820630305
cicids,0.0,a1,none,xgboost,fixed,1.5,0.02,1.0,auto_malicious,accumulate,fixed_ratio,-1.0,-1.0,,5,0.046235,0.008097484177199729,0.8685255734781551,0.0044966539428646524,0.8532528378996436,0.02177705856931202,0.8607054530148318,0.01142473071531694,0.985305939653076,0.0008782786055052832,0.8752132810698641,0.00556587036445813,0.9968,0.00011180339887495234,0.733,0.012433573500808228,0.0199921599372795,0.0,,,,,612.0,0.0,98940.07301470924,83445.30878316435,24474804854.277946,6410849409.020047,912139.8116799912,126571.27116439654,0.0025299999999999997,0.01079699611002986,-0.0002269595525654422,0.010232204105005725,1.0621106413443386,0.005641409246522165,0.009977865822787509,0.0062055548820630305
cicids,0.0,a1,none,xgboost,fixed,1.5,0.05,1.0,auto_malicious,accumulate,fixed_ratio,-1.0,-1.0,,5,0.04196,0.0051386282216171275,0.8932965875010132,0.01379750813252678,0.868032728910147,0.013780289860667951,0.8803839074092721,0.008886929400905859,0.9875001513739159,0.0008248290176444914,0.8728153101222043,0.007191547591281697,0.99685,0.0002236067977499533,0.8119500000000001,0.03667526414356141,0.050001583330694446,0.0,,,,,1579.0,0.0,158619.97526431072,30851.991871312915,80868122723.12476,10512015416.616175,2373981.765436852,133603.0697349258,-0.001745,0.006861040373004664,0.0245440544702926,0.01147942604615463,1.0591578042930059,0.003382434180750285,0.009977865822787509,0.0062055548820630305
cicids,0.0,a1,none,xgboost,fixed,1.5,0.1,1.0,auto_malicious,accumulate,fixed_ratio,-1.0,-1.0,,5,0.046625,0.00917396111284542,0.9066872011023749,0.018898744580732155,0.8578585453332768,0.02188425471089411,0.8812438017857349,0.006027530140240162,0.98760360075383,0.0012468032549821388,0.8640073783721466,0.031378589233382256,0.9968,0.00020916500663349695,0.8628499999999999,0.03607830026484059,0.0999909999099991,0.0,,,,,3333.0,0.0,283287.5024998661,42733.0133290553,145358492164.01535,13861996342.258701,5082536.430021493,184590.24799097262,0.00292,0.005802380976805985,0.037934668071654354,0.02015769996052684,1.0581742146559063,0.004909940435617107,0.009977865822787509,0.0062055548820630305
cicids,0.0,a1,none,xgboost,fixed,1.5,0.2,1.0,auto_malicious,accumulate,fixed_ratio,-1.0,-1.0,,5,0.06743,0.017814788449487688,0.9312150441760558,0.01699537055422692,0.8116084506200849,0.036698140807678824,0.866708348570117,0.01806182988475287,0.9862151009159439,0.001924072120681786,0.8759050034586119,0.03441445369179886,0.99755,0.0012673791855636663,0.92485,0.03768396542297534,0.2,0.0,,,,,7500.0,0.0,736205.1353697837,158684.93116664747,348761621867.74164,51400058939.42561,11414139.562302968,342360.14474982495,0.023725,0.01872651863000702,0.062462511145335166,0.012986279881740781,1.0542563956797593,0.007642580544496134,0.009977865822787509,0.0062055548820630305
cicids,0.0,a1,none,xgboost,fixed,1.5,0.5,1.0,auto_malicious,accumulate,fixed_ratio,-1.0,-1.0,,5,0.07916999999999999,0.023620028577459432,0.9324795331117777,0.017641955068093795,0.7871058503956935,0.04797675944817046,0.8526167075770312,0.021969782154635027,0.982564397341331,0.0013053463658630404,0.8633617708093151,0.03957474305517673,0.99755,0.0010810874155219802,0.94235,0.013022336579892265,0.5,0.0,,,,,30000.0,0.0,2774338.682791662,280959.5641101734,1417698133748.128,115056440679.49184,45716095.170538776,813001.0981836162,0.035465,0.019707760210130425,0.06372700008105699,0.014452530543831532,1.05365202140995,0.005489799409301666,0.009977865822787509,0.0062055548820630305
cicids,0.0,a1,none,xgboost,recalibrated,0.0,0.005,1.0,auto_malicious,accumulate,fixed_ratio,-1.0,-1.0,,5,0.00902,0.0014755719230183256,0.8307205965793953,0.03566661996392531,0.9661352083992867,0.004380030835122183,0.8929270807790066,0.019653508962535933,0.9546722120450676,0.008824626704713824,0.8134194143417108,0.02595183273695673,0.9957499999999999,0.0006614378277661482,0.68445,0.09193516737353562,0.005008125766972903,0.0,,,,,151.0,0.0,2554.8,353.0838427342718,1138698.0,313722.524187378,2698.3512782,579.228181638646,0.0009749999999999998,0.001193078999899001,0.01964821269352355,0.03650501820713359,0.010602133547744839,0.0017507027543012625,0.0013768771972570868,0.020048535258507114
cicids,0.0,a1,none,xgboost,recalibrated,0.0,0.01,1.0,auto_malicious,accumulate,fixed_ratio,-1.0,-1.0,,5,0.00931,0.0008356509438754912,0.8461214233606225,0.010483742358077124,0.9655395903713353,0.003253527552662752,0.9018756614633556,0.007036978692767588,0.9419095525654535,0.01466040555594973,0.8271616324648374,0.01943303605125453,0.9961,0.0003791437722025765,0.7167,0.018098169796971184,0.00999900999901,0.0,,,,,303.0,0.0,6627.6,3372.8405387744024,4401951.4,4210816.563319138,5356.370484000001,528.1902873044207,0.0012649999999999996,0.0014871953469534527,0.03504903947475076,0.018368538958896792,0.010494820840572353,0.0015766567866756492,0.0013768771972570868,0.020048535258507114
cicids,0.0,a1,none,xgboost,recalibrated,0.0,0.02,1.0,auto_malicious,accumulate,fixed_ratio,-1.0,-1.0,,5,0.009240000000000002,0.0011563141874075574,0.8313366296506445,0.014429554582024228,0.9652527550926153,0.003993182183786319,0.8932366814657342,0.007755812420252713,0.9316295932965876,0.01914952928194964,0.7976942587041733,0.03572396241806832,0.99565,0.0006982120021884116,0.7035,0.007572565615430441,0.0199921599372795,0.0,,,,,612.0,0.0,11988.0,2716.487805972999,7140254.0,3694386.577159529,10762.414079400001,708.0651730377367,0.001195,0.0018347683777523527,0.020264245764772683,0.010109888873788138,0.010353908058669573,0.0011912963121897856,0.0013768771972570868,0.020048535258507114
cicids,0.0,a1,none,xgboost,recalibrated,0.0,0.05,1.0,auto_malicious,accumulate,fixed_ratio,-1.0,-1.0,,5,0.00996,6.274950199005604e-05,0.8124503525978763,0.014634141849131683,0.9617613310267483,0.0007836351502262447,0.8807712041555504,0.008917059294109263,0.9063340613601362,0.009882454565588955,0.7756974867419875,0.008417376957137828,0.99565,0.00013693063937627307,0.6691,0.041909351581717394,0.050001583330694446,0.0,,,,,1579.0,0.0,29510.0,4075.350353037147,16468649.2,5254777.720617086,28307.0940114,1265.778634492983,0.0019149999999999994,0.001579220535580766,0.0013779687120045292,0.019105820411984904,0.010431682190518916,0.0002744500307690419,0.0013768771972570868,0.020048535258507114
cicids,0.0,a1,none,xgboost,recalibrated,0.0,0.1,1.0,auto_malicious,accumulate,fixed_ratio,-1.0,-1.0,,5,0.009995,1.118033988749917e-05,0.8016535624544054,0.03797301220065727,0.9610786571626866,0.0018507645552947982,0.8737907069169536,0.02378054553091593,0.8849101428629327,0.014356744282084064,0.7720544154945814,0.008485315934600434,0.9954000000000001,0.0005477225575051321,0.64,0.12619813291011875,0.0999909999099991,0.0,,,,,3333.0,0.0,61792.8,4634.075064130921,33370635.6,6164406.520400588,58213.56745740001,1510.2799995067382,0.0019499999999999997,0.00158113883008419,-0.009418821431466306,0.04032995873665281,0.010522984119221288,0.0002878980498117887,0.0013768771972570868,0.020048535258507114
cicids,0.0,a1,none,xgboost,recalibrated,0.0,0.2,1.0,auto_malicious,accumulate,fixed_ratio,-1.0,-1.0,,5,0.00976,0.000522792980059985,0.7511712734052038,0.0568110405085343,0.9593898572465234,0.003920466373097059,0.8417197855414814,0.03777834188973632,0.8460956683148254,0.033251738576627554,0.7511643993543925,0.022803186904405748,0.9948,0.0008551315688243205,0.50755,0.17261530566551736,0.2,0.0,,,,,7500.0,0.0,149313.4,12688.47017177406,84889593.6,15012718.485969665,131937.0163472,526.3872013475903,0.001715,0.0015974197945436888,-0.05990111048066789,0.051946618342565976,0.011071405657643656,0.00034551968343434235,0.0013768771972570868,0.020048535258507114
cicids,0.0,a1,none,xgboost,recalibrated,0.0,0.5,1.0,auto_malicious,accumulate,fixed_ratio,-1.0,-1.0,,5,0.009944999999999999,6.22494979899441e-05,0.5923968549890573,0.06776740940306462,0.9479466088590145,0.004980404222351618,0.7275514266925992,0.05124879672686512,0.72812418618789,0.06064870446969578,0.4866497578971639,0.027079260320809852,0.99375,0.00043301270189222303,0.30569999999999997,0.20195168048322848,0.5,0.0,,,,,30000.0,0.0,580076.0,11994.591677085145,321350703.6,16471987.633616712,534067.1535051999,6011.250187997705,0.0018999999999999996,0.001590302644152993,-0.21867552889681444,0.05756719209356878,0.010793520647202747,0.0012377923938563728,0.0013768771972570868,0.020048535258507114
cicids,0.0,a1,none,xgboost,recalibrated,0.01,0.005,1.0,auto_malicious,accumulate,fixed_ratio,-1.0,-1.0,,5,0.00753,0.0017872290004361498,0.8137148415335981,0.024048761319965813,0.9707505720953413,0.007451550022782463,0.885234784704749,0.01714444786999485,0.983650220069709,0.002117744938374369,0.8167396818077013,0.007569366247195988,0.9957499999999999,0.00030618621784792114,0.6284,0.06739844211849409,0.005008125766972903,0.0,,,,,151.0,0.0,2558.128143062796,356.36484773361684,1139349.0459932424,311530.7096576008,2678.681792929915,575.290914092047,-0.0005150000000000004,0.0026888426878491794,0.002642457647726326,0.04001755424568357,0.014301275655447476,0.0015652003985709465,0.0013768771972570868,0.020048535258507114
cicids,0.0,a1,none,xgboost,recalibrated,0.01,0.01,1.0,auto_malicious,accumulate,fixed_ratio,-1.0,-1.0,,5,0.008395,0.0010844641533955836,0.8251276647483181,0.02244990177113241,0.9681376752202905,0.003294608350969045,0.8907669487883325,0.01204233569791695,0.9849594715084704,0.0007317663464901245,0.8203827530551072,0.007932219235309936,0.99595,0.00020916500663349918,0.65945,0.0759451693657997,0.00999900999901,0.0,,,,,303.0,0.0,6616.435412371318,3342.8881840015265,4418617.861672556,4211141.378332615,5343.785678181653,525.42761614486,0.00034999999999999994,0.0017088007490635064,0.014055280862446317,0.035540533960581086,0.01428035207804062,0.0009875441560807624,0.0013768771972570868,0.020048535258507114
cicids,0.0,a1,none,xgboost,recalibrated,0.01,0.02,1.0,auto_malicious,accumulate,fixed_ratio,-1.0,-1.0,,5,0.009340000000000001,0.0005751630203690081,0.7938234578908973,0.022447194483836835,0.9632770219936321,0.0013344656587153578,0.8702311657236054,0.013109710605766304,0.9814104985004459,0.00351284881841948,0.8100991468757204,0.009589777353353975,0.9957499999999999,0.0006846531968814621,0.5742499999999999,0.06727694627433684,0.0199921599372795,0.0,,,,,612.0,0.0,12009.762641639174,2748.113987102125,7080794.702525869,3586579.9100903803,10785.035215267071,685.1806815533193,0.0012950000000000001,0.00175217721706453,-0.017248925994974452,0.020412153736173357,0.013824327365341147,0.00094761901401091,0.0013768771972570868,0.020048535258507114
cicids,0.0,a1,none,xgboost,recalibrated,0.01,0.05,1.0,auto_malicious,accumulate,fixed_ratio,-1.0,-1.0,,5,0.00925,0.0007832225098910271,0.8377563427089244,0.008890550721813058,0.9654348287675953,0.0029701632212112998,0.8970584203026626,0.005733431700790276,0.9864832262705683,0.0011031779730656995,0.8452847590500345,0.030854316587102706,0.9961,0.00045414755311460556,0.67125,0.007725768570181227,0.050001583330694446,0.0,,,,,1579.0,0.0,29510.271582257228,4069.7127796422674,16500166.78967851,5349382.086064038,28298.99428529139,1204.818788898185,0.0012049999999999997,0.002067864236355956,0.026683958823052613,0.02729246516830501,0.01394801833031802,0.0003100767128816751,0.0013768771972570868,0.020048535258507114
cicids,0.0,a1,none,xgboost,recalibrated,0.01,0.1,1.0,auto_malicious,accumulate,fixed_ratio,-1.0,-1.0,,5,0.009135,0.0013890869303250968,0.858377239199157,0.010785971039638763,0.9666768279570697,0.004852066753470194,0.9092753519133974,0.005874194132423057,0.9881756756099538,0.0015023114873193549,0.8426562139727922,0.02709201869743583,0.9962500000000001,0.00030618621784792965,0.7375499999999999,0.016976454282328773,0.0999909999099991,0.0,,,,,3333.0,0.0,61781.70453858866,4596.501385858683,33326201.774431296,6032465.265370412,58204.77196170384,1403.5832410493933,0.0010899999999999998,0.002497911627740261,0.04730485531328525,0.023718871612990956,0.013918432479111943,0.0001366717551793116,0.0013768771972570868,0.020048535258507114
cicids,0.0,a1,none,xgboost,recalibrated,0.01,0.2,1.0,auto_malicious,accumulate,fixed_ratio,-1.0,-1.0,,5,0.00987,7.373940601876273e-05,0.8842668395882306,0.01825172166673159,0.9650623335882396,0.0007945425947575484,0.922826935207523,0.010295541922693665,0.9894870199400179,0.0013274934468615759,0.8282222734609178,0.013058518551666207,0.9953,0.0004472135954999715,0.834,0.054141308166685435,0.2,0.0,,,,,7500.0,0.0,149331.90360752348,12709.438015226477,84910438.75240807,15344473.783349944,132013.7673440763,582.1496107188284,0.0018249999999999996,0.0015521154918368672,0.07319445570235879,0.022892248565829165,0.014381144035069316,0.0001896810596740979,0.0013768771972570868,0.020048535258507114
cicids,0.0,a1,none,xgboost,recalibrated,0.01,0.5,1.0,auto_malicious,accumulate,fixed_ratio,-1.0,-1.0,,5,0.00993,0.00010216408370851268,0.8163572991813245,0.01636484080323664,0.962046003773972,0.0008684176123841135,0.8831689475404074,0.00994891450761434,0.9819459499878415,0.0024081375964562887,0.7772192759972331,0.0103865903837208,0.9952,0.0005419870847169352,0.67995,0.04420315316807161,0.5,0.0,,,,,30000.0,0.0,580048.9528002916,11891.57258732133,321709119.14404047,16598278.427047273,534996.9961805808,6634.270985165277,0.001885,0.0016499621207773229,0.005284915295452719,0.029088188041395808,0.014164875736472057,0.0009121675486512246,0.0013768771972570868,0.020048535258507114
cicids,0.0,a1,none,xgboost,recalibrated,0.02,0.02,1.0,auto_malicious,accumulate,fixed_ratio,-1.0,-1.0,,5,0.00941,0.0007507496253745316,0.7983464375455945,0.022661001465549196,0.9632169124098396,0.0023325087702522345,0.8729152514481943,0.013247352635126037,0.9814367668395881,0.003819862999281555,0.8144800553377911,0.008166035977553795,0.9958500000000001,0.0006519202405202628,0.58335,0.07108502831117113,0.0199921599372795,0.0,,,,,612.0,0.0,12033.737767085262,2781.0559625107135,7028315.551019445,3481528.475681359,10850.715220203178,669.4417489648413,0.0013649999999999997,0.0011801218157461546,-0.012725946340277216,0.018808800910145505,0.022049220694563384,0.0005610617872495871,0.0013768771972570868,0.020048535258507114
cicids,0.0,a1,none,xgboost,recalibrated,0.02,0.05,1.0,auto_malicious,accumulate,fixed_ratio,-1.0,-1.0,,5,0.009420000000000001,0.0010086191055101031,0.8313042068574207,0.014283910220058227,0.9645261897417632,0.00411483895990151,0.8929411375065003,0.0098136934616791,0.9861152845100106,0.00044254361229262355,0.8258243025132581,0.010563214665706882,0.9962500000000001,0.00017677669529665176,0.6723,0.03696721520482712,0.050001583330694446,0.0,,,,,1579.0,0.0,29515.298114841316,4064.5734928600846,16552245.065613504,5450708.327413615,28393.122755347616,1162.8505991263335,0.001375,0.0010101051925418467,0.02023182297154902,0.02517368128262427,0.022169130237940593,0.0002221009707143897,0.0013768771972570868,0.020048535258507114
cicids,0.0,a1,none,xgboost,recalibrated,0.02,0.1,1.0,auto_malicious,accumulate,fixed_ratio,-1.0,-1.0,,5,0.008924999999999999,0.0008852965604812888,0.8532382264732107,0.011953170732688312,0.9671997067980909,0.003197763286100803,0.906617513512068,0.007142745025476675,0.9882989792899408,0.0007711155607303135,0.8274844362462531,0.023946097476963364,0.9962,0.0003259601202601599,0.7382,0.014749364393084871,0.0999909999099991,0.0,,,,,3333.0,0.0,61779.01896206938,4559.834730871519,33318287.8231197,5909330.998766077,58409.831090978485,1314.7598691877843,0.0008799999999999997,0.0015601882899188811,0.04216584258733891,0.02498695065453526,0.022056280869158444,7.378220164854701e-05,0.0013768771972570868,0.020048535258507114
cicids,0.0,a1,none,xgboost,recalibrated,0.02,0.2,1.0,auto_malicious,accumulate,fixed_ratio,-1.0,-1.0,,5,0.00927,0.0010100123761617973,0.8894220637107887,0.020473540234389995,0.9672899377852368,0.0037449423194452543,0.9266378726067735,0.012100622784719772,0.9899964458539353,0.0007327895850294059,0.8356006456075628,0.013862280817454298,0.99535,0.0003791437722025788,0.84185,0.05418763696637821,0.2,0.0,,,,,7500.0,0.0,149371.250458094,12732.486077443713,85041725.22535633,15710001.245958999,132566.08245103466,655.5330772914664,0.001225,0.0010414833171971602,0.07834967982491695,0.02431321738288719,0.02234033452151998,0.00011141610457524909,0.0013768771972570868,0.020048535258507114
cicids,0.0,a1,none,xgboost,recalibrated,0.03,0.005,1.0,auto_malicious,accumulate,fixed_ratio,-1.0,-1.0,,5,0.009170000000000001,0.0007291690476151602,0.8074572424414364,0.03135326644684085,0.9644356022951918,0.0033216699998343674,0.8787560587316732,0.019324690188980122,0.984508080975926,0.0019718260585744143,0.8118515102605487,0.0174841490524592,0.9957499999999999,0.0003061862178479032,0.6144000000000001,0.08185745995326264,0.005008125766972903,0.0,,,,,151.0,0.0,2565.830159865968,363.15663049556264,1143773.6635689307,308700.8424937188,2668.328988626062,571.6831942376314,0.0011250000000000001,0.0012809908274456928,-0.0036151414444354213,0.04537151865398647,0.031457928635491225,0.0012982695179744924,0.0013768771972570868,0.020048535258507114
cicids,0.0,a1,none,xgboost,recalibrated,0.03,0.01,1.0,auto_malicious,accumulate,fixed_ratio,-1.0,-1.0,,5,0.008199999999999999,0.0009549214627392132,0.8183675123611899,0.021641409963677496,0.9684804919608718,0.004185772270257722,0.8870223987645709,0.014187905874834527,0.9849418861959958,0.0010117579187392894,0.81941434171086,0.010394265394288315,0.9957499999999999,0.00017677669529661742,0.63985,0.07144810179423945,0.00999900999901,0.0,,,,,303.0,0.0,6596.537403527589,3283.4675696516033,4459582.802404496,4213872.557463225,5372.141452362924,526.5446936571681,0.00015499999999999976,0.0022962877650677845,0.007295128475318169,0.03144049810978584,0.030986235436547927,0.0007461059245050142,0.0013768771972570868,0.020048535258507114
cicids,0.0,a1,none,xgboost,recalibrated,0.03,0.02,1.0,auto_malicious,accumulate,fixed_ratio,-1.0,-1.0,,5,0.00937,0.0004826359911983359,0.7849720353408446,0.02949579971506876,0.962709310339077,0.0021554225035562715,0.864574573562171,0.01845400798550001,0.9805712375374889,0.002587434391599573,0.8187226193221122,0.009692893238873828,0.9958500000000001,0.0003791437722025493,0.5375,0.086498735539891,0.0199921599372795,0.0,,,,,612.0,0.0,12059.941543237095,2815.345023036833,6982802.8105715765,3379241.1439948264,10960.481066568265,662.5230733000884,0.0013249999999999994,0.0019883253003470033,-0.02610034854502712,0.033954314508833704,0.030852270334861414,0.000619118624438891,0.0013768771972570868,0.020048535258507114
cicids,0.0,a1,none,xgboost,recalibrated,0.03,0.05,1.0,auto_malicious,accumulate,fixed_ratio,-1.0,-1.0,,5,0.009145,0.0010428926119212857,0.8243819405041745,0.010917987476386257,0.9653121909076235,0.0035816676077050917,0.8892557414526208,0.005682429348904906,0.9855982181648699,0.0006764833586668558,0.8241641687802629,0.011469295848077207,0.9959,0.0006274950199005594,0.6531,0.023571433982683306,0.050001583330694446,0.0,,,,,1579.0,0.0,29525.074694692972,4059.939463296699,16624984.364493098,5558770.656404073,28590.24207489765,1140.139001020175,0.0010999999999999998,0.001638501602074286,0.013309556618302687,0.013138284321033023,0.03093057459041746,0.0002019856688058073,0.0013768771972570868,0.020048535258507114
cicids,0.0,a1,none,xgboost,recalibrated,0.03,0.1,1.0,auto_malicious,accumulate,fixed_ratio,-1.0,-1.0,,5,0.00925,0.0012633041993122638,0.8477749858150279,0.022495905012501104,0.9657848677451092,0.004995358855437448,0.9028391210910902,0.014413064346022395,0.9871779964740213,0.0009678865577328146,0.8605948812543233,0.03186414343117041,0.9963000000000001,0.00048088460154180644,0.68535,0.06270830287928383,0.0999909999099991,0.0,,,,,3333.0,0.0,61784.75079203382,4524.080539170522,33347026.954440296,5794471.661366121,58830.7221450912,1245.6379407489853,0.0012049999999999995,0.001530461531695586,0.0367026019291562,0.036132617422936976,0.03093754153979918,0.0001538635409877022,0.0013768771972570868,0.020048535258507114
cicids,0.0,a1,none,xgboost,recalibrated,0.03,0.2,1.0,auto_malicious,accumulate,fixed_ratio,-1.0,-1.0,,5,0.009465,0.00036979724174201177,0.8880116722055605,0.012361203204534188,0.9665903291316444,0.0013997307711995314,0.9256034545834322,0.007079967146315009,0.9891032491691659,0.001025617466459269,0.8299285220198295,0.005362026047036663,0.9955,0.00030618621784792775,0.8435,0.03264295482948811,0.2,0.0,,,,,7500.0,0.0,149431.46231161218,12757.61460101578,85283752.32757486,16108978.111610923,133600.64933369384,734.5992229389846,0.0014199999999999996,0.0016848034009937188,0.07693928831968874,0.023403187873794386,0.031145766227097804,9.168982394829988e-05,0.0013768771972570868,0.020048535258507114
cicids,0.0,a1,none,xgboost,recalibrated,0.03,0.5,1.0,auto_malicious,accumulate,fixed_ratio,-1.0,-1.0,,5,0.009575,0.0008547660498639379,0.8082353894788037,0.03814019177655679,0.962882813153341,0.004404763446609238,0.8784818100346609,0.024084887029193067,0.9821188601361758,0.0036488275375957083,0.7821535623703021,0.015117471082924059,0.99505,0.0006471089552772522,0.6496999999999999,0.10515262716641938,0.5,0.0,,,,,30000.0,0.0,580238.7612032465,11692.819187093417,323697919.9181155,17052455.220782135,542609.3913440227,7965.549385335932,0.0015299999999999997,0.0016628665009555037,-0.0028369944070681273,0.041526181471011045,0.03109014898322242,0.00046953374388621397,0.0013768771972570868,0.020048535258507114
cicids,0.0,a1,none,xgboost,recalibrated,0.05,0.02,1.0,auto_malicious,accumulate,fixed_ratio,-1.0,-1.0,,5,0.009755,0.0003332604086896611,0.8018156764205238,0.016074541903352647,0.962041497877606,0.0014439739905448392,0.874586000114183,0.009885908416939688,0.9823902170300721,0.002175349965081993,0.8216739681807701,0.011610958601620211,0.9958500000000001,0.0005184110338331733,0.5862499999999999,0.05072443937590639,0.0199921599372795,0.0,,,,,612.0,0.0,12119.10349611102,2888.0911916404375,6912710.516813025,3183028.401193949,11319.494289579274,686.0994856045807,0.0017100000000000004,0.0017350792489105504,-0.009256707465348124,0.018540037416476664,0.048231209145673755,0.000821365570708544,0.0013768771972570868,0.020048535258507114
cicids,0.0,a1,none,xgboost,recalibrated,0.05,0.05,1.0,auto_malicious,accumulate,fixed_ratio,-1.0,-1.0,,5,0.008830000000000001,0.0013425023277447235,0.8307205965793953,0.014627428265039495,0.9666852570639828,0.00503230753291378,0.8935101049595152,0.009301709135202445,0.9866582467374565,0.0005187462772823317,0.8254553839059258,0.012085912018425586,0.9961500000000001,0.0003791437722025739,0.671,0.033530303458215234,0.050001583330694446,0.0,,,,,1579.0,0.0,29558.867819552426,4052.214143173,16833182.84767838,5795271.045770614,29302.40172034334,1154.4045283619307,0.0007849999999999999,0.0020391174561559715,0.01964821269352357,0.009809502560211193,0.048301587178887766,0.0002286606837352439,0.0013768771972570868,0.020048535258507114
cicids,0.0,a1,none,xgboost,recalibrated,0.05,0.1,1.0,auto_malicious,accumulate,fixed_ratio,-1.0,-1.0,,5,0.009705,0.00015247950681976984,0.8462186917402935,0.028544398136131733,0.9641195463451142,0.0012419003902574854,0.9011402557984391,0.01662008711513385,0.9883270631028612,0.0007749166392938673,0.8447774959649527,0.05257049702727351,0.9962,0.0005700877125495861,0.6978,0.041328107868616466,0.0999909999099991,0.0,,,,,3333.0,0.0,61821.50847534921,4455.333477934367,33515671.483463477,5587752.665050207,60339.76668339727,1177.739589965381,0.0016599999999999996,0.001477286363573427,0.035146307854421674,0.04230544025508072,0.04831208956310181,0.0002483088800548396,0.0013768771972570868,0.020048535258507114
cicids,0.0,a1,none,xgboost,recalibrated,0.05,0.2,1.0,auto_malicious,accumulate,fixed_ratio,-1.0,-1.0,,5,0.009944999999999999,6.471089552772333e-05,0.8687201102374971,0.03598403321449626,0.9641650680288094,0.0014590168859158997,0.9136658618931206,0.020630139059902762,0.9885661495906624,0.001293321130305173,0.8156329259857044,0.03841174002322858,0.9954000000000001,0.0008403868156985793,0.7996000000000001,0.07610798249855263,0.2,0.0,,,,,7500.0,0.0,149614.59900925244,12814.118206684552,86103404.56637952,17006952.198939238,137169.11269819352,887.6357254845427,0.0018999999999999996,0.001611191329420563,0.057647726351625225,0.04273399944937179,0.048520121340943884,0.0001660923013168247,0.0013768771972570868,0.020048535258507114
cicids,0.0,a1,none,xgboost,recalibrated,0.07,0.02,1.0,auto_malicious,accumulate,fixed_ratio,-1.0,-1.0,,5,0.00984,0.00014534441853748638,0.79875172246089,0.019639422866379787,0.9615774193988015,0.0009307151886518724,0.8725357102239995,0.012079841090778214,0.9822741412012646,0.0024979679536891422,0.8148489739451235,0.007485673544269265,0.99555,0.0005968668193156438,0.5845,0.06456222773417908,0.0199921599372795,0.0,,,,,612.0,0.0,12187.396092776256,2966.6150626167823,6870768.3958953945,2998169.718756019,11883.42507650439,784.0498359656783,0.0017950000000000002,0.0014333527130472809,-0.01232066142498176,0.015271875601077114,0.06536318929610631,0.0009978578335485349,0.0013768771972570868,0.020048535258507114
cicids,0.0,a1,none,xgboost,recalibrated,0.07,0.05,1.0,auto_malicious,accumulate,fixed_ratio,-1.0,-1.0,,5,0.009695,0.0003198632520312394,0.8386966037124098,0.01886739490418268,0.9638601414586004,0.0014483870883462465,0.8968498797282745,0.011157489623918377,0.9864699505552403,0.000536364217240373,0.8467143186534472,0.037182321509962764,0.9963000000000001,0.0004107919181289019,0.6724,0.028915609971086553,0.050001583330694446,0.0,,,,,1579.0,0.0,29611.655016755733,4046.59536706033,17126925.4683228,6059427.427520791,30465.84054248619,1252.3381215149066,0.00165,0.0016422164899914991,0.027624219826538045,0.02909722155622099,0.06531899891207278,0.0005171224388795118,0.0013768771972570868,0.020048535258507114
cicids,0.0,a1,none,xgboost,recalibrated,0.07,0.1,1.0,auto_malicious,accumulate,fixed_ratio,-1.0,-1.0,,5,0.009095,0.001054217719448882,0.860873794277377,0.017886394678364642,0.9669196376043383,0.0033348862011009037,0.9107261021403295,0.00923127829434461,0.9884060111858636,0.0007855989384398672,0.8647913304127277,0.03117554939585861,0.9964000000000001,0.00028504385627480807,0.7211000000000001,0.030145791580252115,0.0999909999099991,0.0,,,,,3333.0,0.0,61892.09432074963,4390.317780129584,33835932.97530514,5409258.662167833,62796.548277275906,1226.5674253600325,0.0010499999999999997,0.0008312265034273146,0.04980141039150525,0.028029054682096884,0.06526996504470065,0.0003883236142537559,0.0013768771972570868,0.020048535258507114
cicids,0.0,a1,none,xgboost,recalibrated,0.07,0.2,1.0,auto_malicious,accumulate,fixed_ratio,-1.0,-1.0,,5,0.009515,0.0006160864387405394,0.8703898840885141,0.03435683200119517,0.9657702794456071,0.0017694407760726805,0.9153193348205602,0.018974496290876833,0.9890795874199563,0.0013186193975119986,0.8365229421258935,0.03234125818093876,0.99565,0.0006274950199005101,0.78185,0.07430145523473952,0.2,0.0,,,,,7500.0,0.0,149881.63240030664,12878.972564770638,87380591.55521628,18039533.78749536,142879.496790247,1020.1234758047876,0.0014699999999999995,0.0020419353564694455,0.05931750020264246,0.040161931526962576,0.06549662205094067,0.00021863547520367126,0.0013768771972570868,0.020048535258507114
cicids,0.0,a1,none,xgboost,recalibrated,0.1,0.005,1.0,auto_malicious,accumulate,fixed_ratio,-1.0,-1.0,,5,0.00903,0.0018394462481953638,0.8210261814055281,0.02251079532692573,0.9655307157202111,0.0071654931582822955,0.8873291695397265,0.01485708174201193,0.9848347027235146,0.0009909550966222336,0.8255014987318423,0.015005398718020169,0.9958500000000001,0.00033541019662495635,0.64135,0.07151280479746266,0.005008125766972903,0.0,,,,,151.0,0.0,2603.7984659070653,389.3789709575171,1192769.9955794574,313304.53611236124,2927.7359650291132,612.0602597216525,0.0009849999999999995,0.002113099027494926,0.009953797519656327,0.024299215279779143,0.09100813636040211,0.00225068477735353,0.0013768771972570868,0.020048535258507114
cicids,0.0,a1,none,xgboost,recalibrated,0.1,0.01,1.0,auto_malicious,accumulate,fixed_ratio,-1.0,-1.0,,5,0.00852,0.0017626684316683044,0.8085920402042636,0.03395294061542919,0.9670609808259458,0.006254425929975545,0.8804130949293084,0.01934345248794798,0.9846151142903461,0.0009198968216438634,0.8279455845054186,0.02157464277384509,0.99605,0.00027386127875263016,0.60015,0.08363417363733561,0.00999900999901,0.0,,,,,303.0,0.0,6552.415781645961,3080.393569491158,4688798.890045797,4243838.869587832,6076.32660807318,617.2290362690647,0.0004749999999999999,0.002192102301444894,-0.0024803436816081435,0.05185726523044615,0.09032301474981078,0.0012089672488565155,0.0013768771972570868,0.020048535258507114
cicids,0.0,a1,none,xgboost,recalibrated,0.1,0.02,1.0,auto_malicious,accumulate,fixed_ratio,-1.0,-1.0,,5,0.009095,0.0008971134264963365,0.7912134230363945,0.022700253764481083,0.9641006840621316,0.0029807747583351705,0.8689881292777454,0.013381005840815,0.9835799096214639,0.0022762341157033937,0.8118976250864653,0.012774930466187766,0.9957499999999999,0.0003061862178479108,0.56425,0.06607334939292846,0.0199921599372795,0.0,,,,,612.0,0.0,12307.320789742,3095.8453479108134,6861930.112892675,2743096.9898568303,13192.387636989482,1139.633036893736,0.0010499999999999997,0.0016324827717314506,-0.01985896084947718,0.024954626753267276,0.09062948250900545,0.001058294797882487,0.0013768771972570868,0.020048535258507114
cicids,0.0,a1,none,xgboost,recalibrated,0.1,0.05,1.0,auto_malicious,accumulate,fixed_ratio,-1.0,-1.0,,5,0.00887,0.0015104221264269132,0.8230039717921699,0.020703245139812924,0.9663092628112817,0.005219421511372519,0.8887782718656829,0.011090973222228006,0.9849457536273001,0.0022271201653071685,0.8398893244178003,0.0377066609540222,0.9962,0.0006708203932499515,0.6315,0.02599098401369215,0.050001583330694446,0.0,,,,,1579.0,0.0,29726.55389126489,4042.261936636906,17735485.32105059,6509454.13524602,33178.616145945525,1574.8484125351927,0.0008249999999999993,0.0009805929328727595,0.011931587906298136,0.02513311589283401,0.09049369262974472,0.0006258473505364919,0.0013768771972570868,0.020048535258507114
cicids,0.0,a1,none,xgboost,recalibrated,0.1,0.1,1.0,auto_malicious,accumulate,fixed_ratio,-1.0,-1.0,,5,0.009255,0.0011651716611727216,0.8499473129610117,0.021534279187520978,0.9659270589714509,0.00399927907152886,0.9041075309271835,0.01199693914746353,0.9868794719137555,0.0019425842592060885,0.8625317039428175,0.019478669926505068,0.9962500000000001,0.00043301270189224445,0.6900000000000001,0.04773068981273997,0.0999909999099991,0.0,,,,,3333.0,0.0,62061.787599883784,4299.956128735649,34614595.32610985,5190158.158450952,68510.31004421125,1570.0058314763603,0.0012099999999999995,0.0017583372827759756,0.038874929075139855,0.04152667985814306,0.09033014239475098,0.00040116880632878595,0.0013768771972570868,0.020048535258507114
cicids,0.0,a1,none,xgboost,recalibrated,0.1,0.2,1.0,auto_malicious,accumulate,fixed_ratio,-1.0,-1.0,,5,0.009845,0.0001303840481040527,0.8531571694901515,0.015852661308496215,0.963931715955202,0.0002995625988813951,0.9051066696126935,0.00910121903590464,0.9877654506768259,0.0013322384053328373,0.8292367996310814,0.019641207901806342,0.9957499999999999,0.00030618621784786357,0.7365,0.028771187844786685,0.2,0.0,,,,,7500.0,0.0,150440.51441940555,12992.01755690027,90196966.8798116,19850005.81616489,156055.85339588576,1178.5311829946752,0.0017999999999999995,0.0016034143257436617,0.04208478560427984,0.0237198965075497,0.09055539550988481,0.00047915472598967053,0.0013768771972570868,0.020048535258507114
cicids,0.0,a1,none,xgboost,recalibrated,0.1,0.5,1.0,auto_malicious,accumulate,fixed_ratio,-1.0,-1.0,,5,0.00992,0.00017888543819998345,0.8381616276242199,0.024379334576928466,0.9630253158751614,0.0010674750488686323,0.8961230013146313,0.014367748112386015,0.9824622916835535,0.0024261236535983305,0.8095918837906387,0.022777526546008973,0.9954000000000001,0.0005184110338332125,0.7119000000000001,0.07962678569426247,0.5,0.0,,,,,30000.0,0.0,583475.8063642879,11073.455081679755,344714098.1339331,20846694.66315956,637684.4068334086,14647.277168613786,0.0018749999999999995,0.00170247980898453,0.02708924373834807,0.0324669594620858,0.09030748479091491,0.0005496985549270746,0.0013768771972570868,0.020048535258507114
cicids,0.0,a1,none,xgboost,recalibrated,0.2,0.02,1.0,auto_malicious,accumulate,fixed_ratio,-1.0,-1.0,,5,0.00934,0.0008708114032326393,0.7663451406338655,0.015902421575338072,0.9620128456408038,0.0030725847071119434,0.8530204504159048,0.009506002576107018,0.9819386281105617,0.0011010217655434335,0.8147567442932904,0.007290665014040511,0.9958500000000001,0.0003791437722025815,0.48434999999999995,0.05029059305675365,0.0199921599372795,0.0,,,,,612.0,0.0,12867.001194963623,3638.5789037966206,7354932.090704816,2125506.7211548975,25030.691880609473,6311.273106264983,0.0012949999999999997,0.0012182723422946122,-0.044727243252006166,0.01255433727496284,0.17278407595355014,0.001653119537228816,0.0013768771972570868,0.020048535258507114
cicids,0.0,a1,none,xgboost,recalibrated,0.2,0.05,1.0,auto_malicious,accumulate,fixed_ratio,-1.0,-1.0,,5,0.00886,0.0014190225509131274,0.8090783821026181,0.03037834703933703,0.9656478823920039,0.005816394704320413,0.8802454429136908,0.019397318902807305,0.983834495217638,0.0017487059130974082,0.8290523403274153,0.015386914983271799,0.9962,0.0004107919181288783,0.6003000000000001,0.07859059263041603,0.050001583330694446,0.0,,,,,1579.0,0.0,30424.384467469983,4066.532181099272,21473703.452810965,8533267.845134893,55703.258555710476,5967.455630102093,0.0008149999999999998,0.0027524193902819386,-0.0019940017832536404,0.03135122321878038,0.172613432715349,0.0006834934787439534,0.0013768771972570868,0.020048535258507114
cicids,0.0,a1,none,xgboost,recalibrated,0.2,0.1,1.0,auto_malicious,accumulate,fixed_ratio,-1.0,-1.0,,5,0.009715,0.0005275533148412586,0.8356002269595525,0.027673357353342764,0.9636612371660094,0.001937743978642861,0.894884425910892,0.01613992996053704,0.9864269998784145,0.0014613904805568622,0.8312658519714088,0.0273856651162312,0.9957499999999999,0.0006123724356958395,0.68015,0.06965867677468472,0.0999909999099991,0.0,,,,,3333.0,0.0,63192.50826939436,4065.4326838390907,40288474.80603245,4902648.020038199,115665.54584945951,6403.69310005996,0.00167,0.0016257113827491034,0.024527843073680812,0.03778223273915666,0.17262102139585886,0.0011179189204050218,0.0013768771972570868,0.020048535258507114
cicids,0.0,a1,none,xgboost,recalibrated,0.2,0.2,1.0,auto_malicious,accumulate,fixed_ratio,-1.0,-1.0,,5,0.009179999999999999,0.0009792216296630706,0.8103752938315637,0.016456024924969916,0.9645386604448001,0.00411845174365423,0.8807079951272492,0.011040823747141567,0.9824033596093054,0.0025369006482738616,0.8191376527553608,0.04084437016560361,0.99545,0.00032596012026014074,0.6157999999999999,0.06554230504033254,0.2,0.0,,,,,7500.0,0.0,153706.793094597,13509.467032846105,108935456.28930676,28546954.957875885,263883.40905851877,4228.540402405355,0.0011349999999999997,0.002218994704815674,-0.0006970900543081582,0.020491359222424156,0.17261844716975427,0.0007211707097885766,0.0013768771972570868,0.020048535258507114
cicids,0.0,a1,none,xgboost,recalibrated,0.3,0.005,1.0,auto_malicious,accumulate,fixed_ratio,-1.0,-1.0,,5,0.00822,0.001432371285665837,0.848212693523547,0.009930820255900459,0.9695442129738796,0.00525969271488357,0.9048060534594363,0.006710679591759969,0.9868653582718651,0.0006847236873460675,0.8274383214203367,0.010349671106767067,0.9958500000000001,0.0003791437722025493,0.7231,0.024599669713229903,0.005008125766972903,0.0,,,,,151.0,0.0,2809.9904960946974,487.2005266134528,1698596.898784522,409707.15356191143,8583.547715333396,2952.64256175229,0.00017500000000000016,0.0017929549631822879,0.0371403096376753,0.023948559651234783,0.25203698837677635,0.004780329592925123,0.0013768771972570868,0.020048535258507114
cicids,0.0,a1,none,xgboost,recalibrated,0.3,0.01,1.0,auto_malicious,accumulate,fixed_ratio,-1.0,-1.0,,5,0.008799999999999999,0.0015265361115938262,0.8224689957039798,0.03599871938157583,0.9663378711736152,0.006519188307705438,0.8883464810467038,0.023288349484097536,0.9858394919753586,0.0016724860371797616,0.8236107908692645,0.02732862788107731,0.9962500000000001,0.00017677669529664685,0.64745,0.08465654877208256,0.00999900999901,0.0,,,,,303.0,0.0,6651.331450411458,2537.6514575953593,6407844.960807691,4647024.669150561,20615.197714629925,6150.171898633098,0.0007549999999999999,0.0022113627020459575,0.011396611818108138,0.04417120695495624,0.25600611954755365,0.001993829362460773,0.0013768771972570868,0.020048535258507114
cicids,0.0,a1,none,xgboost,recalibrated,0.3,0.02,1.0,auto_malicious,accumulate,fixed_ratio,-1.0,-1.0,,5,0.00934,0.00054273612372865,0.7705438923563265,0.025046109351666193,0.9621714453856548,0.0022079893703737907,0.8555913343339526,0.0156004565899344,0.984244566547783,0.00189725855793441,0.815863500115287,0.01904547893253303,0.9959,0.0005477225575051603,0.49605,0.06907409970459259,0.0199921599372795,0.0,,,,,612.0,0.0,13698.865185677161,4389.344851121651,8914760.881707793,2063220.082469918,52924.94411365865,13669.168423350622,0.0012949999999999997,0.001966945601688059,-0.040528491529545255,0.03349419309509584,0.2556677139142656,0.003195474555693172,0.0013768771972570868,0.020048535258507114
cicids,0.0,a1,none,xgboost,recalibrated,0.3,0.05,1.0,auto_malicious,accumulate,fixed_ratio,-1.0,-1.0,,5,0.008655,0.0016426350781594795,0.7908243495177109,0.021731027954234514,0.9657633883146847,0.0063782643881207905,0.8694471735461752,0.013276508806465626,0.9843227508713627,0.0007059089740284203,0.8175697486741988,0.02719865958913538,0.99595,0.00059686681931567,0.5567,0.040726757175105405,0.050001583330694446,0.0,,,,,1579.0,0.0,31631.81746559924,4159.244631954406,28976393.921039384,11561547.164988171,116944.59782558407,9673.526674793486,0.0006099999999999998,0.0016724420767249314,-0.020248034368160826,0.03321924427808512,0.2542523958131831,0.001199204685458388,0.0013768771972570868,0.020048535258507114
cicids,0.0,a1,none,xgboost,recalibrated,0.3,0.1,1.0,auto_malicious,accumulate,fixed_ratio,-1.0,-1.0,,5,0.009785,0.0003204489038832865,0.8273324146875254,0.0173673358485671,0.9630718701057119,0.0008025505303484204,0.8899771644954179,0.010046786916929288,0.9872762944800193,0.0010249425363305553,0.8270694028130045,0.02801357063827078,0.9960000000000001,0.0004999999999999796,0.65895,0.04047506948727821,0.0999909999099991,0.0,,,,,3333.0,0.0,65239.70298121691,3950.1182884947107,52996316.28674309,5922869.437809111,247667.48829727946,23101.691237444575,0.0017399999999999998,0.0014554423726139078,0.016260030801653568,0.019481148362691325,0.25432074795894144,0.001477816928108505,0.0013768771972570868,0.020048535258507114
cicids,0.0,a1,none,xgboost,recalibrated,0.3,0.2,1.0,auto_malicious,accumulate,fixed_ratio,-1.0,-1.0,,5,0.009665,0.0003955218072369728,0.8520061603307125,0.01866506666026741,0.9645016529025672,0.0019013500462901221,0.9046947030687956,0.011296367797066453,0.9857654168355354,0.000452529358431821,0.8409960802397972,0.029829556134538037,0.9958,0.00032596012026009087,0.7201500000000001,0.03202372167628244,0.2,0.0,,,,,7500.0,0.0,159252.77069231152,14259.931766283506,149428172.77764982,43165436.93147296,582037.7986003909,14727.15780428285,0.00162,0.001709934209260696,0.04093377644484073,0.015487930028709353,0.25405201657983284,0.0008899257649412183,0.0013768771972570868,0.020048535258507114
cicids,0.0,a1,none,xgboost,recalibrated,0.3,0.5,1.0,auto_malicious,accumulate,fixed_ratio,-1.0,-1.0,,5,0.009755,0.0003764140008023074,0.823263354137959,0.019913937332018197,0.9630044759028863,0.0010712010006603376,0.8875644462022063,0.0115435077391114,0.9820288189997568,0.0033389116767981886,0.8415494581507955,0.030049656923006023,0.99565,0.00013693063937627814,0.63105,0.06456135647583626,0.5,0.0,,,,,30000.0,0.0,615751.4914078758,10027.645814565461,592723642.9865106,79801144.47014208,2354157.4899307713,109065.14488531544,0.0017099999999999997,0.0015296649960040273,0.01219097025208724,0.03432534025993161,0.25354973425167204,0.0009932369598495085,0.0013768771972570868,0.020048535258507114
cicids,0.0,a1,none,xgboost,recalibrated,0.7,0.02,1.0,auto_malicious,accumulate,fixed_ratio,-1.0,-1.0,,5,0.009255,0.0011493748300706774,0.8320499311015643,0.01611740198196332,0.9651577595695005,0.004578608637331015,0.8936269715429264,0.010828073969025423,0.9863224600794359,0.0008293176728320722,0.7961263546230113,0.018514542672297754,0.99605,0.0004472135954999829,0.7070000000000001,0.03116337995147507,0.0199921599372795,0.0,,,,,612.0,0.0,20974.56990241011,10929.84601747455,60137563.659487106,16262415.444439486,283631.2596867584,51213.5953503645,0.0012099999999999997,0.0010453169375840043,0.02097754721569265,0.03526730556318044,0.5602404002212811,0.00394411356392307,0.0013768771972570868,0.020048535258507114
cicids,0.0,a1,none,xgboost,recalibrated,0.7,0.05,1.0,auto_malicious,accumulate,fixed_ratio,-1.0,-1.0,,5,0.00935,0.0008963467520998782,0.8344330064035017,0.023675064445333877,0.9649692644421363,0.0028249079508845913,0.8948111999240218,0.013424973162925935,0.9863451422550054,0.0010982381895610538,0.8162324187226193,0.02393810352734219,0.9960000000000001,0.00035355339059324627,0.6926,0.04823399993780318,0.050001583330694446,0.0,,,,,1579.0,0.0,43107.54854736723,5606.046610363742,249939311.96552357,46827859.37199379,746455.5967403963,105177.90791436499,0.0013049999999999997,0.00202031866298364,0.023360622517629916,0.04222101779307181,0.5599149552431368,0.0023256589969045537,0.0013768771972570868,0.020048535258507114
cicids,0.0,a1,none,xgboost,recalibrated,0.7,0.1,1.0,auto_malicious,accumulate,fixed_ratio,-1.0,-1.0,,5,0.00969,0.0005594640292279749,0.7984599173218773,0.01638119313808499,0.9621073238921438,0.002721941609866621,0.8726220522409737,0.010816819908653392,0.9867122497365648,0.001515780623132367,0.7835370071477981,0.011960331506137262,0.9957499999999999,0.00046770717334674124,0.61735,0.04737239438744888,0.0999909999099991,0.0,,,,,3333.0,0.0,85268.83709967462,5491.5000583182755,537804161.9664543,181937701.44938898,1573228.6430248183,66766.66092968805,0.001645,0.0015288271648554654,-0.012612466563994462,0.021539099320454027,0.5598887757901366,0.002807437113195707,0.0013768771972570868,0.020048535258507114
cicids,0.0,a1,none,xgboost,recalibrated,0.7,0.2,1.0,auto_malicious,accumulate,fixed_ratio,-1.0,-1.0,,5,0.00922,0.0011774442661969188,0.8278673907757153,0.012850356992132364,0.9651891198240159,0.0040844614667245585,0.8912117267009613,0.006721242353537914,0.987512287022777,0.000879241086362787,0.7785566059488126,0.011529398180771349,0.99605,0.0003259601202601274,0.71315,0.03759346685263278,0.2,0.0,,,,,7500.0,0.0,211062.36363149591,20818.078295637693,1868287606.662712,805623499.2105016,3543560.684475253,88106.43388769333,0.0011749999999999996,0.002015409387692734,0.01679500688984359,0.025626534069333257,0.5591151059912843,0.002375584700335965,0.0013768771972570868,0.020048535258507114
cicids,0.0,a1,none,xgboost,recalibrated,1.5,0.005,1.0,auto_malicious,accumulate,fixed_ratio,-1.0,-1.0,,5,0.00939,0.0007934497463607893,0.8402366863905325,0.013302115264419169,0.9650053319374537,0.003272918796190794,0.8982798176214297,0.008844150180030543,0.9863748064764529,0.0007690411917905707,0.8164168780262855,0.017993204959066984,0.99565,0.0005184110338332471,0.71065,0.022292515560160545,0.005008125766972903,0.0,,,,,151.0,0.0,10613.78103041286,3273.5300838300655,3304387496.963252,4555417896.034103,217537.62975968164,65961.2090493337,0.0013450000000000003,0.0018590488159271128,0.029164302504660823,0.03078071027686969,1.0610277222805933,0.011703186184324435,0.0013768771972570868,0.020048535258507114
cicids,0.0,a1,none,xgboost,recalibrated,1.5,0.01,1.0,auto_malicious,accumulate,fixed_ratio,-1.0,-1.0,,5,0.00936,0.000391152144312159,0.8268460727891707,0.006714630533694894,0.9645991482853782,0.0013657446980316038,0.8904137756813737,0.003859692020195746,0.9866256217070599,0.0017678330276750115,0.7899930827761125,0.01736086928142135,0.9957499999999999,0.00017677669529661088,0.6979,0.004463742824133136,0.00999900999901,0.0,,,,,303.0,0.0,24614.063055306484,4030.6758074710788,12276065314.079853,5847288840.541371,447207.9440489264,83152.13785909039,0.001315,0.001500583219951496,0.015773688903299044,0.0251932483910778,1.0628672291709718,0.011936518836918472,0.0013768771972570868,0.020048535258507114
cicids,0.0,a1,none,xgboost,recalibrated,1.5,0.02,1.0,auto_malicious,accumulate,fixed_ratio,-1.0,-1.0,,5,0.009155,0.0009548232820789405,0.8107643673502473,0.03309932897454408,0.9645875380678085,0.004455830192086452,0.8807650647430865,0.021112820623330822,0.985305939653076,0.0008782786055052832,0.7881946045653677,0.03304642931089151,0.99555,0.0003708099243548003,0.65045,0.06780726362271229,0.0199921599372795,0.0,,,,,612.0,0.0,98940.07301470924,83445.30878316435,24474804854.277946,6410849409.020047,912139.8116799912,126571.27116439654,0.0011099999999999994,0.0016971115166658907,-0.00030801653562451126,0.04310682453163622,1.0621106413443386,0.005641409246522165,0.0013768771972570868,0.020048535258507114
cicids,0.0,a1,none,xgboost,recalibrated,1.5,0.05,1.0,auto_malicious,accumulate,fixed_ratio,-1.0,-1.0,,5,0.008865000000000001,0.0004598233356409821,0.8115263029910027,0.02757971442083801,0.9657853421535535,0.0015642440854933728,0.8817598369966795,0.016732660294047887,0.9875001513739159,0.0008248290176444914,0.7651371916071017,0.008933966510302389,0.9955999999999999,0.00048733971724046466,0.67775,0.0792764151560854,0.050001583330694446,0.0,,,,,1579.0,0.0,158619.97526431072,30851.991871312915,80868122723.12476,10512015416.616175,2373981.765436852,133603.0697349258,0.0008199999999999998,0.0014441043937333613,0.0004539191051309288,0.02425227100426036,1.0591578042930059,0.003382434180750285,0.0013768771972570868,0.020048535258507114
cicids,0.0,a1,none,xgboost,recalibrated,1.5,0.1,1.0,auto_malicious,accumulate,fixed_ratio,-1.0,-1.0,,5,0.0094,0.0005451490621839132,0.8167139499067846,0.02068600570076782,0.9640428781318306,0.001360954865729474,0.8841631752585009,0.01184404630370448,0.98760360075383,0.0012468032549821388,0.7594189531934517,0.018647018971173206,0.9959,0.00022360679774995643,0.69965,0.045052261319494274,0.0999909999099991,0.0,,,,,3333.0,0.0,283287.5024998661,42733.0133290553,145358492164.01535,13861996342.258701,5082536.430021493,184590.24799097262,0.0013549999999999994,0.0013292855223765887,0.005641566020912725,0.017660250074000905,1.0581742146559063,0.004909940435617107,0.0013768771972570868,0.020048535258507114
cicids,0.0,a1,none,xgboost,recalibrated,1.5,0.2,1.0,auto_malicious,accumulate,fixed_ratio,-1.0,-1.0,,5,0.009095,0.0009267550917043839,0.8040204263597308,0.014212550917977964,0.9645832086288986,0.004016511474372076,0.8769791930006552,0.00999026542845231,0.9862151009159439,0.001924072120681786,0.7270463454000462,0.00477961873388817,0.99555,0.0003259601202601519,0.6959500000000001,0.0419629300692886,0.2,0.0,,,,,7500.0,0.0,736205.1353697837,158684.93116664747,348761621867.74164,51400058939.42561,11414139.562302968,342360.14474982495,0.0010500000000000002,0.002119625556554742,-0.007051957526140895,0.012213138368012688,1.0542563956797593,0.007642580544496134,0.0013768771972570868,0.020048535258507114
cicids,0.0,a1,none,xgboost,recalibrated,1.5,0.5,1.0,auto_malicious,accumulate,fixed_ratio,-1.0,-1.0,,5,0.009609999999999999,0.00030135112410608397,0.8135689389640918,0.017051179785975208,0.9631013922796388,0.001399253580205939,0.8819721788293299,0.010356704662378688,0.982564397341331,0.0013053463658630404,0.7462301129813235,0.01647161290535197,0.99545,0.0005123475382979905,0.7047,0.04520107852695552,0.5,0.0,,,,,30000.0,0.0,2774338.682791662,280959.5641101734,1417698133748.128,115056440679.49184,45716095.170538776,813001.0981836162,0.0015649999999999998,0.0016337839514452336,0.0024965550782200196,0.006178275761893256,1.05365202140995,0.005489799409301666,0.0013768771972570868,0.020048535258507114
cicids,0.0,a1truth,none,rf,fixed,0.7,0.05,1.0,ground_truth,accumulate,fixed_ratio,-1.0,-1.0,,5,0.031685,0.014004001660239832,0.8738429115668314,0.006702927315689362,0.8963702187671252,0.04361086404121346,0.884573518558815,0.02188479600862045,0.9642094502310125,0.007592142777442037,0.8573207286142495,0.011169644850245531,0.9962500000000001,0.00025000000000005346,0.76935,0.012041075533356635,0.050001583330694446,0.0,0.050001583330694446,0.0,1.0,0.0,1579.0,0.0,43107.54854736723,5606.046610363742,249939311.96552357,46827859.37199379,746455.5967403963,105177.90791436499,-0.009980000000000001,0.013481276367614457,-0.002156115749371823,0.006105318288495465,0.5599149552431368,0.0023256589969045537,0.014823297644627679,0.004497682586038139
cicids,0.0,a1truth,none,rf,fixed,0.7,0.2,1.0,ground_truth,accumulate,fixed_ratio,-1.0,-1.0,,5,0.025785000000000002,0.0029905371591070385,0.8686552646510497,0.003706352155168646,0.9122605303138325,0.0094783642367209,0.8899138366636887,0.006160058005556403,0.9610292204344655,0.004971912881634896,0.853124279455845,0.012033009723902623,0.9961499999999999,0.00013693063937627307,0.758,0.004653627617246584,0.2,0.0,0.2,0.0,1.0,0.0,7500.0,0.0,211062.36363149591,20818.078295637693,1868287606.662712,805623499.2105016,3543560.684475253,88106.43388769333,-0.01588,0.012552382741933902,-0.007343762665153597,0.005147469446461367,0.5591151059912843,0.002375584700335965,0.014823297644627679,0.004497682586038139
cicids,0.0,a1truth,none,rf,recalibrated,0.7,0.05,1.0,ground_truth,accumulate,fixed_ratio,-1.0,-1.0,,5,0.00937,0.0005529466520379705,0.8248196482126936,0.0607962064342095,0.9643594216872918,0.0028189301875430612,0.8882186943051135,0.037076151257710736,0.9642094502310125,0.007592142777442037,0.8264699100760895,0.02710918395329868,0.9954000000000001,0.0009617692030835336,0.65245,0.15841010857896665,0.050001583330694446,0.0,0.050001583330694446,0.0,1.0,0.0,1579.0,0.0,43107.54854736723,5606.046610363742,249939311.96552357,46827859.37199379,746455.5967403963,105177.90791436499,-0.0002500000000000002,0.0004730221982106129,0.015173867228661764,0.04947871221354414,0.5599149552431368,0.0023256589969045537,0.0006087658978354054,0.030293837226850386
cicids,0.0,a1truth,none,rf,recalibrated,0.7,0.2,1.0,ground_truth,accumulate,fixed_ratio,-1.0,-1.0,,5,0.009915,0.00010694624818103698,0.823798330226149,0.019348133764956883,0.9624242567186132,0.0010812554428131275,0.887642871140921,0.011709895542690479,0.9610292204344655,0.004971912881634896,0.8111597878718009,0.007645540526441909,0.9948499999999999,0.0006274950199005354,0.66645,0.0641371577168805,0.2,0.0,0.2,0.0,1.0,0.0,7500.0,0.0,211062.36363149591,20818.078295637693,1868287606.662712,805623499.2105016,3543560.684475253,88106.43388769333,0.0002949999999999998,0.0005383423631853618,0.014152549242117219,0.028909549992076726,0.5591151059912843,0.002375584700335965,0.0006087658978354054,0.030293837226850386
cicids,0.0,a1truth,none,xgboost,fixed,0.7,0.05,1.0,ground_truth,accumulate,fixed_ratio,-1.0,-1.0,,5,0.02607,0.004793204825583818,0.8458458296182216,0.02092741552143356,0.9093219370326091,0.015083414940700677,0.8762931824224589,0.013881362723373243,0.9827777976817703,0.0026251547226562124,0.8592114364768273,0.00473547846055667,0.9966000000000002,0.000223606797749997,0.6806,0.06817225425347177,0.050001583330694446,0.0,0.050001583330694446,0.0,1.0,0.0,1579.0,0.0,43107.54854736723,5606.046610363742,249939311.96552357,46827859.37199379,746455.5967403963,105177.90791436499,-0.017635,0.008425493308999776,-0.022906703412498987,0.01834330451199123,0.5599149552431368,0.0023256589969045537,0.009977865822787509,0.0062055548820630305
cicids,0.0,a1truth,none,xgboost,fixed,0.7,0.2,1.0,ground_truth,accumulate,fixed_ratio,-1.0,-1.0,,5,0.029375000000000002,0.007526245744061242,0.8284185782605171,0.0410470753471253,0.8976164987376594,0.022401804220171424,0.8609621426997206,0.020927910749564595,0.9816567587338898,0.0016331942541395385,0.8606871109061563,0.008429999558451143,0.9967,0.00011180339887498338,0.62515,0.12365142538604237,0.2,0.0,0.2,0.0,1.0,0.0,7500.0,0.0,211062.36363149591,20818.078295637693,1868287606.662712,805623499.2105016,3543560.684475253,88106.43388769333,-0.014329999999999999,0.01392091950985997,-0.04033395477020343,0.03331060363225927,0.5591151059912843,0.002375584700335965,0.009977865822787509,0.0062055548820630305
cicids,0.0,a1truth,none,xgboost,recalibrated,0.7,0.05,1.0,ground_truth,accumulate,fixed_ratio,-1.0,-1.0,,5,0.00969,0.00030751016243369956,0.7704304125800439,0.06645603462330077,0.9606407192428066,0.0028815375475197327,0.8539062591188473,0.04205846440786772,0.9827777976817703,0.0026251547226562124,0.8356928752593958,0.017683397294114393,0.9958,0.00011180339887497304,0.47430000000000005,0.20285126940692286,0.050001583330694446,0.0,0.050001583330694446,0.0,1.0,0.0,1579.0,0.0,43107.54854736723,5606.046610363742,249939311.96552357,46827859.37199379,746455.5967403963,105177.90791436499,0.001645,0.0018425016960643486,-0.04064197130582796,0.07321888092701462,0.5599149552431368,0.0023256589969045537,0.0013768771972570868,0.020048535258507114
cicids,0.0,a1truth,none,xgboost,recalibrated,0.7,0.2,1.0,ground_truth,accumulate,fixed_ratio,-1.0,-1.0,,5,0.009545000000000001,0.0006474469090203454,0.7140471751641404,0.07743405876904212,0.9579924093759695,0.006258774921402062,0.8165221608228486,0.05344777002334689,0.9816567587338898,0.0016331942541395385,0.8421489508877104,0.006220375518860044,0.9961,0.00013693063937627814,0.2931,0.24085814030254407,0.2,0.0,0.2,0.0,1.0,0.0,7500.0,0.0,211062.36363149591,20818.078295637693,1868287606.662712,805623499.2105016,3543560.684475253,88106.43388769333,0.0014999999999999998,0.002009275366892253,-0.09702520872173137,0.06634619283131916,0.5591151059912843,0.002375584700335965,0.0013768771972570868,0.020048535258507114
cicids,0.0,control,none,rf,fixed,-1.0,0.0,1.0,auto_malicious,accumulate,fixed_ratio,-1.0,-1.0,,5,0.041665,0.01089805888679264,0.8759990273162034,0.0027525977600162304,0.8672685336264067,0.029646062582811782,0.8713774381157762,0.014101612574201219,0.9638486749209694,0.005933266922123287,0.8652985934978096,0.010987286719610186,0.9964000000000001,0.00022360679775001096,0.7672000000000001,0.0071050158339021445,0.0,0.0,,,,,0.0,0.0,0.0,0.0,0.0,0.0,0.0,0.0,0.0,0.0,0.0,0.0,,,0.014823297644627679,0.004497682586038139
cicids,0.0,control,none,rf,recalibrated,-1.0,0.0,1.0,auto_malicious,accumulate,fixed_ratio,-1.0,-1.0,,5,0.00962,0.0004671723450719231,0.8096457809840316,0.028292579700575988,0.9629105887705472,0.001067597809951944,0.8794354145710941,0.016736489218235073,0.9638486749209694,0.005933266922123287,0.8019368226884943,0.009608331351632315,0.99495,0.00044721359549993107,0.6327,0.0781365791419102,0.0,0.0,,,,,0.0,0.0,0.0,0.0,0.0,0.0,0.0,0.0,0.0,0.0,0.0,0.0,,,0.0006087658978354054,0.030293837226850386
cicids,0.0,control,none,xgboost,fixed,-1.0,0.0,1.0,auto_malicious,accumulate,fixed_ratio,-1.0,-1.0,,5,0.043705,0.009918470774267574,0.8687525330307206,0.008202670325644168,0.8604105946374435,0.028120404474629147,0.8644019353155858,0.016058810961440552,0.9824032114776688,0.001931406845892606,0.8683421720083008,0.0051815091201854215,0.9967500000000001,0.0,0.7412,0.02356069290152559,0.0,0.0,,,,,0.0,0.0,0.0,0.0,0.0,0.0,0.0,0.0,0.0,0.0,0.0,0.0,,,0.009977865822787509,0.0062055548820630305
cicids,0.0,control,none,xgboost,recalibrated,-1.0,0.0,1.0,auto_malicious,accumulate,fixed_ratio,-1.0,-1.0,,5,0.008045,0.0015733523127386313,0.8110723838858718,0.02067671330588587,0.9688973068926356,0.005689018200491738,0.8828554574487208,0.011840832339559819,0.9824032114776688,0.001931406845892606,0.8011528706479133,0.00730705387132895,0.9957,0.00020916500663351577,0.6372,0.058158834238660535,0.0,0.0,,,,,0.0,0.0,0.0,0.0,0.0,0.0,0.0,0.0,0.0,0.0,0.0,0.0,,,0.0013768771972570868,0.020048535258507114
cicids,0.0,junk,none,rf,fixed,-1.0,0.02,1.0,auto_malicious,accumulate,fixed_ratio,-1.0,-1.0,,5,0.07149,0.008464329565890022,0.881364999594715,0.004407964892630394,0.7921753933045724,0.01903482747832958,0.8342740644704809,0.009800475164747057,0.959831636540488,0.004249988098836257,0.8803781415725155,0.011855412332043024,0.9967,0.0002091650066334826,0.7671,0.007861297602813441,0.0199921599372795,0.0,0.0199921599372795,0.0,1.0,0.0,612.0,0.0,9648.4,722.2072417249774,6246393.8,789648.4175376407,25785.821054199998,1370.076066073406,0.029824999999999997,0.012234812013267714,0.00536597227851181,0.00481501676938632,,,0.014823297644627679,0.004497682586038139
cicids,0.0,junk,none,rf,fixed,-1.0,0.05,1.0,auto_malicious,accumulate,fixed_ratio,-1.0,-1.0,,5,0.072395,0.014750523295802086,0.8780092404960687,0.00635250976506335,0.7902700378462931,0.03406013042176931,0.8314884656869648,0.01816048787947292,0.9635665743292534,0.01869407984427402,0.8745215586811159,0.014395103188955965,0.99665,0.00022360679774996055,0.76315,0.005603012582530957,0.050001583330694446,0.0,0.050001583330694446,0.0,1.0,0.0,1579.0,0.0,24478.4,1025.972855391408,15476675.0,1250497.9506562576,67287.5492256,1398.7193348773856,0.03073,0.020076193924646178,0.002010213179865472,0.008497153699706122,,,0.014823297644627679,0.004497682586038139
cicids,0.0,junk,none,rf,fixed,-1.0,0.2,1.0,auto_malicious,accumulate,fixed_ratio,-1.0,-1.0,,5,0.08656,0.007320019637951806,0.8793872092080732,0.0067296824907798715,0.7583324070062327,0.015311045528330125,0.8142994959481001,0.008636202345380857,0.9649520673583529,0.007130837285473065,0.8680654830528015,0.012513188121995384,0.9968,0.00020916500663348037,0.77425,0.008982622111610827,0.2,0.0,0.2,0.0,1.0,0.0,7500.0,0.0,123466.6,3420.7789756135944,78852155.4,2474826.27947161,320295.7793668,1735.5422477706056,0.044895000000000004,0.007599288618022082,0.003388181891869979,0.007446309355290954,,,0.014823297644627679,0.004497682586038139
cicids,0.0,junk,none,rf,fixed,-1.0,0.5,1.0,auto_malicious,accumulate,fixed_ratio,-1.0,-1.0,,5,0.088865,0.00861291907543546,0.8951446867147606,0.010120054415875301,0.7568314943659036,0.018050008379957194,0.8200905467127795,0.01160326525455175,0.9761453499635243,0.004658856722271832,0.909015448466682,0.02365751246142485,0.9967,0.00020916500663348037,0.77855,0.017660336916378472,0.5,0.0,0.5,0.0,1.0,0.0,30000.0,0.0,498312.0,3715.1796053488392,337855976.6,15947558.670262052,1276612.033757,9376.785598253913,0.0472,0.015390134827219678,0.019145659398557214,0.008975830296874675,,,0.014823297644627679,0.004497682586038139
cicids,0.0,junk,none,rf,recalibrated,-1.0,0.02,1.0,auto_malicious,accumulate,fixed_ratio,-1.0,-1.0,,5,0.009455,0.0007630940309031386,0.8335900137796871,0.005525268737041165,0.9645243663167917,0.0029176180269892245,0.8942859359916611,0.00420470483791962,0.959831636540488,0.004249988098836257,0.769056951810007,0.014472636881072937,0.9948,0.001021640837085124,0.7423500000000001,0.000802340326794066,0.0199921599372795,0.0,0.0199921599372795,0.0,1.0,0.0,612.0,0.0,9648.4,722.2072417249774,6246393.8,789648.4175376407,25785.821054199998,1370.076066073406,-0.00016500000000000022,0.0004163081791173456,0.023944232795655385,0.03197143684686903,,,0.0006087658978354054,0.030293837226850386
cicids,0.0,junk,none,rf,recalibrated,-1.0,0.05,1.0,auto_malicious,accumulate,fixed_ratio,-1.0,-1.0,,5,0.009625,0.0006590713163232039,0.8337359163491935,0.008894023405717748,0.9639346139278633,0.002181177363087423,0.894094374226001,0.0046501338033415164,0.9635665743292534,0.01869407984427402,0.7674890477288449,0.022451456587156245,0.9952,0.0006937218462755825,0.7441,0.002661061818147034,0.050001583330694446,0.0,0.050001583330694446,0.0,1.0,0.0,1579.0,0.0,24478.4,1025.972855391408,15476675.0,1250497.9506562576,67287.5492256,1398.7193348773856,4.999999999999449e-06,0.0009471008394041267,0.024090135365161757,0.02415140384336227,,,0.0006087658978354054,0.030293837226850386
cicids,0.0,junk,none,rf,recalibrated,-1.0,0.2,1.0,auto_malicious,accumulate,fixed_ratio,-1.0,-1.0,,5,0.0097,0.00045138675213169424,0.8249331279889762,0.011134114183119524,0.9632645499356753,0.0019303185591007554,0.8887217889501631,0.007073340994547019,0.9649520673583529,0.007130837285473065,0.7420336638229191,0.031406955768692894,0.9948,0.0006471089552772184,0.74495,0.0022036900871038995,0.2,0.0,0.2,0.0,1.0,0.0,7500.0,0.0,123466.6,3420.7789756135944,78852155.4,2474826.27947161,320295.7793668,1735.5422477706056,7.999999999999952e-05,0.0007454864183873508,0.015287347004944496,0.03255765500158592,,,0.0006087658978354054,0.030293837226850386
cicids,0.0,junk,none,rf,recalibrated,-1.0,0.5,1.0,auto_malicious,accumulate,fixed_ratio,-1.0,-1.0,,5,0.009835,0.00019088609168821044,0.8229877603955581,0.01674335927481742,0.9626791748595007,0.001359914543671932,0.8873055793723287,0.010323758933420624,0.9761453499635243,0.004658856722271832,0.7364076550611022,0.04591014062312252,0.99445,0.0011096170510586012,0.7454,0.0019251623308178328,0.5,0.0,0.5,0.0,1.0,0.0,30000.0,0.0,498312.0,3715.1796053488392,337855976.6,15947558.670262052,1276612.033757,9376.785598253913,0.00021499999999999956,0.0006074022555111234,0.013341979411526327,0.029003316699315905,,,0.0006087658978354054,0.030293837226850386
cicids,0.0,junk,none,xgboost,fixed,-1.0,0.02,1.0,auto_malicious,accumulate,fixed_ratio,-1.0,-1.0,,5,0.058995,0.008910850127793642,0.8850936208154332,0.011625193527644458,0.8226475536625923,0.023382991418898224,0.8526543841169009,0.016906606768677647,0.9857512916430251,0.0014917559392899455,0.8706940281300438,0.009097310975596155,0.9967,0.00011180339887497304,0.7891,0.027511702055670745,0.0199921599372795,0.0,0.0199921599372795,0.0,1.0,0.0,612.0,0.0,9648.4,722.2072417249774,6246393.8,789648.4175376407,25785.821054199998,1370.076066073406,0.015290000000000002,0.012355547842973215,0.01634108778471266,0.010315213702264323,,,0.009977865822787509,0.0062055548820630305
cicids,0.0,junk,none,xgboost,fixed,-1.0,0.05,1.0,auto_malicious,accumulate,fixed_ratio,-1.0,-1.0,,5,0.061040000000000004,0.004717540407882063,0.8979006241387696,0.018923168912706533,0.8195967728240218,0.008664348869892636,0.8568014546235153,0.004874916694491532,0.9871320975520792,0.0013059176669970496,0.8770578741065252,0.013003849432409295,0.99735,0.00028504385627481723,0.82105,0.04625452680549224,0.050001583330694446,0.0,0.050001583330694446,0.0,1.0,0.0,1579.0,0.0,24478.4,1025.972855391408,15476675.0,1250497.9506562576,67287.5492256,1398.7193348773856,0.017335,0.009611152376276218,0.029148091108048967,0.022763349607553135,,,0.009977865822787509,0.0062055548820630305
cicids,0.0,junk,none,xgboost,fixed,-1.0,0.2,1.0,auto_malicious,accumulate,fixed_ratio,-1.0,-1.0,,5,0.062040000000000005,0.023557340947144265,0.9421091026991976,0.02369467677874899,0.8271690459920784,0.04998750741608105,0.8798467183153255,0.024984418732190785,0.9897917427251357,0.0023390078131509955,0.9107678118515103,0.0258700679820739,0.998,0.00035355339059327733,0.9202,0.05668730016502812,0.2,0.0,0.2,0.0,1.0,0.0,7500.0,0.0,123466.6,3420.7789756135944,78852155.4,2474826.27947161,320295.7793668,1735.5422477706056,0.018334999999999997,0.022566433867583065,0.07335656966847695,0.020966278270510806,,,0.009977865822787509,0.0062055548820630305
cicids,0.0,junk,none,xgboost,fixed,-1.0,0.5,1.0,auto_malicious,accumulate,fixed_ratio,-1.0,-1.0,,5,0.06887,0.01924906166544229,0.9456431871605739,0.02126827733401252,0.8112293559993627,0.04014061682781517,0.8724232871116084,0.0152690893417256,0.9886267072627056,0.0015856185989628546,0.9123357159326723,0.04314829985282537,0.9977500000000001,0.00024999999999997247,0.92965,0.025276347639641268,0.5,0.0,0.5,0.0,1.0,0.0,30000.0,0.0,498312.0,3715.1796053488392,337855976.6,15947558.670262052,1276612.033757,9376.785598253913,0.025165,0.015617754320003882,0.0768906541298533,0.022593723481380786,,,0.009977865822787509,0.0062055548820630305
cicids,0.0,junk,none,xgboost,recalibrated,-1.0,0.02,1.0,auto_malicious,accumulate,fixed_ratio,-1.0,-1.0,,5,0.00962,0.00036971272631598697,0.8337359163491935,0.011520846598753763,0.9639430261532317,0.0011207650885987613,0.8940881128614869,0.006488451511895025,0.9857512916430251,0.0014917559392899455,0.7662439474290984,0.028877695330773154,0.9952500000000001,0.000883883476483163,0.7454,0.003859242153584065,0.0199921599372795,0.0,0.0199921599372795,0.0,1.0,0.0,612.0,0.0,9648.4,722.2072417249774,6246393.8,789648.4175376407,25785.821054199998,1370.076066073406,0.001575,0.0014900713070185605,0.022663532463321735,0.024373337460808553,,,0.0013768771972570868,0.020048535258507114
cicids,0.0,junk,none,xgboost,recalibrated,-1.0,0.05,1.0,auto_malicious,accumulate,fixed_ratio,-1.0,-1.0,,5,0.00824,0.0013302490368348326,0.8373996919834644,0.00826681886696614,0.9690877902812168,0.004917515553980188,0.8984285730927992,0.005903840954898096,0.9871320975520792,0.0013059176669970496,0.7764353239566522,0.02055061052473941,0.9952500000000001,0.000684653196881492,0.74565,0.0031054387773710185,0.050001583330694446,0.0,0.050001583330694446,0.0,1.0,0.0,1579.0,0.0,24478.4,1025.972855391408,15476675.0,1250497.9506562576,67287.5492256,1398.7193348773856,0.00019499999999999986,0.0026801002779746883,0.02632730809759265,0.02576084780731646,,,0.0013768771972570868,0.020048535258507114
cicids,0.0,junk,none,xgboost,recalibrated,-1.0,0.2,1.0,auto_malicious,accumulate,fixed_ratio,-1.0,-1.0,,5,0.0097,0.000502182735665017,0.8420847856042798,0.007365355063943724,0.9639918187064132,0.0019581190594401138,0.8989133543399266,0.004754758664348108,0.9897917427251357,0.0023390078131509955,0.7767120129121513,0.015517656051225273,0.99635,0.0002850438562747799,0.7586999999999999,0.007278822020079886,0.2,0.0,0.2,0.0,1.0,0.0,7500.0,0.0,123466.6,3420.7789756135944,78852155.4,2474826.27947161,320295.7793668,1735.5422477706056,0.0016549999999999996,0.0015197039185315014,0.03101240171840809,0.022472498542978062,,,0.0013768771972570868,0.020048535258507114
cicids,0.0,junk,none,xgboost,recalibrated,-1.0,0.5,1.0,auto_malicious,accumulate,fixed_ratio,-1.0,-1.0,,5,0.009770000000000001,0.0002970690155502593,0.8367836589122153,0.009448546574738086,0.9635192484927904,0.0012729320088164,0.8956707758610047,0.00578065015960676,0.9886267072627056,0.0015856185989628546,0.7608946276227807,0.023019914169647795,0.9961500000000001,0.0005184110338332155,0.7596999999999999,0.010907852675939496,0.5,0.0,0.5,0.0,1.0,0.0,30000.0,0.0,498312.0,3715.1796053488392,337855976.6,15947558.670262052,1276612.033757,9376.785598253913,0.0017250000000000002,0.0016220164919013619,0.025711275026343537,0.024925147500329668,,,0.0013768771972570868,0.020048535258507114
cicids,0.0,s0,none,rf,fixed,-1.0,0.005,1.0,auto_malicious,accumulate,fixed_ratio,-1.0,-1.0,,5,0.050615,0.011692847707038692,0.897868201345546,0.006184546883735988,0.846321768413261,0.030844000360245385,0.8711121594517524,0.017020073394530193,0.9762261076436735,0.004322268102267363,0.8676504496195527,0.002613738540178594,0.9964500000000001,0.0002738612787526082,0.83205,0.019192609254606315,0.005008125766972903,0.0,,,,,151.0,0.0,1992.2,111.24387623595287,1746186.8,93926.33617202367,11631.746771199998,453.5011080862962,0.008949999999999998,0.010598570068646054,0.02186917402934263,0.006939585566445054,,,0.014823297644627679,0.004497682586038139
cicids,0.0,s0,none,rf,fixed,-1.0,0.01,1.0,auto_malicious,accumulate,fixed_ratio,-1.0,-1.0,,5,0.046035000000000006,0.010774733175350562,0.9102861311501986,0.007868458156798765,0.8598659416271153,0.029573526939401656,0.8841652716870783,0.016712954481863652,0.9792483184728864,0.009213993160967123,0.8681115978787179,0.007802132495129636,0.99665,0.0002850438562747608,0.86965,0.02550281847169052,0.00999900999901,0.0,,,,,303.0,0.0,3981.4,187.49613329346292,3430528.2,122113.90692177527,23247.3651808,745.6451592942298,0.004370000000000001,0.020143116069764384,0.03428710383399529,0.007962585192667777,,,0.014823297644627679,0.004497682586038139
cicids,0.0,s0,none,rf,fixed,-1.0,0.02,1.0,auto_malicious,accumulate,fixed_ratio,-1.0,-1.0,,5,0.03832,0.010542746321523628,0.909362081543325,0.005035785351843998,0.880563679572336,0.027982883672922905,0.8945257668404369,0.014275883951070134,0.9798210304368972,0.005394859775989861,0.8679732534009684,0.0046476561401729575,0.99665,0.0001369306393762545,0.8669499999999999,0.012121004496327853,0.0199921599372795,0.0,,,,,612.0,0.0,7918.6,125.58781788055721,6848091.6,156593.97326621486,46358.671817999995,1132.4061275862136,-0.0033450000000000008,0.008155201560967088,0.03336305422712167,0.002729948167337014,,,0.014823297644627679,0.004497682586038139
cicids,0.0,s0,none,rf,fixed,-1.0,0.05,1.0,auto_malicious,accumulate,fixed_ratio,-1.0,-1.0,,5,0.05023999999999999,0.008957130539408255,0.9192996676663695,0.007726095490404645,0.8500656184612382,0.02186455155877846,0.8831277032054871,0.008513126420046901,0.9874297229877603,0.0010577557485798004,0.875121051418031,0.004607445777505965,0.9966000000000002,0.00037914377220257605,0.8899000000000001,0.02404591961227518,0.050001583330694446,0.0,,,,,1579.0,0.0,20285.4,230.0712932984029,17703981.6,106965.00520871334,120390.09205559999,1339.5919539958188,0.008575,0.015741495719911753,0.04330064035016616,0.009423793753147227,,,0.014823297644627679,0.004497682586038139
cicids,0.0,s0,none,rf,fixed,-1.0,0.1,1.0,auto_malicious,accumulate,fixed_ratio,-1.0,-1.0,,5,0.052745,0.013148495636383657,0.9417038177839021,0.009614465313503755,0.8473246180744545,0.03227327095349852,0.8917308261254332,0.017880253187274764,0.9908512316608575,0.0010274371258119789,0.8882176619783261,0.006332188604848987,0.99665,0.00022360679774995643,0.94475,0.023025800746119537,0.0999909999099991,0.0,,,,,3333.0,0.0,42540.6,282.29470416569995,37188073.2,129110.79016372027,252702.79571580002,2317.065980380642,0.01108,0.010464454715846403,0.0657047904676988,0.00925782885130529,,,0.014823297644627679,0.004497682586038139
cicids,0.0,s0,none,rf,fixed,-1.0,0.2,1.0,auto_malicious,accumulate,fixed_ratio,-1.0,-1.0,,5,0.068165,0.009712051147929564,0.9507497770932967,0.0021219287699308386,0.8118690612019002,0.021106954565050327,0.8756993377936695,0.011537394702692518,0.9894632781470374,0.003410714600690531,0.898777957113212,0.011395355123958078,0.9968,0.00020916500663347926,0.96105,0.00954495940274237,0.2,0.0,,,,,7500.0,0.0,95928.4,400.8582043566024,83753109.8,195258.75065845446,567243.2281095999,1726.8425067955798,0.026500000000000003,0.01749179271830078,0.07475074977709331,0.0033260041840168625,,,0.014823297644627679,0.004497682586038139
cicids,0.0,s0,none,rf,fixed,-1.0,0.5,1.0,auto_malicious,accumulate,fixed_ratio,-1.0,-1.0,,5,0.070345,0.012088700819360193,0.969781956715571,0.002788760760764006,0.8103063676148146,0.0263585121028904,0.8826996925458577,0.015171698444023373,0.9932530064035017,0.00087384905408463,0.9457689647221581,0.01402470815498831,0.9967,0.0004808846015417442,0.9689,0.011147589425521548,0.5,0.0,,,,,30000.0,0.0,387001.8,3922.248169098942,340171134.4,6662316.74020072,2266795.8950108,4382.270590723366,0.028679999999999994,0.012900816350138464,0.09378292939936775,0.0032336555492127137,,,0.014823297644627679,0.004497682586038139
cicids,0.0,s0,none,rf,recalibrated,-1.0,0.005,1.0,auto_malicious,accumulate,fixed_ratio,-1.0,-1.0,,5,0.009485,0.0005427361237286494,0.862219340196158,0.008053736341411969,0.9655561187359101,0.0020563690262587007,0.9109538259368163,0.0050646169717764675,0.9762261076436735,0.004322268102267363,0.8226423795250174,0.017767229144005747,0.99565,0.0006519202405202944,0.7716999999999999,0.005251190341246451,0.005008125766972903,0.0,,,,,151.0,0.0,1992.2,111.24387623595287,1746186.8,93926.33617202367,11631.746771199998,453.5011080862962,-0.0001350000000000004,0.00022817208418209222,0.05257355921212616,0.026069216179295595,,,0.0006087658978354054,0.030293837226850386
cicids,0.0,s0,none,rf,recalibrated,-1.0,0.01,1.0,auto_malicious,accumulate,fixed_ratio,-1.0,-1.0,,5,0.00965,0.00018708286933869666,0.8687849558239442,0.017605550597078027,0.9652235733620934,0.001132393729610219,0.9144013021891979,0.010167889632441625,0.9792483184728864,0.009213993160967123,0.8246714318653448,0.023392538066814825,0.9953,0.0008551315688243499,0.7901,0.028365141459192486,0.00999900999901,0.0,,,,,303.0,0.0,3981.4,187.49613329346292,3430528.2,122113.90692177527,23247.3651808,745.6451592942298,2.9999999999999472e-05,0.00047906158268013946,0.05913917483991251,0.03152744673776328,,,0.0006087658978354054,0.030293837226850386
cicids,0.0,s0,none,rf,recalibrated,-1.0,0.02,1.0,auto_malicious,accumulate,fixed_ratio,-1.0,-1.0,,5,0.009555,0.0008301731747051335,0.8584096619923807,0.015201307398446362,0.9651823926198351,0.0027670414288669246,0.908607919705655,0.008289351215362126,0.9798210304368972,0.005394859775989861,0.7987548997002536,0.023560569570906575,0.99465,0.0004541475531146151,0.78685,0.025618352796384105,0.0199921599372795,0.0,,,,,612.0,0.0,7918.6,125.58781788055721,6848091.6,156593.97326621486,46358.671817999995,1132.4061275862136,-6.500000000000013e-05,0.0011234155508982417,0.0487638810083489,0.041300684521478344,,,0.0006087658978354054,0.030293837226850386
cicids,0.0,s0,none,rf,recalibrated,-1.0,0.05,1.0,auto_malicious,accumulate,fixed_ratio,-1.0,-1.0,,5,0.009875,0.00021213203435596436,0.8679419632001297,0.00810922351810511,0.9644257498986997,0.0005140077112755941,0.9136266841379737,0.004372013639146763,0.9874297229877603,0.0010577557485798004,0.8061793866728152,0.010281382914938027,0.9948500000000001,0.0008587782018658755,0.808,0.01662453006854631,0.050001583330694446,0.0,,,,,1579.0,0.0,20285.4,230.0712932984029,17703981.6,106965.00520871334,120390.09205559999,1339.5919539958188,0.0002549999999999997,0.0005007494383421715,0.05829618221609793,0.03249795737562259,,,0.0006087658978354054,0.030293837226850386
cicids,0.0,s0,none,rf,recalibrated,-1.0,0.1,1.0,auto_malicious,accumulate,fixed_ratio,-1.0,-1.0,,5,0.00957,0.0009201562367337409,0.8870227770122396,0.03192839604318593,0.9661895697177577,0.0032341221329744646,0.9246836980926073,0.01774748615516106,0.9908512316608575,0.0010274371258119789,0.8171086004150334,0.03456551534455397,0.99505,0.001191112924957186,0.8548,0.06161559258824014,0.0999909999099991,0.0,,,,,3333.0,0.0,42540.6,282.29470416569995,37188073.2,129110.79016372027,252702.79571580002,2317.065980380642,-5.000000000000039e-05,0.0005114318136369697,0.07737699602820787,0.030893378014690907,,,0.0006087658978354054,0.030293837226850386
cicids,0.0,s0,none,rf,recalibrated,-1.0,0.2,1.0,auto_malicious,accumulate,fixed_ratio,-1.0,-1.0,,5,0.00993,7.78620575119867e-05,0.8883034773445733,0.017071204892506055,0.965015930066682,0.000555542227936746,0.9250070437605287,0.009557001460377272,0.9894632781470374,0.003410714600690531,0.8152640073783722,0.012612636724745132,0.99515,0.0005477225575051823,0.86065,0.04110527642529605,0.2,0.0,,,,,7500.0,0.0,95928.4,400.8582043566024,83753109.8,195258.75065845446,567243.2281095999,1726.8425067955798,0.00030999999999999984,0.0005026803159066407,0.0786576963605415,0.03706594120232546,,,0.0006087658978354054,0.030293837226850386
cicids,0.0,s0,none,rf,recalibrated,-1.0,0.5,1.0,auto_malicious,accumulate,fixed_ratio,-1.0,-1.0,,5,0.00991,0.00014747881203752618,0.923530842182054,0.008886485219568046,0.9663793818375181,0.0002303370469563845,0.9444513181037607,0.0045968207656790485,0.9932530064035017,0.00087384905408463,0.8582430251325801,0.014110684617079657,0.9958,0.00020916500663351577,0.9220499999999999,0.01672329961460957,0.5,0.0,,,,,30000.0,0.0,387001.8,3922.248169098942,340171134.4,6662316.74020072,2266795.8950108,4382.270590723366,0.00029,0.0004546977017755865,0.11388506119802222,0.03029064860550464,,,0.0006087658978354054,0.030293837226850386
cicids,0.0,s0,none,xgboost,fixed,-1.0,0.005,1.0,auto_malicious,accumulate,fixed_ratio,-1.0,-1.0,,5,0.03961,0.014784246260800715,0.8866661262867795,0.00827285692754734,0.8750364484180089,0.04099309418111894,0.8804063057578514,0.02117716257427662,0.9870389182945611,0.0006948967373001125,0.8733686880332027,0.004701111914438482,0.9967500000000001,0.00017677669529661088,0.791,0.02484640316021614,0.005008125766972903,0.0,,,,,151.0,0.0,1992.2,111.24387623595287,1746186.8,93926.33617202367,11631.746771199998,453.5011080862962,-0.0040950000000000005,0.022267334539634507,0.017913593256059013,0.009060814821403185,,,0.009977865822787509,0.0062055548820630305
cicids,0.0,s0,none,xgboost,fixed,-1.0,0.01,1.0,auto_malicious,accumulate,fixed_ratio,-1.0,-1.0,,5,0.045219999999999996,0.0134631487773106,0.8965550782199887,0.01460268039882185,0.8607883890003805,0.0340293206131438,0.8778653123764787,0.015446273760703353,0.9875555718570155,0.0011067116478415612,0.8724463915148721,0.005700359562965176,0.9971,0.0002236067977499502,0.82215,0.03910506680725659,0.00999900999901,0.0,,,,,303.0,0.0,3981.4,187.49613329346292,3430528.2,122113.90692177527,23247.3651808,745.6451592942298,0.001514999999999999,0.009360064770075043,0.027802545189268058,0.007876511873360829,,,0.009977865822787509,0.0062055548820630305
cicids,0.0,s0,none,xgboost,fixed,-1.0,0.02,1.0,auto_malicious,accumulate,fixed_ratio,-1.0,-1.0,,5,0.06451,0.0063551799738481,0.9217637999513657,0.014101515747840765,0.8153490058773546,0.01271033374702207,0.8651435429636531,0.0034813318873411084,0.9881061816081707,0.0009447626979807029,0.872261932211206,0.0040857839858586984,0.9974999999999999,0.00043301270189224174,0.8996999999999999,0.04142817579860352,0.0199921599372795,0.0,,,,,612.0,0.0,7918.6,125.58781788055721,6848091.6,156593.97326621486,46358.671817999995,1132.4061275862136,0.020805,0.01357019251889965,0.05301126692064519,0.008981062513515886,,,0.009977865822787509,0.0062055548820630305
cicids,0.0,s0,none,xgboost,fixed,-1.0,0.05,1.0,auto_malicious,accumulate,fixed_ratio,-1.0,-1.0,,5,0.07196,0.006162578599904431,0.9334846397017103,0.007798465337924001,0.8002255535709581,0.013720418439309273,0.8616718579154103,0.008606833248114338,0.9892950680878657,0.0009545388072473151,0.8774267927138576,0.007934899718358574,0.9976499999999999,0.0002850438562748042,0.9301,0.01873716227180627,0.050001583330694446,0.0,,,,,1579.0,0.0,20285.4,230.0712932984029,17703981.6,106965.00520871334,120390.09205559999,1339.5919539958188,0.028254999999999995,0.010448974231952153,0.06473210667098969,0.0077566493030844265,,,0.009977865822787509,0.0062055548820630305
cicids,0.0,s0,none,xgboost,fixed,-1.0,0.1,1.0,auto_malicious,accumulate,fixed_ratio,-1.0,-1.0,,5,0.069345,0.009932308392312432,0.9497608818999757,0.003063803850432352,0.8090821407662755,0.022120110816206212,0.8736557032981915,0.012577811416497504,0.9906003147037368,0.0012177571438147954,0.8847590500345861,0.006929510262858868,0.9977,0.00020916500663349584,0.9722999999999999,0.0063403469936589565,0.0999909999099991,0.0,,,,,3333.0,0.0,42540.6,282.29470416569995,37188073.2,129110.79016372027,252702.79571580002,2317.065980380642,0.025640000000000003,0.015465128111334872,0.08100834886925512,0.007048136564197186,,,0.009977865822787509,0.0062055548820630305
cicids,0.0,s0,none,xgboost,fixed,-1.0,0.2,1.0,auto_malicious,accumulate,fixed_ratio,-1.0,-1.0,,5,0.07281,0.006588735652611964,0.9548998946259222,0.004809965358934771,0.8019764790866057,0.014902361878378973,0.8717325525038232,0.009764354056760101,0.9920117435357056,0.0007107616836087861,0.889001614018907,0.008933966510302436,0.9972999999999999,0.00041079191812887244,0.9839500000000001,0.007596051605933182,0.2,0.0,,,,,7500.0,0.0,95928.4,400.8582043566024,83753109.8,195258.75065845446,567243.2281095999,1726.8425067955798,0.029105000000000002,0.011394782248906736,0.08614736159520145,0.01205726369329301,,,0.009977865822787509,0.0062055548820630305
cicids,0.0,s0,none,xgboost,fixed,-1.0,0.5,1.0,auto_malicious,accumulate,fixed_ratio,-1.0,-1.0,,5,0.08417,0.018916439609503684,0.9746615870957284,0.009078671587227928,0.7829205298158527,0.037523180480880255,0.8677884845713274,0.01976511791978075,0.9939599704142011,0.00023558397255116158,0.9313350242102836,0.023822559323703852,0.9981,0.00041833001326703814,0.9982,0.0025580754484573185,0.5,0.0,,,,,30000.0,0.0,387001.8,3922.248169098942,340171134.4,6662316.74020072,2266795.8950108,4382.270590723366,0.040465,0.013477580921663944,0.10590905406500768,0.009222810143418901,,,0.009977865822787509,0.0062055548820630305
cicids,0.0,s0,none,xgboost,recalibrated,-1.0,0.005,1.0,auto_malicious,accumulate,fixed_ratio,-1.0,-1.0,,5,0.00886,0.0007444796840747228,0.8568209451244225,0.008719674577352055,0.9675484871226058,0.0028925535914859513,0.9088130313957201,0.005986163872939982,0.9870389182945611,0.0006948967373001125,0.8279455845054186,0.0203855437500215,0.9959,0.000379143772202587,0.74905,0.005495452665613651,0.005008125766972903,0.0,,,,,151.0,0.0,1992.2,111.24387623595287,1746186.8,93926.33617202367,11631.746771199998,453.5011080862962,0.0008149999999999995,0.001592913996422908,0.045748561238550714,0.028550163461924002,,,0.0013768771972570868,0.020048535258507114
cicids,0.0,s0,none,xgboost,recalibrated,-1.0,0.01,1.0,auto_malicious,accumulate,fixed_ratio,-1.0,-1.0,,5,0.008185,0.00142659997897098,0.8553619194293589,0.008037240296461998,0.9699436396455674,0.004968514711167573,0.909028618255763,0.004142929854987148,0.9875555718570155,0.0011067116478415612,0.8186303896702789,0.01551765605122527,0.99565,0.000575543221661065,0.7549,0.010060131708879323,0.00999900999901,0.0,,,,,303.0,0.0,3981.4,187.49613329346292,3430528.2,122113.90692177527,23247.3651808,745.6451592942298,0.00013999999999999966,0.0013743862266480987,0.044289535543487094,0.02241328915861819,,,0.0013768771972570868,0.020048535258507114
cicids,0.0,s0,none,xgboost,recalibrated,-1.0,0.02,1.0,auto_malicious,accumulate,fixed_ratio,-1.0,-1.0,,5,0.009115,0.0008603415019630288,0.8606792575180352,0.004610069147604517,0.9668189825545206,0.002906914414622069,0.9106556085529348,0.0018238428615502801,0.9881061816081707,0.0009447626979807029,0.8118515102605487,0.010076907255435618,0.9955,0.0004677071733467381,0.7788,0.005786298471389139,0.0199921599372795,0.0,,,,,612.0,0.0,7918.6,125.58781788055721,6848091.6,156593.97326621486,46358.671817999995,1132.4061275862136,0.0010699999999999996,0.0022933599804653435,0.04960687363216345,0.02060585850512469,,,0.0013768771972570868,0.020048535258507114
cicids,0.0,s0,none,xgboost,recalibrated,-1.0,0.05,1.0,auto_malicious,accumulate,fixed_ratio,-1.0,-1.0,,5,0.00859,0.0010420232722928987,0.8637756342708924,0.002737758849974472,0.9687778036100083,0.0036339803842597783,0.9132625761897266,0.0017894013612714972,0.9892950680878657,0.0009545388072473151,0.8109753285681347,0.0042777560171111334,0.99555,0.00020916500663351577,0.78925,0.006526388741103297,0.050001583330694446,0.0,,,,,1579.0,0.0,20285.4,230.0712932984029,17703981.6,106965.00520871334,120390.09205559999,1339.5919539958188,0.0005449999999999997,0.0015521557589365826,0.0527032503850207,0.021056991109247455,,,0.0013768771972570868,0.020048535258507114
cicids,0.0,s0,none,xgboost,recalibrated,-1.0,0.1,1.0,auto_malicious,accumulate,fixed_ratio,-1.0,-1.0,,5,0.009885,0.0001039831717154269,0.8813325768014915,0.01589636763820118,0.9649022423503248,0.0007145303182700439,0.921170850365842,0.008896975034542178,0.9906003147037368,0.0012177571438147954,0.8195526861886095,0.011466977928882943,0.99565,0.0007826237921249226,0.834,0.03798848509746079,0.0999909999099991,0.0,,,,,3333.0,0.0,42540.6,282.29470416569995,37188073.2,129110.79016372027,252702.79571580002,2317.065980380642,0.00184,0.0015877066794594023,0.07026019291561972,0.031893548713045144,,,0.0013768771972570868,0.020048535258507114
cicids,0.0,s0,none,xgboost,recalibrated,-1.0,0.2,1.0,auto_malicious,accumulate,fixed_ratio,-1.0,-1.0,,5,0.00944,0.0005691550755286301,0.8953554348707142,0.005671962027569068,0.9669512361449037,0.001860060618183953,0.9297676476822445,0.0029190358078903566,0.9920117435357056,0.0007107616836087861,0.8246714318653448,0.004595892485055785,0.9958,0.0004107919181288589,0.87155,0.0193837883294262,0.2,0.0,,,,,7500.0,0.0,95928.4,400.8582043566024,83753109.8,195258.75065845446,567243.2281095999,1726.8425067955798,0.001395,0.0020029197437740737,0.08428305098484237,0.0242296935142801,,,0.0013768771972570868,0.020048535258507114
cicids,0.0,s0,none,xgboost,recalibrated,-1.0,0.5,1.0,auto_malicious,accumulate,fixed_ratio,-1.0,-1.0,,5,0.00957,0.0004628039541749829,0.907124908810894,0.008348751210101773,0.9669231588012692,0.001635875240255799,0.9360560066337952,0.004809620843209577,0.9939599704142011,0.00023558397255116158,0.8169702559372839,0.007504116433224081,0.9959,0.0006020797289396432,0.9160999999999999,0.02391233991059845,0.5,0.0,,,,,30000.0,0.0,387001.8,3922.248169098942,340171134.4,6662316.74020072,2266795.8950108,4382.270590723366,0.0015249999999999999,0.0017011944333320636,0.09605252492502232,0.014778290834364454,,,0.0013768771972570868,0.020048535258507114
cicids,0.0,s0j,none,rf,fixed,0.7,0.05,1.0,auto_malicious,accumulate,fixed_ratio,-1.0,-1.0,,5,0.054779999999999995,0.009192938866325613,0.8863905325443786,0.013858326403278942,0.8335855551773446,0.022610603210065604,0.8590017577874468,0.01355382559106979,0.9774912616519412,0.0063631296932539294,0.8670970717085543,0.019349414977878756,0.9967,0.00020916500663347926,0.797,0.03147022402208156,0.050001583330694446,0.0,0.050001583330694446,0.0,1.0,0.0,1579.0,0.0,29008.125658081415,379.3721807959834,656428551.2398046,409474119.96205616,2597346.7917973604,112892.02577002787,0.013114999999999998,0.009989816690009885,0.01039150522817538,0.014864666170847559,,,0.014823297644627679,0.004497682586038139
cicids,0.0,s0j,none,rf,fixed,0.7,0.2,1.0,auto_malicious,accumulate,fixed_ratio,-1.0,-1.0,,5,0.062485,0.008498411616296312,0.9263192023992867,0.02527490090138043,0.8207963174945648,0.021528273165055654,0.8702235577064332,0.01950721908900591,0.9862191584258733,0.0026977874408678592,0.9005764353239567,0.02735458630875113,0.9967500000000001,0.00017677669529662395,0.8838000000000001,0.053528438703179075,0.2,0.0,0.2,0.0,1.0,0.0,7500.0,0.0,137268.65182890056,1185.542913952739,2398242134.871764,327442345.5957944,12099160.917011471,385874.60168550734,0.020819999999999998,0.015776192506431964,0.050320175083083396,0.02510368920536448,,,0.014823297644627679,0.004497682586038139
cicids,0.0,s0j,none,rf,fixed,1.5,0.02,1.0,auto_malicious,accumulate,fixed_ratio,-1.0,-1.0,,5,0.044579999999999995,0.008217196145888204,0.887330793547864,0.012647616942276734,0.860457763911769,0.021378891424055656,0.8734893847780842,0.0098541490634331,0.9651236704628353,0.006557877241976938,0.8725847359926217,0.018434830647034346,0.99665,0.00022360679774995643,0.7939999999999999,0.019305925256252236,0.0199921599372795,0.0,0.0199921599372795,0.0,1.0,0.0,612.0,0.0,39076.10143144668,4361.419897696462,61928849525.81155,19692187211.02863,1804426.6343096797,178922.29301475955,0.0029149999999999983,0.015483434696474813,0.011331766231660855,0.013179351974812212,,,0.014823297644627679,0.004497682586038139
cicids,0.0,s0j,none,rf,fixed,1.5,0.05,1.0,auto_malicious,accumulate,fixed_ratio,-1.0,-1.0,,5,0.061985,0.012089129931471496,0.8813325768014915,0.003006766149143508,0.81520742829985,0.029914338181279795,0.8467345257265876,0.015386447405071979,0.9638222598686876,0.008832269820867704,0.8706940281300438,0.010020561735351595,0.99665,0.00013693063937628657,0.77755,0.0047938763021171055,0.050001583330694446,0.0,0.050001583330694446,0.0,1.0,0.0,1579.0,0.0,101379.80058627117,7107.70011280924,180837496776.15164,19392117975.17464,4760299.077959494,138689.22886791584,0.020319999999999998,0.010549754144054731,0.005333549485288147,0.0009563350055120444,,,0.014823297644627679,0.004497682586038139
cicids,0.0,s0j,none,rf,fixed,1.5,0.2,1.0,auto_malicious,accumulate,fixed_ratio,-1.0,-1.0,,5,0.07250999999999999,0.008784158326214299,0.8940585231417687,0.009627201722801633,0.7921973404852607,0.019730451600601565,0.8399229888697194,0.011634666794767611,0.9800552956553457,0.0030598837935476514,0.8664514641457227,0.014370152261755914,0.99665,0.00013693063937627814,0.8214,0.04085286097692547,0.2,0.0,0.2,0.0,1.0,0.0,7500.0,0.0,486867.4876050026,29272.94567453774,827400334251.0446,92341326012.81926,22713169.748876266,559032.519427253,0.030844999999999994,0.015562308231750198,0.018059495825565385,0.011561266351546058,,,0.014823297644627679,0.004497682586038139
cicids,0.0,s0j,none,rf,fixed,1.5,0.5,1.0,auto_malicious,accumulate,fixed_ratio,-1.0,-1.0,,5,0.07678,0.011233201346900179,0.8935559698468023,0.009014360169103581,0.7827004708267437,0.0260819133112166,0.834310701265087,0.016773734921555313,0.9814840650077004,0.0018873990346640762,0.8585658289139959,0.020516951961231423,0.99685,0.00022360679774994501,0.8282,0.01728293956478472,0.5,0.0,0.5,0.0,1.0,0.0,30000.0,0.0,1886574.1657025316,49936.37939599403,3411612691156.199,163589158771.72266,90879716.35372917,1020177.6945278554,0.035115,0.01671280010949691,0.017556942530599008,0.009159188020784376,,,0.014823297644627679,0.004497682586038139
cicids,0.0,s0j,none,rf,recalibrated,0.7,0.05,1.0,auto_malicious,accumulate,fixed_ratio,-1.0,-1.0,,5,0.00957,0.00039107224396522943,0.8070033233363054,0.032107774990981504,0.9629202230992207,0.0022832603096940543,0.8778442383126676,0.019761889165761652,0.9774912616519412,0.0063631296932539294,0.7256629006225501,0.06811454048430926,0.9948,0.001051784198398143,0.7074,0.05208364666572418,0.050001583330694446,0.0,0.050001583330694446,0.0,1.0,0.0,1579.0,0.0,29008.125658081415,379.3721807959834,656428551.2398046,409474119.96205616,2597346.7917973604,112892.02577002787,-5.000000000000039e-05,0.000628241593656453,-0.002642457647726326,0.029683328383620717,,,0.0006087658978354054,0.030293837226850386
cicids,0.0,s0j,none,rf,recalibrated,0.7,0.2,1.0,auto_malicious,accumulate,fixed_ratio,-1.0,-1.0,,5,0.009970000000000001,4.4721359549995396e-05,0.8075220880278836,0.034697814218894514,0.9614618160994242,0.001461209544410138,0.8774923109242895,0.02124654066177498,0.9862191584258733,0.0026977874408678592,0.7048651141341942,0.08147639559018546,0.99495,0.000570087712549561,0.7314,0.028332071050313292,0.2,0.0,0.2,0.0,1.0,0.0,7500.0,0.0,137268.65182890056,1185.542913952739,2398242134.871764,327442345.5957944,12099160.917011471,385874.60168550734,0.00034999999999999994,0.00042278836313219457,-0.0021236929561481376,0.028619279738184705,,,0.0006087658978354054,0.030293837226850386
cicids,0.0,s0j,none,rf,recalibrated,1.5,0.02,1.0,auto_malicious,accumulate,fixed_ratio,-1.0,-1.0,,5,0.009515,0.0004248529157249605,0.8073599740617654,0.011211912534984493,0.9631896524266947,0.0017162469566477194,0.8783866483947899,0.006980629626114359,0.9651236704628353,0.006557877241976938,0.7670740142955961,0.010085345111011113,0.9948,0.0010216408370851172,0.6636,0.027192370253436893,0.0199921599372795,0.0,0.0199921599372795,0.0,1.0,0.0,612.0,0.0,39076.10143144668,4361.419897696462,61928849525.81155,19692187211.02863,1804426.6343096797,178922.29301475955,-0.00010500000000000057,0.0008660975695613059,-0.0022858069222663423,0.02670470252966942,,,0.0006087658978354054,0.030293837226850386
cicids,0.0,s0j,none,rf,recalibrated,1.5,0.05,1.0,auto_malicious,accumulate,fixed_ratio,-1.0,-1.0,,5,0.009815,0.00022541628157699733,0.7923320094026101,0.03750972650461413,0.9613118600748243,0.002241615769712483,0.8683286731524369,0.02344349186197815,0.9638222598686876,0.008832269820867704,0.7600184459303666,0.02877210385894296,0.9946999999999999,0.0011911129249571502,0.625,0.08727936468604704,0.050001583330694446,0.0,0.050001583330694446,0.0,1.0,0.0,1579.0,0.0,101379.80058627117,7107.70011280924,180837496776.15164,19392117975.17464,4760299.077959494,138689.22886791584,0.00019499999999999935,0.0004546289696004863,-0.017313771581421732,0.027695677791232286,,,0.0006087658978354054,0.030293837226850386
cicids,0.0,s0j,none,rf,recalibrated,1.5,0.2,1.0,auto_malicious,accumulate,fixed_ratio,-1.0,-1.0,,5,0.00953,0.00048906799118323,0.7536678284834238,0.04652773206801143,0.9605790226719677,0.001430113986023827,0.8440142174338428,0.02972264597918444,0.9800552956553457,0.0030598837935476514,0.6297440627161632,0.04559990358350083,0.9946999999999999,0.0012673791855636752,0.647,0.0944996693115907,0.2,0.0,0.2,0.0,1.0,0.0,7500.0,0.0,486867.4876050026,29272.94567453774,827400334251.0446,92341326012.81926,22713169.748876266,559032.519427253,-9.00000000000005e-05,0.0004495136260448617,-0.05597795250060791,0.03808654506250316,,,0.0006087658978354054,0.030293837226850386
cicids,0.0,s0j,none,rf,recalibrated,1.5,0.5,1.0,auto_malicious,accumulate,fixed_ratio,-1.0,-1.0,,5,0.00949,0.0007837410286567878,0.7663937748237011,0.010839685822383982,0.9614343294440741,0.002636089664113273,0.8528587280452766,0.005847764470433758,0.9814840650077004,0.0018873990346640762,0.6030896933364076,0.009419171911781793,0.99455,0.0006471089552772264,0.7153,0.026428204630659265,0.5,0.0,0.5,0.0,1.0,0.0,30000.0,0.0,1886574.1657025316,49936.37939599403,3411612691156.199,163589158771.72266,90879716.35372917,1020177.6945278554,-0.0001300000000000006,0.00044525273721786405,-0.04325200616033069,0.021444941946360124,,,0.0006087658978354054,0.030293837226850386
cicids,0.0,s0j,none,xgboost,fixed,0.7,0.05,1.0,auto_malicious,accumulate,fixed_ratio,-1.0,-1.0,,5,0.041145,0.009165891255082619,0.9008024641322849,0.01254674649512554,0.871535421143569,0.02623582711734885,0.8857791941671632,0.016242493310233794,0.9904706379184567,0.0013154876664486633,0.9035738990085311,0.02506553959811119,0.9971,0.00045414755311460047,0.8015000000000001,0.03585692053146781,0.050001583330694446,0.0,0.050001583330694446,0.0,1.0,0.0,1579.0,0.0,29008.125658081415,379.3721807959834,656428551.2398046,409474119.96205616,2597346.7917973604,112892.02577002787,-0.002559999999999999,0.015171628538162936,0.0320499311015644,0.00903441803213783,,,0.009977865822787509,0.0062055548820630305
cicids,0.0,s0j,none,xgboost,fixed,0.7,0.2,1.0,auto_malicious,accumulate,fixed_ratio,-1.0,-1.0,,5,0.06328500000000001,0.007514124200464084,0.9487395639134311,0.009393276862007529,0.8224667154710275,0.01727864731971893,0.8810119857758434,0.010987222624475438,0.9908711732998297,0.0010732301895230228,0.9067097071708554,0.013616178394231978,0.9978999999999999,0.00037914377220253577,0.9451499999999999,0.02710546531605756,0.2,0.0,0.2,0.0,1.0,0.0,7500.0,0.0,137268.65182890056,1185.542913952739,2398242134.871764,327442345.5957944,12099160.917011471,385874.60168550734,0.01958,0.008529386701281633,0.07998703088271056,0.011386328045962745,,,0.009977865822787509,0.0062055548820630305
cicids,0.0,s0j,none,xgboost,fixed,1.5,0.02,1.0,auto_malicious,accumulate,fixed_ratio,-1.0,-1.0,,5,0.03875,0.005996483344427798,0.8792575180351788,0.006954292352716,0.8753018856241631,0.016270322262178418,0.877160049569811,0.005514209620515887,0.9865678947475075,0.0006408284539266855,0.8698178464376298,0.005554396302371196,0.9967,0.00011180339887497717,0.77205,0.017882778028035833,0.0199921599372795,0.0,0.0199921599372795,0.0,1.0,0.0,612.0,0.0,39076.10143144668,4361.419897696462,61928849525.81155,19692187211.02863,1804426.6343096797,178922.29301475955,-0.004954999999999999,0.008166880524410773,0.010504985004458133,0.011737123918883983,,,0.009977865822787509,0.0062055548820630305
cicids,0.0,s0j,none,xgboost,fixed,1.5,0.05,1.0,auto_malicious,accumulate,fixed_ratio,-1.0,-1.0,,5,0.03926,0.011611155734895642,0.8803436816081704,0.01473191434057912,0.8747104097999255,0.03287208523165423,0.8771896505787758,0.016959281142346273,0.9870605971873226,0.0015590653663539451,0.8689416647452155,0.012141430285461127,0.9967500000000001,0.0,0.7763,0.03305412228451999,0.050001583330694446,0.0,0.050001583330694446,0.0,1.0,0.0,1579.0,0.0,101379.80058627117,7107.70011280924,180837496776.15164,19392117975.17464,4760299.077959494,138689.22886791584,-0.004445,0.010506893570413664,0.011591148577449962,0.016630514766197164,,,0.009977865822787509,0.0062055548820630305
cicids,0.0,s0j,none,xgboost,fixed,1.5,0.2,1.0,auto_malicious,accumulate,fixed_ratio,-1.0,-1.0,,5,0.047925,0.012297598850995264,0.904450028369944,0.0183258169130923,0.8545259627423796,0.029631058340334953,0.8783437555968288,0.012604256949441247,0.9882556050903786,0.0006312409351509068,0.9012681577127047,0.03238372402484732,0.9978999999999999,0.0002236067977499502,0.8144500000000001,0.06154302356888228,0.2,0.0,0.2,0.0,1.0,0.0,7500.0,0.0,486867.4876050026,29272.94567453774,827400334251.0446,92341326012.81926,22713169.748876266,559032.519427253,0.004220000000000002,0.013405262492767533,0.035697495339223465,0.01789217921263549,,,0.009977865822787509,0.0062055548820630305
cicids,0.0,s0j,none,xgboost,fixed,1.5,0.5,1.0,auto_malicious,accumulate,fixed_ratio,-1.0,-1.0,,5,0.063115,0.010592458992132093,0.9409256707465348,0.02711143436713897,0.8222050632659886,0.022678860814961697,0.8770967088699644,0.009648348951713043,0.9891180947556132,0.002054983901265014,0.8747521328106986,0.04418290085169231,0.9981500000000001,0.0004183300132670304,0.9554500000000001,0.0393404213246376,0.5,0.0,0.5,0.0,1.0,0.0,30000.0,0.0,1886574.1657025316,49936.37939599403,3411612691156.199,163589158771.72266,90879716.35372917,1020177.6945278554,0.01941,0.006991950729231435,0.07217313771581421,0.026588148440599188,,,0.009977865822787509,0.0062055548820630305
cicids,0.0,s0j,none,xgboost,recalibrated,0.7,0.05,1.0,auto_malicious,accumulate,fixed_ratio,-1.0,-1.0,,5,0.00956,0.0007596462992735504,0.8646024154980951,0.014614284071772794,0.9653739829252148,0.0029417086642384107,0.9121711140269368,0.008980741624966869,0.9904706379184567,0.0013154876664486633,0.8282683882868342,0.018090447120741815,0.9962,0.0005700877125496495,0.7724,0.026519214731963708,0.050001583330694446,0.0,0.050001583330694446,0.0,1.0,0.0,1579.0,0.0,29008.125658081415,379.3721807959834,656428551.2398046,409474119.96205616,2597346.7917973604,112892.02577002787,0.0015149999999999999,0.002160483163553931,0.0535300316122234,0.02872790302240008,,,0.0013768771972570868,0.020048535258507114
cicids,0.0,s0j,none,xgboost,recalibrated,0.7,0.2,1.0,auto_malicious,accumulate,fixed_ratio,-1.0,-1.0,,5,0.008755,0.001720410561464908,0.8596903623247144,0.016375015279521454,0.9680474810917561,0.0062574745297568945,0.9105934337200198,0.010142679351492968,0.9908711732998297,0.0010732301895230228,0.8151717777265391,0.024413978894430702,0.99655,0.0005123475382979566,0.7711,0.025976311323973645,0.2,0.0,0.2,0.0,1.0,0.0,7500.0,0.0,137268.65182890056,1185.542913952739,2398242134.871764,327442345.5957944,12099160.917011471,385874.60168550734,0.0007099999999999997,0.002930528962491243,0.048617978438842545,0.03426431215650546,,,0.0013768771972570868,0.020048535258507114
cicids,0.0,s0j,none,xgboost,recalibrated,1.5,0.02,1.0,auto_malicious,accumulate,fixed_ratio,-1.0,-1.0,,5,0.009545000000000001,0.000309939510227399,0.8414201183431953,0.01384445202893251,0.9645255061724363,0.0009534818274067087,0.8987281241503805,0.007933768792553426,0.9865678947475075,0.0006408284539266855,0.8088079317500576,0.01605796109924717,0.99605,0.0005123475382980016,0.7221500000000001,0.04013010092187663,0.0199921599372795,0.0,0.0199921599372795,0.0,1.0,0.0,612.0,0.0,39076.10143144668,4361.419897696462,61928849525.81155,19692187211.02863,1804426.6343096797,178922.29301475955,0.0014999999999999998,0.001739252713092609,0.030347734457323527,0.023877755558387132,,,0.0013768771972570868,0.020048535258507114
cicids,0.0,s0j,none,xgboost,recalibrated,1.5,0.05,1.0,auto_malicious,accumulate,fixed_ratio,-1.0,-1.0,,5,0.009065,0.0013262494109329513,0.8289859771419309,0.024347027051099843,0.9658407451856835,0.004247403018095263,0.8920087304927822,0.012963670350667159,0.9870605971873226,0.0015590653663539451,0.7910998385981094,0.030984135954893365,0.99555,0.0008366600265340981,0.7035,0.05132403189539966,0.050001583330694446,0.0,0.050001583330694446,0.0,1.0,0.0,1579.0,0.0,101379.80058627117,7107.70011280924,180837496776.15164,19392117975.17464,4760299.077959494,138689.22886791584,0.0010199999999999999,0.0016635241206547024,0.017913593256059034,0.038654621130855916,,,0.0013768771972570868,0.020048535258507114
cicids,0.0,s0j,none,xgboost,recalibrated,1.5,0.2,1.0,auto_malicious,accumulate,fixed_ratio,-1.0,-1.0,,5,0.009405,0.0009351470472604833,0.8212207181648699,0.014299448906411135,0.9642123701682694,0.003331414445155069,0.8869324777221816,0.008258997733355155,0.9882556050903786,0.0006312409351509068,0.7782799169933133,0.013533935423067854,0.99605,0.0006937218462755862,0.69295,0.03814872212800845,0.2,0.0,0.2,0.0,1.0,0.0,7500.0,0.0,486867.4876050026,29272.94567453774,827400334251.0446,92341326012.81926,22713169.748876266,559032.519427253,0.0013599999999999999,0.0016041547618605885,0.01014833427899815,0.024765156857266112,,,0.0013768771972570868,0.020048535258507114
cicids,0.0,s0j,none,xgboost,recalibrated,1.5,0.5,1.0,auto_malicious,accumulate,fixed_ratio,-1.0,-1.0,,5,0.009255,0.0009773049677557154,0.8645537813082598,0.025329107534207623,0.9664277903726903,0.003714274541582427,0.9125146141931012,0.015092830340309176,0.9891180947556132,0.002054983901265014,0.7709015448466683,0.019584961680555256,0.9964000000000001,0.00022360679774997814,0.8342499999999999,0.05978764504477488,0.5,0.0,0.5,0.0,1.0,0.0,30000.0,0.0,1886574.1657025316,49936.37939599403,3411612691156.199,163589158771.72266,90879716.35372917,1020177.6945278554,0.0012099999999999997,0.0020121195292526735,0.05348139742238796,0.031044898584504335,,,0.0013768771972570868,0.020048535258507114
cicids_recal,0.005,control,none,rf,fixed,-1.0,0.0,1.0,auto_malicious,accumulate,fixed_ratio,-1.0,-1.0,,5,0.04899,0.007072981160727069,0.8783658912215287,0.0022482173833689428,0.8471857086741139,0.018941765863181963,0.8624116865705476,0.010092000249904559,0.9638486749209694,0.005933266922123287,0.8693566981784644,0.009769651979556333,0.9964999999999999,0.0003061862178479174,0.77,0.01083253202164664,0.0,0.0,0.0,0.0,,,0.0,0.0,0.0,0.0,0.0,0.0,0.0,0.0,0.0,0.0,0.0,0.0,,,0.014429939256239978,0.005744382481883564
cicids_recal,0.005,control,none,rf,recalibrated,-1.0,0.0,1.0,auto_malicious,accumulate,fixed_ratio,-1.0,-1.0,,5,0.00962,0.0004671723450719231,0.8096457809840316,0.028292579700575988,0.9629105887705472,0.001067597809951944,0.8794354145710941,0.016736489218235073,0.9638486749209694,0.005933266922123287,0.8019368226884943,0.009608331351632315,0.99495,0.00044721359549993107,0.6327,0.0781365791419102,0.0,0.0,0.0,0.0,,,0.0,0.0,0.0,0.0,0.0,0.0,0.0,0.0,0.0,0.0,0.0,0.0,,,0.0006087658978354054,0.030293837226850386
cicids_recal,0.005,control,none,xgboost,fixed,-1.0,0.0,1.0,auto_malicious,accumulate,fixed_ratio,-1.0,-1.0,,5,0.057420000000000006,0.016342299409813788,0.8743616762584097,0.008560054923346662,0.8260169670933669,0.043322124296472406,0.8491306261765649,0.025276908483387022,0.9824032114776688,0.001931406845892606,0.8752593958957805,0.00578047089542157,0.9967500000000001,0.0,0.751,0.024050077962451618,0.0,0.0,0.0,0.0,,,0.0,0.0,0.0,0.0,0.0,0.0,0.0,0.0,0.0,0.0,0.0,0.0,,,0.012655315935549433,0.008152570704700688
cicids_recal,0.005,control,none,xgboost,recalibrated,-1.0,0.0,1.0,auto_malicious,accumulate,fixed_ratio,-1.0,-1.0,,5,0.008045,0.0015733523127386313,0.8110723838858718,0.02067671330588587,0.9688973068926356,0.005689018200491738,0.8828554574487208,0.011840832339559819,0.9824032114776688,0.001931406845892606,0.8011528706479133,0.00730705387132895,0.9957,0.00020916500663351577,0.6372,0.058158834238660535,0.0,0.0,0.0,0.0,,,0.0,0.0,0.0,0.0,0.0,0.0,0.0,0.0,0.0,0.0,0.0,0.0,,,0.0013768771972570868,0.020048535258507114
cicids_recal,0.01,control,none,rf,fixed,-1.0,0.0,1.0,auto_malicious,accumulate,fixed_ratio,-1.0,-1.0,,5,0.042710000000000005,0.010036660923833188,0.8764367350247223,0.0024110876151515522,0.8642901697824644,0.027240143478414507,0.8701260641088571,0.01312428529606137,0.9638486749209694,0.005933266922123287,0.8656213972792253,0.009835817804073516,0.9964500000000001,0.0002091650066335456,0.76815,0.00870452468547248,0.0,0.0,0.0,0.0,,,0.0,0.0,0.0,0.0,0.0,0.0,0.0,0.0,0.0,0.0,0.0,0.0,,,0.014153880083869985,0.00447313250242178
cicids_recal,0.01,control,none,rf,recalibrated,-1.0,0.0,1.0,auto_malicious,accumulate,fixed_ratio,-1.0,-1.0,,5,0.00962,0.0004671723450719231,0.8096457809840316,0.028292579700575988,0.9629105887705472,0.001067597809951944,0.8794354145710941,0.016736489218235073,0.9638486749209694,0.005933266922123287,0.8019368226884943,0.009608331351632315,0.99495,0.00044721359549993107,0.6327,0.0781365791419102,0.0,0.0,0.0,0.0,,,0.0,0.0,0.0,0.0,0.0,0.0,0.0,0.0,0.0,0.0,0.0,0.0,,,0.0006087658978354054,0.030293837226850386
cicids_recal,0.01,control,none,xgboost,fixed,-1.0,0.0,1.0,auto_malicious,accumulate,fixed_ratio,-1.0,-1.0,,5,0.05574,0.011500089673563424,0.8730323417362407,0.010629380206661971,0.8292359624647645,0.030783349139272876,0.8503938783320841,0.019180545616025436,0.9824032114776688,0.001931406845892606,0.8742909845515333,0.0060575646143049885,0.9967500000000001,0.0,0.74795,0.02932650251905262,0.0,0.0,0.0,0.0,,,0.0,0.0,0.0,0.0,0.0,0.0,0.0,0.0,0.0,0.0,0.0,0.0,,,0.012234903869834108,0.008652386773793774
cicids_recal,0.01,control,none,xgboost,recalibrated,-1.0,0.0,1.0,auto_malicious,accumulate,fixed_ratio,-1.0,-1.0,,5,0.008045,0.0015733523127386313,0.8110723838858718,0.02067671330588587,0.9688973068926356,0.005689018200491738,0.8828554574487208,0.011840832339559819,0.9824032114776688,0.001931406845892606,0.8011528706479133,0.00730705387132895,0.9957,0.00020916500663351577,0.6372,0.058158834238660535,0.0,0.0,0.0,0.0,,,0.0,0.0,0.0,0.0,0.0,0.0,0.0,0.0,0.0,0.0,0.0,0.0,,,0.0013768771972570868,0.020048535258507114
cicids_recal,0.02,control,none,rf,fixed,-1.0,0.0,1.0,auto_malicious,accumulate,fixed_ratio,-1.0,-1.0,,5,0.037495,0.006449282905874111,0.8737618545837723,0.001159993114695528,0.878164548497379,0.018365995728698247,0.8758830879029101,0.0093399087502153,0.9638486749209694,0.005933266922123287,0.8611482591653218,0.008093775985327165,0.9964000000000001,0.00022360679775001096,0.7647999999999999,0.008010539931864798,0.0,0.0,0.0,0.0,,,0.0,0.0,0.0,0.0,0.0,0.0,0.0,0.0,0.0,0.0,0.0,0.0,,,0.015046396146246983,0.004460028203664575
cicids_recal,0.02,control,none,rf,recalibrated,-1.0,0.0,1.0,auto_malicious,accumulate,fixed_ratio,-1.0,-1.0,,5,0.00962,0.0004671723450719231,0.8096457809840316,0.028292579700575988,0.9629105887705472,0.001067597809951944,0.8794354145710941,0.016736489218235073,0.9638486749209694,0.005933266922123287,0.8019368226884943,0.009608331351632315,0.99495,0.00044721359549993107,0.6327,0.0781365791419102,0.0,0.0,0.0,0.0,,,0.0,0.0,0.0,0.0,0.0,0.0,0.0,0.0,0.0,0.0,0.0,0.0,,,0.0006087658978354054,0.030293837226850386
cicids_recal,0.02,control,none,xgboost,fixed,-1.0,0.0,1.0,auto_malicious,accumulate,fixed_ratio,-1.0,-1.0,,5,0.052934999999999996,0.017774038300285053,0.8736483748074896,0.009069222384979899,0.837805024389963,0.04704240171018671,0.8548415471576731,0.025697594059182025,0.9824032114776688,0.001931406845892606,0.8726308508185381,0.008628218254929104,0.9967500000000001,0.0,0.7516499999999999,0.023589324916156472,0.0,0.0,0.0,0.0,,,0.0,0.0,0.0,0.0,0.0,0.0,0.0,0.0,0.0,0.0,0.0,0.0,,,0.014071360124924175,0.009700741899888952
cicids_recal,0.02,control,none,xgboost,recalibrated,-1.0,0.0,1.0,auto_malicious,accumulate,fixed_ratio,-1.0,-1.0,,5,0.008045,0.0015733523127386313,0.8110723838858718,0.02067671330588587,0.9688973068926356,0.005689018200491738,0.8828554574487208,0.011840832339559819,0.9824032114776688,0.001931406845892606,0.8011528706479133,0.00730705387132895,0.9957,0.00020916500663351577,0.6372,0.058158834238660535,0.0,0.0,0.0,0.0,,,0.0,0.0,0.0,0.0,0.0,0.0,0.0,0.0,0.0,0.0,0.0,0.0,,,0.0013768771972570868,0.020048535258507114
cicids_recal,0.05,control,none,rf,fixed,-1.0,0.0,1.0,auto_malicious,accumulate,fixed_ratio,-1.0,-1.0,,5,0.026995,0.005298626001144072,0.8644727243252006,0.004639760052837357,0.9083398450075112,0.015797423035271537,0.8857774729227363,0.005771270292231703,0.9638486749209694,0.005933266922123287,0.8468987779571131,0.010883489712894556,0.9962,0.000447213595499944,0.7518,0.0037724329019877697,0.0,0.0,0.0,0.0,,,0.0,0.0,0.0,0.0,0.0,0.0,0.0,0.0,0.0,0.0,0.0,0.0,,,0.011240318101388777,0.0057972822837548885
cicids_recal,0.05,control,none,rf,recalibrated,-1.0,0.0,1.0,auto_malicious,accumulate,fixed_ratio,-1.0,-1.0,,5,0.00962,0.0004671723450719231,0.8096457809840316,0.028292579700575988,0.9629105887705472,0.001067597809951944,0.8794354145710941,0.016736489218235073,0.9638486749209694,0.005933266922123287,0.8019368226884943,0.009608331351632315,0.99495,0.00044721359549993107,0.6327,0.0781365791419102,0.0,0.0,0.0,0.0,,,0.0,0.0,0.0,0.0,0.0,0.0,0.0,0.0,0.0,0.0,0.0,0.0,,,0.0006087658978354054,0.030293837226850386
cicids_recal,0.05,control,none,xgboost,fixed,-1.0,0.0,1.0,auto_malicious,accumulate,fixed_ratio,-1.0,-1.0,,5,0.036885,0.010904035950050791,0.8603712409824107,0.010873062383414997,0.8790328887619655,0.030782670521074296,0.8692587633256114,0.012058830890322905,0.9824032114776688,0.001931406845892606,0.8601798478210745,0.011937194799142624,0.99665,0.00013693063937627814,0.7243,0.022862633269157755,0.0,0.0,0.0,0.0,,,0.0,0.0,0.0,0.0,0.0,0.0,0.0,0.0,0.0,0.0,0.0,0.0,,,0.011153035930148509,0.00935510922092353
cicids_recal,0.05,control,none,xgboost,recalibrated,-1.0,0.0,1.0,auto_malicious,accumulate,fixed_ratio,-1.0,-1.0,,5,0.008045,0.0015733523127386313,0.8110723838858718,0.02067671330588587,0.9688973068926356,0.005689018200491738,0.8828554574487208,0.011840832339559819,0.9824032114776688,0.001931406845892606,0.8011528706479133,0.00730705387132895,0.9957,0.00020916500663351577,0.6372,0.058158834238660535,0.0,0.0,0.0,0.0,,,0.0,0.0,0.0,0.0,0.0,0.0,0.0,0.0,0.0,0.0,0.0,0.0,,,0.0013768771972570868,0.020048535258507114
cicids_recal,0.1,a1,d1_E16_g1,xgboost,fixed,0.0,0.5,1.0,auto_malicious,accumulate,fixed_ratio,16.0,1.0,all,5,0.03642,0.03910933951756281,0.7859933533273892,0.09817498850030702,0.8890508338207491,0.11216005905798164,0.8250166229599815,0.04767781802658374,0.9220689736159521,0.0051240353159497055,0.733364076550611,0.09730823808933924,0.9933500000000001,0.0025592967784139244,0.6357,0.19866164702830794,0.5,0.0,0.1794703362797364,0.0014079465140576757,0.2187278549930695,0.002092609391762328,30000.0,0.0,580076.0,11994.591677085145,321350703.6,16471987.633616712,534067.1535051999,6011.250187997705,0.029660000000000002,0.03166842670547434,-0.008494771824592661,0.08132807871735499,,,0.0061113621389897645,0.027101945221866316
cicids_recal,0.1,a1,d1_E16_g1,xgboost,recalibrated,0.0,0.5,1.0,auto_malicious,accumulate,fixed_ratio,16.0,1.0,all,5,0.00995,9.842509842514723e-05,0.8200859204020426,0.009601506724307188,0.9621459233590487,0.0006467366507343385,0.8854323728338048,0.0058281564108455175,0.9220689736159521,0.0051240353159497055,0.7598339866267005,0.007689915125386339,0.9939,0.0007623975340989052,0.7116,0.026901208151308025,0.5,0.0,0.1794703362797364,0.0014079465140576757,0.2187278549930695,0.002092609391762328,30000.0,0.0,580076.0,11994.591677085145,321350703.6,16471987.633616712,534067.1535051999,6011.250187997705,0.0019049999999999998,0.001636917835445628,0.009013536516170895,0.02139285589737049,,,0.0013768771972570868,0.020048535258507114
cicids_recal,0.1,a1,d1_E16_g2,xgboost,fixed,0.0,0.5,1.0,auto_malicious,accumulate,fixed_ratio,16.0,2.0,all,5,0.03131,0.032471288279031986,0.8055605090378537,0.04801473183401724,0.9011128942491295,0.0994057236376803,0.8459572189596614,0.02425302555735654,0.9697432961822161,0.00238720044475809,0.7456306202444086,0.05715899653373757,0.994,0.001457737973711336,0.6820999999999999,0.08717808640937241,0.5,0.0,0.13430147668990666,0.0014026917470016716,0.15513897081647332,0.0018725201158473332,30000.0,0.0,580076.0,11994.591677085145,321350703.6,16471987.633616712,534067.1535051999,6011.250187997705,0.02455,0.02539433376759469,0.011072383885871773,0.029891052517694805,,,0.0061113621389897645,0.027101945221866316
cicids_recal,0.1,a1,d1_E16_g2,xgboost,recalibrated,0.0,0.5,1.0,auto_malicious,accumulate,fixed_ratio,16.0,2.0,all,5,0.009955,7.373940601876275e-05,0.820053497608819,0.008149351529582117,0.9621270005284419,0.0005753944996651708,0.8854117364588809,0.004994320384881868,0.9697432961822161,0.00238720044475809,0.7596495273230344,0.011425174970008051,0.9939,0.00041833001326703706,0.7117,0.032777374055894065,0.5,0.0,0.13430147668990666,0.0014026917470016716,0.15513897081647332,0.0018725201158473332,30000.0,0.0,580076.0,11994.591677085145,321350703.6,16471987.633616712,534067.1535051999,6011.250187997705,0.0019099999999999998,0.0015615096861691256,0.008981113722947232,0.020873896511159333,,,0.0013768771972570868,0.020048535258507114
cicids_recal,0.1,a1,d1_E16_g3,xgboost,fixed,0.0,0.5,1.0,auto_malicious,accumulate,fixed_ratio,16.0,3.0,all,5,0.02642,0.027633004496435055,0.8046526708275918,0.047653337607063646,0.9138510459130161,0.08732748322861636,0.852026690511958,0.02450680413511867,0.9725566365404881,0.002093754320034951,0.7410191376527553,0.0481407088625367,0.99415,0.001850675552332167,0.68415,0.097522048788979,0.5,0.0,0.11972307782435658,0.0013123115243191086,0.13600817354841116,0.001694127330534689,30000.0,0.0,580076.0,11994.591677085145,321350703.6,16471987.633616712,534067.1535051999,6011.250187997705,0.01966,0.020384427266911375,0.010164545675609959,0.03337188937123768,,,0.0061113621389897645,0.027101945221866316
cicids_recal,0.1,a1,d1_E16_g3,xgboost,recalibrated,0.0,0.5,1.0,auto_malicious,accumulate,fixed_ratio,16.0,3.0,all,5,0.00995,7.288689868556601e-05,0.8177028451001054,0.01026099448907528,0.9620413972008954,0.0004126721373120007,0.8839928936162768,0.006159340661833442,0.9725566365404881,0.002093754320034951,0.7560986857274614,0.005425600839188478,0.9943500000000001,0.0003791437722025733,0.70785,0.030549447621847452,0.5,0.0,0.11972307782435658,0.0013123115243191086,0.13600817354841116,0.001694127330534689,30000.0,0.0,580076.0,11994.591677085145,321350703.6,16471987.633616712,534067.1535051999,6011.250187997705,0.0019049999999999998,0.00161703818755155,0.006630461214233607,0.019663077549219102,,,0.0013768771972570868,0.020048535258507114
cicids_recal,0.1,a1,d1_E2_g1,xgboost,fixed,0.0,0.5,1.0,auto_malicious,accumulate,fixed_ratio,2.0,1.0,all,5,0.347105,0.4426783723822522,0.7677717435357057,0.12609206412105337,0.6463237426407435,0.37010379709060814,0.6206819809773012,0.20871904718113168,0.8829864018805221,0.006175055143540492,0.7331796172469449,0.23474492704341096,0.9933500000000001,0.0038470768123342503,0.5797,0.19381292526557664,0.5,0.0,0.33468422862710473,0.001248629233591338,0.5030499264073114,0.002824299395459767,30000.0,0.0,580076.0,11994.591677085145,321350703.6,16471987.633616712,534067.1535051999,6011.250187997705,0.340345,0.43543180629979245,-0.02671638161627623,0.10273691377523535,,,0.0061113621389897645,0.027101945221866316
cicids_recal,0.1,a1,d1_E2_g1,xgboost,recalibrated,0.0,0.5,1.0,auto_malicious,accumulate,fixed_ratio,2.0,1.0,all,5,0.009955,6.224949798994454e-05,0.7162519251033477,0.056621960846935555,0.9566589391501358,0.0036658477827202257,0.8182373810485177,0.03961860069404549,0.8829864018805221,0.006175055143540492,0.6739681807701177,0.04203695851336626,0.9924,0.0006754628043053274,0.48595000000000005,0.19067334632821653,0.5,0.0,0.33468422862710473,0.001248629233591338,0.5030499264073114,0.002824299395459767,30000.0,0.0,580076.0,11994.591677085145,321350703.6,16471987.633616712,534067.1535051999,6011.250187997705,0.0019099999999999998,0.0015330321262126243,-0.0948204587825241,0.04969362940093319,,,0.0013768771972570868,0.020048535258507114
cicids_recal,0.1,a1,d1_E2_g2,xgboost,fixed,0.0,0.5,1.0,auto_malicious,accumulate,fixed_ratio,2.0,2.0,all,5,0.090715,0.09463846106367116,0.7725865283294155,0.10996510697155057,0.7863233354126571,0.20034813446019353,0.7547796013329873,0.0458501082775136,0.9312447687849558,0.003140116482520733,0.7097532856813465,0.1985779716637355,0.9898,0.00845465847920545,0.6234999999999999,0.12063283653301032,0.5,0.0,0.2874058801596548,0.001601472349365383,0.4033290734924659,0.003158013489257994,30000.0,0.0,580076.0,11994.591677085145,321350703.6,16471987.633616712,534067.1535051999,6011.250187997705,0.083955,0.08732014980804831,-0.02190159682256627,0.08828228197864385,,,0.0061113621389897645,0.027101945221866316
cicids_recal,0.1,a1,d1_E2_g2,xgboost,recalibrated,0.0,0.5,1.0,auto_malicious,accumulate,fixed_ratio,2.0,2.0,all,5,0.009995,1.118033988749917e-05,0.7479289940828402,0.01724975635197604,0.9584543633369261,0.0009407157558180976,0.8401249156123551,0.01116014682281206,0.9312447687849558,0.003140116482520733,0.7018215356237031,0.022588852171982116,0.99055,0.0023008150729687087,0.5553,0.04893343693222459,0.5,0.0,0.2874058801596548,0.001601472349365383,0.4033290734924659,0.003158013489257994,30000.0,0.0,580076.0,11994.591677085145,321350703.6,16471987.633616712,534067.1535051999,6011.250187997705,0.0019499999999999997,0.00158113883008419,-0.06314338980303154,0.011918546684238153,,,0.0013768771972570868,0.020048535258507114
cicids_recal,0.1,a1,d1_E2_g3,xgboost,fixed,0.0,0.5,1.0,auto_malicious,accumulate,fixed_ratio,2.0,3.0,all,5,0.082425,0.08508151055017771,0.7766069546891464,0.0996639035035389,0.7979246217706685,0.1894137120220343,0.7661301463238688,0.04620082965934496,0.9545439606468348,0.002923512363823191,0.6869725616785797,0.19196557133704348,0.9896499999999999,0.00857795138713203,0.66075,0.10033444074693393,0.5,0.0,0.2740485549405337,0.0016908719945243895,0.3775085821368736,0.0032126841308960526,30000.0,0.0,580076.0,11994.591677085145,321350703.6,16471987.633616712,534067.1535051999,6011.250187997705,0.07566500000000001,0.07779861743630154,-0.017881170462835373,0.0791861303738919,,,0.0061113621389897645,0.027101945221866316
cicids_recal,0.1,a1,d1_E2_g3,xgboost,recalibrated,0.0,0.5,1.0,auto_malicious,accumulate,fixed_ratio,2.0,3.0,all,5,0.009935,0.00014534441853748632,0.7285887979249412,0.04987305813436174,0.9575186042682612,0.0027829412057816336,0.8267996678635269,0.03369179869168375,0.9545439606468348,0.002923512363823191,0.655199446622089,0.07515913815765615,0.9888,0.0023143573622066258,0.5479499999999999,0.08597953971730718,0.5,0.0,0.2740485549405337,0.0016908719945243895,0.3775085821368736,0.0032126841308960526,30000.0,0.0,580076.0,11994.591677085145,321350703.6,16471987.633616712,534067.1535051999,6011.250187997705,0.00189,0.0014711390145054275,-0.08248358596093053,0.045759470460526024,,,0.0013768771972570868,0.020048535258507114
cicids_recal,0.1,a1,d1_E32_g1,xgboost,fixed,0.0,0.5,1.0,auto_malicious,accumulate,fixed_ratio,32.0,1.0,all,5,0.02185,0.024965770316575455,0.7923320094026101,0.06492659283294412,0.92787573830139,0.07885614545013274,0.8503194170312864,0.02328776757139832,0.9367102587744185,0.0032098097922966997,0.7523633848282223,0.06103162627144868,0.99365,0.002382225849914293,0.6343500000000001,0.13846926554293557,0.5,0.0,0.11851285502866875,0.000956266534873378,0.13444756151182244,0.001231504158074629,30000.0,0.0,580076.0,11994.591677085145,321350703.6,16471987.633616712,534067.1535051999,6011.250187997705,0.015090000000000001,0.017471768299173386,-0.002156115749371801,0.04499073667855088,,,0.0061113621389897645,0.027101945221866316
cicids_recal,0.1,a1,d1_E32_g1,xgboost,recalibrated,0.0,0.5,1.0,auto_malicious,accumulate,fixed_ratio,32.0,1.0,all,5,0.009895000000000001,0.00020796634343085398,0.81355272756748,0.0072541244942830865,0.9620615107705497,0.0007086278440439272,0.8815826809189936,0.004276513265023217,0.9367102587744185,0.0032098097922966997,0.7665667512105141,0.006062389786926897,0.9945499999999999,0.000541987084716943,0.6835,0.019141741038891946,0.5,0.0,0.11851285502866875,0.000956266534873378,0.13444756151182244,0.001231504158074629,30000.0,0.0,580076.0,11994.591677085145,321350703.6,16471987.633616712,534067.1535051999,6011.250187997705,0.0018500000000000003,0.001548083492580423,0.0024803436816082103,0.016677324067013263,,,0.0013768771972570868,0.020048535258507114
cicids_recal,0.1,a1,d1_E32_g2,xgboost,fixed,0.0,0.5,1.0,auto_malicious,accumulate,fixed_ratio,32.0,2.0,all,5,0.011800000000000001,0.01342836317277724,0.7956391343114209,0.052100235764368605,0.9580736782898273,0.04620146138494557,0.8672208460021503,0.018354968830581322,0.9758188941801086,0.0018567106497644527,0.7449850126815771,0.05466382100845342,0.9936999999999999,0.002419969008066036,0.6525000000000001,0.10037601182553528,0.5,0.0,0.0691105238089206,0.0007192237810910946,0.07424189794458792,0.0008302009903347365,30000.0,0.0,580076.0,11994.591677085145,321350703.6,16471987.633616712,534067.1535051999,6011.250187997705,0.005040000000000001,0.005897261016777197,0.0011510091594391092,0.032795058331352815,,,0.0061113621389897645,0.027101945221866316
cicids_recal,0.1,a1,d1_E32_g2,xgboost,recalibrated,0.0,0.5,1.0,auto_malicious,accumulate,fixed_ratio,32.0,2.0,all,5,0.009995,1.118033988749917e-05,0.8247061684364109,0.007553232239034381,0.9621885717124086,0.0003463750748077231,0.8881447521695509,0.004538238345160811,0.9758188941801086,0.0018567106497644527,0.7660594881254323,0.008640532852296995,0.9946999999999999,0.00048088460154174794,0.7182999999999999,0.024915105859698854,0.5,0.0,0.0691105238089206,0.0007192237810910946,0.07424189794458792,0.0008302009903347365,30000.0,0.0,580076.0,11994.591677085145,321350703.6,16471987.633616712,534067.1535051999,6011.250187997705,0.0019499999999999997,0.00158113883008419,0.013633784550539051,0.022541668635993932,,,0.0013768771972570868,0.020048535258507114
cicids_recal,0.1,a1,d1_E32_g3,xgboost,fixed,0.0,0.5,1.0,auto_malicious,accumulate,fixed_ratio,32.0,3.0,all,5,0.010145,0.010980314772355117,0.8002593823457891,0.044406556057760276,0.9630117111745127,0.0391500358034066,0.8727478707042648,0.020355686336918737,0.977883487881981,0.0013843303023218922,0.7495503804473138,0.049142969110550064,0.9936,0.0019493588689617934,0.6618999999999999,0.08729522466893588,0.5,0.0,0.05315914300986132,0.0006489607488918176,0.05614409056952322,0.0007238881222455235,30000.0,0.0,580076.0,11994.591677085145,321350703.6,16471987.633616712,534067.1535051999,6011.250187997705,0.0033850000000000004,0.003909867325114755,0.005771257193807245,0.027222924707957456,,,0.0061113621389897645,0.027101945221866316
cicids_recal,0.1,a1,d1_E32_g3,xgboost,recalibrated,0.0,0.5,1.0,auto_malicious,accumulate,fixed_ratio,32.0,3.0,all,5,0.00999,2.236067977499764e-05,0.8132284996352436,0.023733811301524733,0.9616706836144029,0.0011424404543256262,0.8811029856582351,0.014591255079350818,0.977883487881981,0.0013843303023218922,0.7660594881254322,0.006395263513632123,0.99365,0.000840386815698574,0.6839500000000001,0.0698206183730852,0.5,0.0,0.05315914300986132,0.0006489607488918176,0.05614409056952322,0.0007238881222455235,30000.0,0.0,580076.0,11994.591677085145,321350703.6,16471987.633616712,534067.1535051999,6011.250187997705,0.0019450000000000001,0.0015889658586640558,0.002156115749371823,0.017283261049305842,,,0.0013768771972570868,0.020048535258507114
cicids_recal,0.1,a1,d1_E4_g1,xgboost,fixed,0.0,0.5,1.0,auto_malicious,accumulate,fixed_ratio,4.0,1.0,all,5,0.08802,0.09765498323178393,0.7816486990354219,0.11162184350330456,0.7947389655904828,0.1976644858325959,0.7640996240929706,0.057339234853314276,0.8965168590419065,0.0040087411265518685,0.7243716854968872,0.19453814103276515,0.9900499999999999,0.008439860780842313,0.6353500000000001,0.12593259605836765,0.5,0.0,0.2862305315192281,0.0013474001492455633,0.40101657212073805,0.0026477086981152188,30000.0,0.0,580076.0,11994.591677085145,321350703.6,16471987.633616712,534067.1535051999,6011.250187997705,0.08126,0.09013823515856076,-0.012839426116559948,0.08992848711212116,,,0.0061113621389897645,0.027101945221866316
cicids_recal,0.1,a1,d1_E4_g1,xgboost,recalibrated,0.0,0.5,1.0,auto_malicious,accumulate,fixed_ratio,4.0,1.0,all,5,0.00999,2.2360679774997478e-05,0.7725865283294155,0.018740875823812647,0.959745108571455,0.0009309432031762727,0.8559636702245189,0.011892102002277726,0.8965168590419065,0.0040087411265518685,0.7275074936592114,0.014672198432731908,0.99215,0.0002850438562747738,0.6019,0.058596234947307,0.5,0.0,0.2862305315192281,0.0013474001492455633,0.40101657212073805,0.0026477086981152188,30000.0,0.0,580076.0,11994.591677085145,321350703.6,16471987.633616712,534067.1535051999,6011.250187997705,0.0019450000000000001,0.0015824624798079735,-0.03848585555645616,0.011958501290468975,,,0.0013768771972570868,0.020048535258507114
cicids_recal,0.1,a1,d1_E4_g2,xgboost,fixed,0.0,0.5,1.0,auto_malicious,accumulate,fixed_ratio,4.0,2.0,all,5,0.066645,0.07099098622360447,0.779946502391181,0.0870622825693496,0.8256179899451966,0.17049139212700298,0.7861816657762429,0.04529985716010805,0.9528411015643998,0.00435716855037218,0.7155637537468296,0.15441699397744513,0.9931000000000001,0.0035293412983161384,0.6365999999999999,0.10232158252294578,0.5,0.0,0.24334585207438691,0.0014964862992632966,0.3216119085550629,0.0026165961581484953,30000.0,0.0,580076.0,11994.591677085145,321350703.6,16471987.633616712,534067.1535051999,6011.250187997705,0.059885,0.06369563024650907,-0.014541622760800866,0.06486411545278137,,,0.0061113621389897645,0.027101945221866316
cicids_recal,0.1,a1,d1_E4_g2,xgboost,recalibrated,0.0,0.5,1.0,auto_malicious,accumulate,fixed_ratio,4.0,2.0,all,5,0.009525,0.0007660776723022278,0.7829131879711437,0.03110594860388339,0.9619878798386073,0.003643276899115656,0.863021498849877,0.01993216207062512,0.9528411015643998,0.00435716855037218,0.7297210053032049,0.02181967224010448,0.9939500000000001,0.0003259601202601359,0.62955,0.0827487537670508,0.5,0.0,0.24334585207438691,0.0014964862992632966,0.3216119085550629,0.0026165961581484953,30000.0,0.0,580076.0,11994.591677085145,321350703.6,16471987.633616712,534067.1535051999,6011.250187997705,0.0014800000000000002,0.0020015150511549997,-0.02815919591472802,0.026662794853005083,,,0.0013768771972570868,0.020048535258507114
cicids_recal,0.1,a1,d1_E4_g3,xgboost,fixed,0.0,0.5,1.0,auto_malicious,accumulate,fixed_ratio,4.0,3.0,all,5,0.06617999999999999,0.06928476203322055,0.7618707951690038,0.09856078183542347,0.8243185532831632,0.1677387293189695,0.774340780854688,0.029524685225658733,0.9602129650644404,0.003788083505481047,0.6880793175005764,0.16615081224497996,0.9897500000000001,0.009228014412645834,0.614,0.12996393730570033,0.5,0.0,0.23140847594474798,0.0014783291570248857,0.3010850773947869,0.0025049938512504374,30000.0,0.0,580076.0,11994.591677085145,321350703.6,16471987.633616712,534067.1535051999,6011.250187997705,0.059419999999999994,0.06200494788724525,-0.03261732998297804,0.0768181950699001,,,0.0061113621389897645,0.027101945221866316
cicids_recal,0.1,a1,d1_E4_g3,xgboost,recalibrated,0.0,0.5,1.0,auto_malicious,accumulate,fixed_ratio,4.0,3.0,all,5,0.00975,0.0005049752469181038,0.7584501904839102,0.08898155610323959,0.9597100362628928,0.003038097047184788,0.8449434901201098,0.060693594715495874,0.9602129650644404,0.003788083505481047,0.7139036200138345,0.037263019380795515,0.9943,0.0006224949798994457,0.5709,0.2389213782816431,0.5,0.0,0.23140847594474798,0.0014783291570248857,0.3010850773947869,0.0025049938512504374,30000.0,0.0,580076.0,11994.591677085145,321350703.6,16471987.633616712,534067.1535051999,6011.250187997705,0.0017050000000000004,0.0015537655872106318,-0.052622193401961545,0.0853137627151158,,,0.0013768771972570868,0.020048535258507114
cicids_recal,0.1,a1,d1_E8_g1,xgboost,fixed,0.0,0.5,1.0,auto_malicious,accumulate,fixed_ratio,8.0,1.0,all,5,0.05969000000000001,0.06679941429383944,0.7625516738267002,0.1112837782404588,0.8402298958559828,0.16264353191508224,0.7818285814914308,0.04652658695997102,0.9119841472805381,0.006729532016803982,0.7258473599262163,0.12156877487541612,0.9902,0.008016389461596817,0.5747,0.21324394774529942,0.5,0.0,0.23235894284330527,0.0014557200993972307,0.3026959278817405,0.0024723468066040343,30000.0,0.0,580076.0,11994.591677085145,321350703.6,16471987.633616712,534067.1535051999,6011.250187997705,0.05293,0.05940259727065812,-0.03193645132528167,0.09099692446858473,,,0.0061113621389897645,0.027101945221866316
cicids_recal,0.1,a1,d1_E8_g1,xgboost,recalibrated,0.0,0.5,1.0,auto_malicious,accumulate,fixed_ratio,8.0,1.0,all,5,0.01,0.0,0.7824592688660128,0.04273361507954122,0.960121450797405,0.002151638980969199,0.861759045504979,0.02713308192823119,0.9119841472805381,0.006729532016803982,0.7537468296057183,0.00988918437353352,0.9932000000000001,0.000798435971133573,0.60285,0.1338303029959956,0.5,0.0,0.23235894284330527,0.0014557200993972307,0.3026959278817405,0.0024723468066040343,30000.0,0.0,580076.0,11994.591677085145,321350703.6,16471987.633616712,534067.1535051999,6011.250187997705,0.0019549999999999997,0.0015733523127386313,-0.028613115019858925,0.03384005270808806,,,0.0013768771972570868,0.020048535258507114
cicids_recal,0.1,a1,d1_E8_g2,rf,fixed,0.0,0.05,1.0,auto_malicious,accumulate,fixed_ratio,8.0,2.0,all,5,0.00848,0.005624511089863722,0.8112020750587663,0.016542219042420658,0.9674584030772717,0.021219253910461162,0.8823695651390049,0.015474318325211905,0.9544143639053255,0.013158435010397613,0.802951348858658,0.007864234261930307,0.9945,0.0005303300858898719,0.63685,0.04853690606126437,0.050001583330694446,0.0,0.011965520929197556,0.0004430314650253268,0.2300935666346317,0.008626654171976831,1579.0,0.0,29510.0,4075.350353037147,16468649.2,5254777.720617086,28307.0940114,1265.778634492983,-9.499999999999995e-05,0.004446290588794215,0.007441031044824542,0.014820954053517235,,,0.004455567172261081,0.028993815004525726
cicids_recal,0.1,a1,d1_E8_g2,rf,fixed,0.0,0.1,1.0,auto_malicious,accumulate,fixed_ratio,8.0,2.0,all,5,0.00704,0.003952080148478773,0.8003728621220718,0.011947370364092305,0.972541025964512,0.014924763075776733,0.8779793609084207,0.006807641242993097,0.9522467802139903,0.0043047667982122,0.7962646991007609,0.01568209223111172,0.9945999999999999,0.0004541475531146169,0.6106,0.04202848736274013,0.0999909999099991,0.0,0.024865692975609477,0.0007159292739774136,0.22952479222707317,0.006776282421566948,3333.0,0.0,61792.8,4634.075064130921,33370635.6,6164406.520400588,58213.56745740001,1510.2799995067382,-0.0015349999999999997,0.0019337948443410432,-0.003388181891869957,0.03310572007474032,,,0.004455567172261081,0.028993815004525726
cicids_recal,0.1,a1,d1_E8_g2,rf,fixed,0.0,0.2,1.0,auto_malicious,accumulate,fixed_ratio,8.0,2.0,all,5,0.011815,0.00268378231233459,0.8148172165032017,0.022102680208450347,0.9552621691537592,0.00948551971624529,0.8792800950295536,0.011675793747236186,0.9506523046526709,0.010429912593498252,0.8061332718468988,0.010730247172804503,0.99455,0.000512347538297979,0.6445000000000001,0.06927436394511322,0.2,0.0,0.054125792481016136,0.0006415421170810992,0.22889369484585825,0.0028686628744811777,7500.0,0.0,149313.4,12688.47017177406,84889593.6,15012718.485969665,131937.0163472,526.3872013475903,0.00324,0.006429536336315395,0.011056172489259986,0.03368240005321771,,,0.004455567172261081,0.028993815004525726
cicids_recal,0.1,a1,d1_E8_g2,rf,fixed,0.0,0.5,1.0,auto_malicious,accumulate,fixed_ratio,8.0,2.0,all,5,0.0755,0.012618785599256374,0.8483748074896653,0.004832451188862555,0.7769936827584576,0.02885962417047704,0.8108497570748439,0.014458143188135916,0.946241846883359,0.0022455946559046674,0.8174775190223658,0.010584583209663146,0.9951000000000001,0.0005184110338331925,0.73515,0.009647862457560262,0.5,0.0,0.1874737390586237,0.0016190913501203238,0.23073336397588343,0.002453884255329394,30000.0,0.0,580076.0,11994.591677085145,321350703.6,16471987.633616712,534067.1535051999,6011.250187997705,0.066925,0.008637653761294214,0.044613763475723475,0.025309035406389842,,,0.004455567172261081,0.028993815004525726
cicids_recal,0.1,a1,d1_E8_g2,rf,fixed,1.5,0.2,1.0,auto_malicious,accumulate,fixed_ratio,8.0,2.0,all,5,0.01215,0.0012741418680822004,0.7314095809353975,0.022180943872999764,0.9488684920597938,0.0054742543579831306,0.8259319346595623,0.01518001432984338,0.9571719629974872,0.013277585255912674,0.5945123357159326,0.01426264546195651,0.9952,0.0008177713616898482,0.61605,0.05510711161002725,0.2,0.0,0.09920029566767287,0.001033086497841916,0.4405034639428605,0.0050908223853636135,7500.0,0.0,736205.1353697837,158684.93116664747,348761621867.74164,51400058939.42561,11414139.562302968,342360.14474982495,0.0035750000000000005,0.0031225990776915305,-0.07235146307854419,0.01827799920835636,,,0.004455567172261081,0.028993815004525726
cicids_recal,0.1,a1,d1_E8_g2,rf,fixed,1.5,0.5,1.0,auto_malicious,accumulate,fixed_ratio,8.0,2.0,all,5,0.013869999999999999,0.0022981922243363374,0.7320094026100349,0.009581607420068559,0.9421213314936571,0.009605090228325067,0.8238693255624522,0.009224770361735335,0.960652725338413,0.013411850529604925,0.5967258473599262,0.016565270945116024,0.9948,0.0008177713616898274,0.6159,0.030323567567158073,0.5,0.0,0.30640036968083545,0.0017166323099515528,0.4417609993649355,0.003565252536756189,30000.0,0.0,2774338.682791662,280959.5641101734,1417698133748.128,115056440679.49184,45716095.170538776,813001.0981836162,0.005294999999999999,0.005039946676305216,-0.07175164140390691,0.026110126414721862,,,0.004455567172261081,0.028993815004525726
cicids_recal,0.1,a1,d1_E8_g2,rf,recalibrated,0.0,0.05,1.0,auto_malicious,accumulate,fixed_ratio,8.0,2.0,all,5,0.009645,0.00035724641355792535,0.8066628840074573,0.05032830623815802,0.9625991473989503,0.0021063922926160142,0.8771176579273698,0.030541009244832183,0.9544143639053255,0.013158435010397613,0.8046575974175697,0.024701797246166356,0.9945999999999999,0.000675462804305311,0.6209,0.1294703875409354,0.050001583330694446,0.0,0.011965520929197556,0.0004430314650253268,0.2300935666346317,0.008626654171976831,1579.0,0.0,29510.0,4075.350353037147,16468649.2,5254777.720617086,28307.0940114,1265.778634492983,2.4999999999999676e-05,0.0007462405778299653,-0.0029828969765744785,0.03416609046499531,,,0.0006087658978354054,0.030293837226850386
cicids_recal,0.1,a1,d1_E8_g2,rf,recalibrated,0.0,0.1,1.0,auto_malicious,accumulate,fixed_ratio,8.0,2.0,all,5,0.009770000000000001,0.00034296501279285,0.818626894706979,0.03899736453522616,0.9626843741592566,0.0021267448730527237,0.8844514529829747,0.024012130841444768,0.9522467802139903,0.0043047667982122,0.8107908692644685,0.024109389335505587,0.99495,0.0005419870847170339,0.6508,0.10602865178808982,0.0999909999099991,0.0,0.024865692975609477,0.0007159292739774136,0.22952479222707317,0.006776282421566948,3333.0,0.0,61792.8,4634.075064130921,33370635.6,6164406.520400588,58213.56745740001,1510.2799995067382,0.0001499999999999998,0.0004630064794363034,0.008981113722947232,0.018759517573611696,,,0.0006087658978354054,0.030293837226850386
cicids_recal,0.1,a1,d1_E8_g2,rf,recalibrated,0.0,0.2,1.0,auto_malicious,accumulate,fixed_ratio,8.0,2.0,all,5,0.00968,0.0004671723450719231,0.7802058847369702,0.039444055335321485,0.9612899816247644,0.0019517806317047657,0.8609120501310639,0.024642984579320362,0.9506523046526709,0.010429912593498252,0.7913765275536085,0.025860510207752267,0.9944000000000001,0.00108397416943392,0.5539,0.10790817855936594,0.2,0.0,0.054125792481016136,0.0006415421170810992,0.22889369484585825,0.0028686628744811777,7500.0,0.0,149313.4,12688.47017177406,84889593.6,15012718.485969665,131937.0163472,526.3872013475903,5.999999999999998e-05,0.0007676262111210123,-0.02943989624706165,0.02916471477044894,,,0.0006087658978354054,0.030293837226850386
cicids_recal,0.1,a1,d1_E8_g2,rf,recalibrated,0.0,0.5,1.0,auto_malicious,accumulate,fixed_ratio,8.0,2.0,all,5,0.009905,0.00019874606914351803,0.7734619437464538,0.02810032957387932,0.9600786674731921,0.0020531267829522206,0.8565312487705053,0.017782716463257048,0.946241846883359,0.0022455946559046674,0.7767581277380678,0.008658664914644544,0.9932000000000001,0.0006471089552772028,0.55015,0.08582642367010292,0.5,0.0,0.1874737390586237,0.0016190913501203238,0.23073336397588343,0.002453884255329394,30000.0,0.0,580076.0,11994.591677085145,321350703.6,16471987.633616712,534067.1535051999,6011.250187997705,0.0002849999999999995,0.00048399380161320274,-0.03618383723757799,0.037112176702864354,,,0.0006087658978354054,0.030293837226850386
cicids_recal,0.1,a1,d1_E8_g2,rf,recalibrated,1.5,0.2,1.0,auto_malicious,accumulate,fixed_ratio,8.0,2.0,all,5,0.009615,0.00024912346336706224,0.7251195590500121,0.02361690869542217,0.9587295606864188,0.0021990837144080584,0.8255686998099531,0.016178142955049234,0.9571719629974872,0.013277585255912674,0.5881946045653678,0.015683278733911375,0.99505,0.0009905806378079972,0.60365,0.05866898669655032,0.2,0.0,0.09920029566767287,0.001033086497841916,0.4405034639428605,0.0050908223853636135,7500.0,0.0,736205.1353697837,158684.93116664747,348761621867.74164,51400058939.42561,11414139.562302968,342360.14474982495,-5.0000000000001436e-06,0.0006674110427615052,-0.0845262219340196,0.019336244820840454,,,0.0006087658978354054,0.030293837226850386
cicids_recal,0.1,a1,d1_E8_g2,rf,recalibrated,1.5,0.5,1.0,auto_malicious,accumulate,fixed_ratio,8.0,2.0,all,5,0.009215000000000001,0.0008954049363276939,0.705438923563265,0.03025293764996198,0.9592890974462632,0.004548630060959537,0.8127541533428623,0.02108721309505212,0.960652725338413,0.013411850529604925,0.5656905695181,0.044109801245999905,0.99445,0.0006937218462755573,0.56795,0.057283669138769394,0.5,0.0,0.30640036968083545,0.0017166323099515528,0.4417609993649355,0.003565252536756189,30000.0,0.0,2774338.682791662,280959.5641101734,1417698133748.128,115056440679.49184,45716095.170538776,813001.0981836162,-0.00040500000000000014,0.0010598348928017043,-0.10420685742076678,0.02222954325062219,,,0.0006087658978354054,0.030293837226850386
cicids_recal,0.1,a1,d1_E8_g2,xgboost,fixed,0.0,0.05,1.0,auto_malicious,accumulate,fixed_ratio,8.0,2.0,all,5,0.0033550000000000003,0.0036128849275890314,0.7613033962875901,0.0807119063040695,0.9866912683128485,0.01415897142343269,0.8572078835180257,0.05073386431491207,0.9760598486260841,0.0015880448120600948,0.762739220659442,0.04805548766582043,0.9946999999999999,0.0012041594578792386,0.5263500000000001,0.20480162658045467,0.050001583330694446,0.0,0.011965520929197556,0.0004430314650253268,0.2300935666346317,0.008626654171976831,1579.0,0.0,29510.0,4075.350353037147,16468649.2,5254777.720617086,28307.0940114,1265.778634492983,-0.003404999999999999,0.003985575554421217,-0.03318472886439165,0.0715246377586807,,,0.0061113621389897645,0.027101945221866316
cicids_recal,0.1,a1,d1_E8_g2,xgboost,fixed,0.0,0.1,1.0,auto_malicious,accumulate,fixed_ratio,8.0,2.0,all,5,0.0029800000000000004,0.0028663674746968507,0.7087136256788522,0.08154551249976284,0.987646622232487,0.01112240265802274,0.8226925804846635,0.05166270253420584,0.971620484923401,0.0018077184188878776,0.7528245330873876,0.06208676741599721,0.9943,0.0021242645786247708,0.3753,0.19180730890662118,0.0999909999099991,0.0,0.024865692975609477,0.0007159292739774136,0.22952479222707317,0.006776282421566948,3333.0,0.0,61792.8,4634.075064130921,33370635.6,6164406.520400588,58213.56745740001,1510.2799995067382,-0.0037799999999999995,0.00473449442918671,-0.08577449947312961,0.057870014154216,,,0.0061113621389897645,0.027101945221866316
cicids_recal,0.1,a1,d1_E8_g2,xgboost,fixed,0.0,0.2,1.0,auto_malicious,accumulate,fixed_ratio,8.0,2.0,all,5,0.005390000000000001,0.007120779451717347,0.7845667504255491,0.055153347760559406,0.9799734767379208,0.02567212018989932,0.8699468134697484,0.02657535273450373,0.9714696413228501,0.001937089263302337,0.7450311275074937,0.04929715871677031,0.9939500000000001,0.0018320070960561369,0.61805,0.1156091745926767,0.2,0.0,0.054125792481016136,0.0006415421170810992,0.22889369484585825,0.0028686628744811777,7500.0,0.0,149313.4,12688.47017177406,84889593.6,15012718.485969665,131937.0163472,526.3872013475903,-0.0013699999999999995,0.001588178988653357,-0.009921374726432685,0.034136424495568224,,,0.0061113621389897645,0.027101945221866316
cicids_recal,0.1,a1,d1_E8_g2,xgboost,fixed,0.0,0.5,1.0,auto_malicious,accumulate,fixed_ratio,8.0,2.0,all,5,0.047005000000000005,0.050282621252277615,0.7948447758774418,0.06872661896371457,0.8647275398779518,0.13609366095811204,0.8189240286435611,0.03839213233091369,0.9631843693766718,0.001120519036557727,0.7169471985243255,0.1014232145542158,0.99445,0.0017888543819998396,0.6797000000000001,0.10347393995591353,0.5,0.0,0.1874737390586237,0.0016190913501203238,0.23073336397588343,0.002453884255329394,30000.0,0.0,580076.0,11994.591677085145,321350703.6,16471987.633616712,534067.1535051999,6011.250187997705,0.040244999999999996,0.042940723678112365,0.000356650725460006,0.049630827339472036,,,0.0061113621389897645,0.027101945221866316
cicids_recal,0.1,a1,d1_E8_g2,xgboost,fixed,0.0,0.5,2.0,auto_malicious,accumulate,fixed_ratio,8.0,2.0,all,5,0.013705,0.011439588607113457,0.7403582718651212,0.08903056007294984,0.9481586791332305,0.03844700935773437,0.8272747433255109,0.04355735505737995,0.9707718689713868,0.003275619695231669,0.7286603643071248,0.0768411248768475,0.99315,0.002864655302126272,0.5002500000000001,0.19130701764441368,0.5,0.0,0.2370005527112841,0.0014761792302940063,0.310620866838545,0.002537807259810857,30000.0,0.0,1160152.0,23989.18335417029,642701407.2,32943975.267233424,1068134.3070103999,12022.50037599541,0.0069450000000000015,0.0041558091871499595,-0.05412985328686064,0.06578235879194386,0.13518458581824647,0.0012671985898982815,0.0061113621389897645,0.027101945221866316
cicids_recal,0.1,a1,d1_E8_g2,xgboost,fixed,0.0,0.5,8.0,auto_malicious,accumulate,fixed_ratio,8.0,2.0,all,5,0.00584,0.003939051281717464,0.6100348545027154,0.04451633717339102,0.9701528912604624,0.019441696306972407,0.7482698793032633,0.034399357119592834,0.977207904271703,0.005197239501812468,0.718376758127738,0.06481914103837876,0.9926,0.0036810324638611855,0.10999999999999999,0.17108322170803306,0.5,0.0,0.322412236133989,0.001384647778163569,0.47582851768231366,0.00301985651671501,30000.0,0.0,4640608.0,95956.73341668116,2570805628.8,131775901.0689337,4272537.2280415995,48090.00150398164,-0.0009199999999999996,0.0041048142467108055,-0.18445327064926642,0.0491561183743985,0.33060290999597,0.0032484196203360696,0.0061113621389897645,0.027101945221866316
cicids_recal,0.1,a1,d1_E8_g2,xgboost,fixed,0.0,0.5,32.0,auto_malicious,accumulate,fixed_ratio,8.0,2.0,all,5,0.00252,0.003044380068256918,0.8144119315879064,0.009607663378676617,0.9902003074804984,0.01167692338076378,0.8936854011487398,0.006763859905300077,0.9873860918375618,0.0016112582758392273,0.7542540926908001,0.032801307435598795,0.994,0.0014577379737113372,0.70005,0.034707437963641154,0.5,0.0,0.473246318154063,0.0004673403428540339,0.8984217186213401,0.0016850143288800947,30000.0,0.0,18562432.0,383826.93366672465,10283222515.2,527103604.2757348,17090148.912166398,192360.00601592657,-0.00424,0.005024707702941535,0.019923806435924462,0.02592514817404879,0.5321959454112426,0.0025161463209077885,0.0061113621389897645,0.027101945221866316
cicids_recal,0.1,a1,d1_E8_g2,xgboost,fixed,0.0,0.8,1.0,auto_malicious,accumulate,fixed_ratio,8.0,2.0,all,5,0.101705,0.05244947688013675,0.8156602091270162,0.053580425482249915,0.727710953754723,0.1031677504244825,0.7629717164576805,0.035204649363355905,0.9452859911242604,0.00410353441652156,0.756144800553378,0.09170339252690769,0.9937000000000001,0.002570262632495026,0.7021499999999999,0.08467264168549364,0.8,0.0,0.47938827388904504,0.0012295179821063455,0.23020646208340684,0.0011336923626174967,120000.0,0.0,2306245.0,29657.35538614328,1267849127.8,33116200.66757191,2130353.7540292,17170.425445728273,0.09494500000000002,0.045760898292100866,0.02117208397503445,0.03657118250581527,,,0.0061113621389897645,0.027101945221866316
cicids_recal,0.1,a1,d1_E8_g2,xgboost,fixed,0.0,0.9,1.0,auto_malicious,accumulate,fixed_ratio,8.0,2.0,all,5,0.13866499999999998,0.04327159359787897,0.838939774661587,0.031842965242592274,0.657916280706148,0.06431613468212889,0.7348377378860214,0.028347236949477727,0.9260828106508876,0.00471757884054735,0.7879640304357851,0.0686182953730462,0.99185,0.006676919199750763,0.7413000000000001,0.018922044022779336,0.9,0.0,0.6741467261507388,0.00020253479835902817,0.2298740941076632,0.00021196106240813336,270000.0,0.0,5178989.0,18518.190597355802,2839830487.0,17559980.351961285,4779333.086744,5531.254257868836,0.131905,0.03621381987584298,0.04445164950960523,0.01786378951248606,,,0.0061113621389897645,0.027101945221866316
cicids_recal,0.1,a1,d1_E8_g2,xgboost,fixed,1.5,0.2,1.0,auto_malicious,accumulate,fixed_ratio,8.0,2.0,all,5,0.002725,0.002894175184746079,0.7595849882467375,0.06571849552820548,0.9892386030859699,0.01105081151865816,0.8577660335866069,0.03903082030484384,0.9854305311258814,0.001627144159169894,0.7130735531473369,0.055543628016893366,0.9933500000000001,0.0030598202561588415,0.57625,0.14344609179060963,0.2,0.0,0.09920029566767287,0.001033086497841916,0.4405034639428605,0.0050908223853636135,7500.0,0.0,736205.1353697837,158684.93116664747,348761621867.74164,51400058939.42561,11414139.562302968,342360.14474982495,-0.0040349999999999995,0.004903748566148146,-0.03490313690524438,0.042877175028528156,,,0.0061113621389897645,0.027101945221866316
cicids_recal,0.1,a1,d1_E8_g2,xgboost,fixed,1.5,0.5,1.0,auto_malicious,accumulate,fixed_ratio,8.0,2.0,all,5,0.002465,0.002479831143445053,0.7464861797843885,0.06638330863282327,0.9900538452012683,0.009649505557733704,0.8495943659234217,0.04089341056907535,0.9829021812434142,0.0012904781487071589,0.6473599262162786,0.10371589836528661,0.99285,0.003764970119403314,0.6076,0.09013368543447005,0.5,0.0,0.30640036968083545,0.0017166323099515528,0.4417609993649355,0.003565252536756189,30000.0,0.0,2774338.682791662,280959.5641101734,1417698133748.128,115056440679.49184,45716095.170538776,813001.0981836162,-0.004294999999999999,0.005173804209670095,-0.04800194536759343,0.046370347298181125,,,0.0061113621389897645,0.027101945221866316
cicids_recal,0.1,a1,d1_E8_g2,xgboost,recalibrated,0.0,0.05,1.0,auto_malicious,accumulate,fixed_ratio,8.0,2.0,all,5,0.00977,0.0005004373087610477,0.8363945853935316,0.029931469508070626,0.9635231141614037,0.0007398267345039814,0.8952304592651311,0.017256846455744136,0.9760598486260841,0.0015880448120600948,0.8282683882868342,0.01875136223363464,0.99605,0.00041079191812886187,0.68555,0.07534657424196538,0.050001583330694446,0.0,0.011965520929197556,0.0004430314650253268,0.2300935666346317,0.008626654171976831,1579.0,0.0,29510.0,4075.350353037147,16468649.2,5254777.720617086,28307.0940114,1265.778634492983,0.0017249999999999995,0.001949358868961793,0.025322201507659913,0.044299239362997324,,,0.0013768771972570868,0.020048535258507114
cicids_recal,0.1,a1,d1_E8_g2,xgboost,recalibrated,0.0,0.1,1.0,auto_malicious,accumulate,fixed_ratio,8.0,2.0,all,5,0.00955,0.0006194755846681938,0.8212693523547054,0.01695961205155933,0.963664976086019,0.00228982275100886,0.8867140967080701,0.010125657079662053,0.971620484923401,0.0018077184188878776,0.8230112981323495,0.020201636273325843,0.9962,0.00027386127875256094,0.64445,0.039529419424018844,0.0999909999099991,0.0,0.024865692975609477,0.0007159292739774136,0.22952479222707317,0.006776282421566948,3333.0,0.0,61792.8,4634.075064130921,33370635.6,6164406.520400588,58213.56745740001,1510.2799995067382,0.0015049999999999998,0.0011052997331041023,0.010196968468833622,0.030660300733988545,,,0.0013768771972570868,0.020048535258507114
cicids_recal,0.1,a1,d1_E8_g2,xgboost,recalibrated,0.0,0.2,1.0,auto_malicious,accumulate,fixed_ratio,8.0,2.0,all,5,0.009995,1.1180339887499372e-05,0.8330712490881089,0.010557434781856966,0.962552278514452,0.0004239411807683176,0.8931166282110455,0.006281942814388478,0.9714696413228501,0.001937089263302337,0.7930366612866037,0.012980524857166545,0.9957,0.0004472135954999457,0.71385,0.030458270633770393,0.2,0.0,0.054125792481016136,0.0006415421170810992,0.22889369484585825,0.0028686628744811777,7500.0,0.0,149313.4,12688.47017177406,84889593.6,15012718.485969665,131937.0163472,526.3872013475903,0.0019499999999999997,0.0015705293693528946,0.021998865202237195,0.023328194091536712,,,0.0013768771972570868,0.020048535258507114
cicids_recal,0.1,a1,d1_E8_g2,xgboost,recalibrated,0.0,0.5,1.0,auto_malicious,accumulate,fixed_ratio,8.0,2.0,all,5,0.01,0.0,0.8023506525087136,0.023438268244587335,0.9611346216566604,0.0011197479409489333,0.8744559663241877,0.014544996918331901,0.9631843693766718,0.001120519036557727,0.747659672584736,0.015604776038604414,0.9943,0.0008909264840603056,0.6697,0.07715232498116953,0.5,0.0,0.1874737390586237,0.0016190913501203238,0.23073336397588343,0.002453884255329394,30000.0,0.0,580076.0,11994.591677085145,321350703.6,16471987.633616712,534067.1535051999,6011.250187997705,0.0019549999999999997,0.0015733523127386313,-0.008721731377158103,0.019870586642235913,,,0.0013768771972570868,0.020048535258507114
cicids_recal,0.1,a1,d1_E8_g2,xgboost,recalibrated,0.0,0.5,2.0,auto_malicious,accumulate,fixed_ratio,8.0,2.0,all,5,0.009905,0.00016240381768911716,0.7587419956229229,0.04578039274826371,0.9592945338626416,0.0021959644073552996,0.8467457521496152,0.029456170063904896,0.9707718689713868,0.003275619695231669,0.7436015679040812,0.013271539249396476,0.99405,0.0006471089552772502,0.53985,0.1378415757309818,0.5,0.0,0.2370005527112841,0.0014761792302940063,0.310620866838545,0.002537807259810857,30000.0,0.0,1160152.0,23989.18335417029,642701407.2,32943975.267233424,1068134.3070103999,12022.50037599541,0.0018599999999999999,0.0015698925122440708,-0.05233038826294885,0.03144152206381829,0.13518458581824647,0.0012671985898982815,0.0013768771972570868,0.020048535258507114
cicids_recal,0.1,a1,d1_E8_g2,xgboost,recalibrated,0.0,0.5,8.0,auto_malicious,accumulate,fixed_ratio,8.0,2.0,all,5,0.009945,5.123475382979778e-05,0.6807327551268542,0.09494775364438506,0.9541522113747609,0.00586603257562506,0.7919086153208069,0.06518187959273443,0.977207904271703,0.005197239501812468,0.7821535623703021,0.010806771104066948,0.99565,0.00041833001326706303,0.25585,0.2816110238431727,0.5,0.0,0.322412236133989,0.001384647778163569,0.47582851768231366,0.00301985651671501,30000.0,0.0,4640608.0,95956.73341668116,2570805628.8,131775901.0689337,4272537.2280415995,48090.00150398164,0.0019000000000000002,0.0015557353566722075,-0.13033962875901758,0.09721885475576827,0.33060290999597,0.0032484196203360696,0.0013768771972570868,0.020048535258507114
cicids_recal,0.1,a1,d1_E8_g2,xgboost,recalibrated,0.0,0.5,32.0,auto_malicious,accumulate,fixed_ratio,8.0,2.0,all,5,0.00984,8.023403267940555e-05,0.8434141201264488,0.016158562685605105,0.963541750765299,0.0007249015429488651,0.8994236973004963,0.009486541077103137,0.9873860918375618,0.0016112582758392273,0.8184920451925294,0.021233110765500326,0.9959,0.0006274950199005442,0.71795,0.03546230392966595,0.5,0.0,0.473246318154063,0.0004673403428540339,0.8984217186213401,0.0016850143288800947,30000.0,0.0,18562432.0,383826.93366672465,10283222515.2,527103604.2757348,17090148.912166398,192360.00601592657,0.0017950000000000002,0.0016152979601299574,0.032341736240577144,0.024972260767063874,0.5321959454112426,0.0025161463209077885,0.0013768771972570868,0.020048535258507114
cicids_recal,0.1,a1,d1_E8_g2,xgboost,recalibrated,0.0,0.8,1.0,auto_malicious,accumulate,fixed_ratio,8.0,2.0,all,5,0.009995,1.1180339887499616e-05,0.6524438680392316,0.05381611118689613,0.9524454383772243,0.003746918368130226,0.77347756267107,0.039331573373995316,0.9452859911242604,0.00410353441652156,0.5933594650680194,0.02256542200593486,0.9898,0.0006937218462755945,0.37915,0.1652159193298273,0.8,0.0,0.47938827388904504,0.0012295179821063455,0.23020646208340684,0.0011336923626174967,120000.0,0.0,2306245.0,29657.35538614328,1267849127.8,33116200.66757191,2130353.7540292,17170.425445728273,0.0019499999999999997,0.0015652475842498528,-0.15862851584664017,0.03745451020523814,,,0.0013768771972570868,0.020048535258507114
cicids_recal,0.1,a1,d1_E8_g2,xgboost,recalibrated,0.0,0.9,1.0,auto_malicious,accumulate,fixed_ratio,8.0,2.0,all,5,0.009995,1.118033988749917e-05,0.6490556861473615,0.01701787450285851,0.9524216336024987,0.0011981359950750706,0.7719128061916488,0.012427077959385614,0.9260828106508876,0.00471757884054735,0.43772192759972334,0.03279855195622635,0.96495,0.0006937218462755685,0.5622999999999999,0.05443930106090631,0.9,0.0,0.6741467261507388,0.00020253479835902817,0.2298740941076632,0.00021196106240813336,270000.0,0.0,5178989.0,18518.190597355802,2839830487.0,17559980.351961285,4779333.086744,5531.254257868836,0.0019499999999999997,0.00158113883008419,-0.16201669773851016,0.033804425823708475,,,0.0013768771972570868,0.020048535258507114
cicids_recal,0.1,a1,d1_E8_g2,xgboost,recalibrated,1.5,0.2,1.0,auto_malicious,accumulate,fixed_ratio,8.0,2.0,all,5,0.009729999999999999,0.0001472667647502318,0.8213341979411526,0.016927853866567498,0.9630039191024629,0.0006360451368103166,0.8864741669306098,0.009956080311833183,0.9854305311258814,0.001627144159169894,0.7840903850587964,0.018158792345048885,0.9962,0.0005700877125495613,0.68685,0.0416723079514442,0.2,0.0,0.09920029566767287,0.001033086497841916,0.4405034639428605,0.0050908223853636135,7500.0,0.0,736205.1353697837,158684.93116664747,348761621867.74164,51400058939.42561,11414139.562302968,342360.14474982495,0.0016849999999999996,0.0015378150083803976,0.010261814055280882,0.0169317541395263,,,0.0013768771972570868,0.020048535258507114
cicids_recal,0.1,a1,d1_E8_g2,xgboost,recalibrated,1.5,0.5,1.0,auto_malicious,accumulate,fixed_ratio,8.0,2.0,all,5,0.008735,0.0015048463376703947,0.8117856853367919,0.012249128957586187,0.96636304544542,0.005237482183415825,0.8822869759966423,0.005571186188581261,0.9829021812434142,0.0012904781487071589,0.746967950195988,0.013109918642913158,0.9957,0.0004107919181288972,0.69815,0.04021528005621745,0.5,0.0,0.30640036968083545,0.0017166323099515528,0.4417609993649355,0.003565252536756189,30000.0,0.0,2774338.682791662,280959.5641101734,1417698133748.128,115056440679.49184,45716095.170538776,813001.0981836162,0.0006899999999999996,0.0011234155508982415,0.000713301450920012,0.028504549879204987,,,0.0013768771972570868,0.020048535258507114
cicids_recal,0.1,a1,d1_E8_g2_cb,xgboost,fixed,0.0,0.5,1.0,auto_malicious,accumulate,fixed_ratio,8.0,2.0,bytes,5,0.055955,0.058809826984952095,0.7550944313852639,0.09137262521786932,0.8414753796772036,0.14911688636285084,0.7820718072685348,0.026660458950840085,0.9586018705925266,0.0034605088977852374,0.7370993774498501,0.09250009346697079,0.9943,0.001123610252712193,0.5354,0.2091826803298973,0.5,0.0,0.19645806406921124,0.0014121665052898844,0.2444931981856277,0.002189654360758504,30000.0,0.0,580076.0,11994.591677085145,321350703.6,16471987.633616712,534067.1535051999,6011.250187997705,0.049194999999999996,0.051411499807922346,-0.039393693766718016,0.06994794964252142,,,0.0061113621389897645,0.027101945221866316
cicids_recal,0.1,a1,d1_E8_g2_cb,xgboost,recalibrated,0.0,0.5,1.0,auto_malicious,accumulate,fixed_ratio,8.0,2.0,bytes,5,0.009965,6.519202405202671e-05,0.7320580367998704,0.05379370970886228,0.9575558810633893,0.0031285419622846984,0.8289503008628287,0.03591422460609853,0.9586018705925266,0.0034605088977852374,0.7424025824302513,0.019905239052653942,0.9942,0.0006471089552772441,0.4587,0.16845988023858977,0.5,0.0,0.19645806406921124,0.0014121665052898844,0.2444931981856277,0.002189654360758504,30000.0,0.0,580076.0,11994.591677085145,321350703.6,16471987.633616712,534067.1535051999,6011.250187997705,0.0019199999999999994,0.0016249423066681482,-0.07901434708600144,0.05396929518333085,,,0.0013768771972570868,0.020048535258507114
cicids_recal,0.1,a1,d1_E8_g2_cdep,xgboost,fixed,0.0,0.5,1.0,auto_malicious,accumulate,fixed_ratio,8.0,2.0,depth,5,0.02205,0.023910673610335616,0.754283861554673,0.0983438457322799,0.9240423400746891,0.0804963273930713,0.8240564729004525,0.05545026729084641,0.9567656606144119,0.008654248753112255,0.7200368918607333,0.07251682841799258,0.99405,0.0012170661444638432,0.55165,0.23204596796755594,0.5,0.0,0.11628459405787361,0.0009464410910861836,0.13158706018518518,0.0012127679830907696,30000.0,0.0,580076.0,11994.591677085145,321350703.6,16471987.633616712,534067.1535051999,6011.250187997705,0.015290000000000002,0.016568603592336924,-0.04020426359730889,0.08475650091279624,,,0.0061113621389897645,0.027101945221866316
cicids_recal,0.1,a1,d1_E8_g2_cdep,xgboost,recalibrated,0.0,0.5,1.0,auto_malicious,accumulate,fixed_ratio,8.0,2.0,depth,5,0.00998,4.472135954999535e-05,0.7822809435032828,0.03367778646605243,0.9602277990257372,0.001567479410504737,0.8618769535249509,0.02099016130019527,0.9567656606144119,0.008654248753112255,0.7591422642379525,0.00573800758311401,0.9944,0.0007202430145444059,0.59525,0.1011429990162443,0.5,0.0,0.11628459405787361,0.0009464410910861836,0.13158706018518518,0.0012127679830907696,30000.0,0.0,580076.0,11994.591677085145,321350703.6,16471987.633616712,534067.1535051999,6011.250187997705,0.0019349999999999999,0.001591834633371193,-0.02879144038258894,0.032420533681499775,,,0.0013768771972570868,0.020048535258507114
cicids_recal,0.1,a1,d1_E8_g2_cdur,xgboost,fixed,0.0,0.5,1.0,auto_malicious,accumulate,fixed_ratio,8.0,2.0,duration_s,5,0.072645,0.07635781394199286,0.7842587338899246,0.0991542710937523,0.8168997149621321,0.17758678775554684,0.7813774532615465,0.037268520162109645,0.9596647827672854,0.0019566423264032896,0.7293982015217892,0.1771034170740561,0.99415,0.0025775472837564453,0.63385,0.1158781148448662,0.5,0.0,0.23535773961718545,0.0015194775140325455,0.3078052483954655,0.0026006278023092033,30000.0,0.0,580076.0,11994.591677085145,321350703.6,16471987.633616712,534067.1535051999,6011.250187997705,0.065885,0.06912691814698527,-0.010229391262057219,0.07578098368063808,,,0.0061113621389897645,0.027101945221866316
cicids_recal,0.1,a1,d1_E8_g2_cdur,xgboost,recalibrated,0.0,0.5,1.0,auto_malicious,accumulate,fixed_ratio,8.0,2.0,duration_s,5,0.009975000000000001,5.590169943749496e-05,0.7710140228580692,0.01955523865252619,0.9597206926708196,0.0011012141159688425,0.8549806043283661,0.01244898738912762,0.9596647827672854,0.0019566423264032896,0.7456306202444086,0.0174829327215208,0.99445,0.0008909264840602579,0.5751,0.06280590139469377,0.5,0.0,0.23535773961718545,0.0015194775140325455,0.3078052483954655,0.0026006278023092033,30000.0,0.0,580076.0,11994.591677085145,321350703.6,16471987.633616712,534067.1535051999,6011.250187997705,0.0019299999999999999,0.0015966175183806549,-0.04005836102780251,0.024320161380240932,,,0.0013768771972570868,0.020048535258507114
cicids_recal,0.1,a1,d1_E8_g2_cp,xgboost,fixed,0.0,0.5,1.0,auto_malicious,accumulate,fixed_ratio,8.0,2.0,packets,5,0.01724,0.017999571175447485,0.7546080894869093,0.09019270640076629,0.9385930427749066,0.060555194578842224,0.8314837309842765,0.04526111298397494,0.9690224843965307,0.004222979410526227,0.7406041042195065,0.05398168312394215,0.994,0.0021139418156609553,0.5304,0.21981139642884762,0.5,0.0,0.09557637983965857,0.00088061907938003,0.10567740234375,0.0010773066583140028,30000.0,0.0,580076.0,11994.591677085145,321350703.6,16471987.633616712,534067.1535051999,6011.250187997705,0.01048,0.010546243407014653,-0.03988003566507255,0.06983335469154603,,,0.0061113621389897645,0.027101945221866316
cicids_recal,0.1,a1,d1_E8_g2_cp,xgboost,recalibrated,0.0,0.5,1.0,auto_malicious,accumulate,fixed_ratio,8.0,2.0,packets,5,0.009995,1.1180339887499366e-05,0.7778228094350329,0.040176676782148806,0.9599237349267099,0.002004902484014738,0.8589153822394999,0.02527252163150257,0.9690224843965307,0.004222979410526227,0.7575743601567904,0.006179644772794126,0.9945999999999999,0.00037914377220258993,0.583,0.12264022586411037,0.5,0.0,0.09557637983965857,0.00088061907938003,0.10567740234375,0.0010773066583140028,30000.0,0.0,580076.0,11994.591677085145,321350703.6,16471987.633616712,534067.1535051999,6011.250187997705,0.0019499999999999997,0.0015721203834312436,-0.03324957445083891,0.02065477622179505,,,0.0013768771972570868,0.020048535258507114
cicids_recal,0.1,a1,d1_E8_g3,xgboost,fixed,0.0,0.5,1.0,auto_malicious,accumulate,fixed_ratio,8.0,3.0,all,5,0.042510000000000006,0.04508842562121681,0.7673988814136338,0.09145897939904565,0.872123902780275,0.12674311674196492,0.8060443456124485,0.041433060925582355,0.9654669005836103,0.002660412430699848,0.7291676273922066,0.08260454556542979,0.99415,0.0016450683876361978,0.5821,0.19830607655843532,0.5,0.0,0.17353597825473493,0.0016868472648369707,0.20997806071606248,0.00247079713103954,30000.0,0.0,580076.0,11994.591677085145,321350703.6,16471987.633616712,534067.1535051999,6011.250187997705,0.03575,0.03786989652085149,-0.02708924373834807,0.07236644244936842,,,0.0061113621389897645,0.027101945221866316
cicids_recal,0.1,a1,d1_E8_g3,xgboost,recalibrated,0.0,0.5,1.0,auto_malicious,accumulate,fixed_ratio,8.0,3.0,all,5,0.009984999999999999,2.236067977499777e-05,0.7792494123368728,0.02909288581916393,0.9600730172317989,0.001355120088671157,0.8600451774848763,0.018056772240885095,0.9654669005836103,0.002660412430699848,0.7467834908923219,0.014115393421218219,0.9941000000000001,0.00048733971724041164,0.5996,0.08766156512406109,0.5,0.0,0.17353597825473493,0.0016868472648369707,0.20997806071606248,0.00247079713103954,30000.0,0.0,580076.0,11994.591677085145,321350703.6,16471987.633616712,534067.1535051999,6011.250187997705,0.00194,0.0015755554576085227,-0.031822971548998935,0.01619787472060276,,,0.0013768771972570868,0.020048535258507114
cicids_recal,0.1,a1,knn,rf,fixed,0.0,0.05,1.0,auto_malicious,accumulate,fixed_ratio,-1.0,-1.0,,5,0.009685,0.006288148574898656,0.8101159114857746,0.024439829680723203,0.9635005893190973,0.021899948915310188,0.8797390425628479,0.009783916449378517,0.9697757120855961,0.003923304014636402,0.7969564214895088,0.009520226833226206,0.99475,0.0009519716382330258,0.63975,0.06790940656492292,0.050001583330694446,0.0,0.0007727337999616274,4.93657500451351e-05,0.014692843571880937,0.0009393538299044539,1579.0,0.0,29510.0,4075.350353037147,16468649.2,5254777.720617086,28307.0940114,1265.778634492983,0.0011099999999999997,0.004295440897044213,0.006354867471832759,0.035836932197130446,,,0.004455567172261081,0.028993815004525726
cicids_recal,0.1,a1,knn,rf,fixed,0.0,0.1,1.0,auto_malicious,accumulate,fixed_ratio,-1.0,-1.0,,5,0.009635,0.004416609276356694,0.7854908000324228,0.02908797346131292,0.9621455775137872,0.016257506265405584,0.8645302651966122,0.01628873288589794,0.9712594891383644,0.009645944478654118,0.8029974636845747,0.008431891318857587,0.9945499999999999,0.0006471089552772406,0.55745,0.08463661294026363,0.0999909999099991,0.0,0.0016107149557797445,0.00015689502661176498,0.014521452145214522,0.001416827957169828,3333.0,0.0,61792.8,4634.075064130921,33370635.6,6164406.520400588,58213.56745740001,1510.2799995067382,0.0010600000000000002,0.003562153491920302,-0.018270243981518976,0.018740525237424893,,,0.004455567172261081,0.028993815004525726
cicids_recal,0.1,a1,knn,rf,fixed,0.0,0.2,1.0,auto_malicious,accumulate,fixed_ratio,-1.0,-1.0,,5,0.008375,0.002977572417255372,0.7957688254843155,0.025699448515082993,0.9668579546568867,0.012306136625795343,0.8729202260079438,0.019993267445887707,0.9711811216260031,0.007829850316768541,0.8033202674659903,0.009235925871510156,0.9948,0.00044721359549995676,0.58855,0.07138482857022214,0.2,0.0,0.003580369723494793,0.0003490279376227619,0.014373333333333332,0.0014060188081561676,7500.0,0.0,149313.4,12688.47017177406,84889593.6,15012718.485969665,131937.0163472,526.3872013475903,-0.00019999999999999966,0.006380904128726586,-0.007992218529626305,0.021254989545733613,,,0.004455567172261081,0.028993815004525726
cicids_recal,0.1,a1,knn,rf,fixed,0.0,0.5,1.0,auto_malicious,accumulate,fixed_ratio,-1.0,-1.0,,5,0.012985,0.005710259407417495,0.8020750587663127,0.021138271854276715,0.9501573856518697,0.02158764114739436,0.8698165173094872,0.02044682674423677,0.9764502591797033,0.0030542742670884274,0.8132810698639613,0.009092926940367084,0.9948499999999999,0.0004873397172404579,0.59715,0.05914035212948941,0.5,0.0,0.013936177317288375,0.0004822068152072614,0.014133333333333335,0.0004960958688712401,30000.0,0.0,580076.0,11994.591677085145,321350703.6,16471987.633616712,534067.1535051999,6011.250187997705,0.00441,0.007632488126423781,-0.0016859852476290404,0.01364678024386266,,,0.004455567172261081,0.028993815004525726
cicids_recal,0.1,a1,knn,rf,fixed,1.5,0.2,1.0,auto_malicious,accumulate,fixed_ratio,-1.0,-1.0,,5,0.00999,0.004564318130893157,0.799367755532139,0.01844223612555298,0.961381113869251,0.016347772981813277,0.8727350472860452,0.011014573026518959,0.9682320641160735,0.014079917740511918,0.7693797555914227,0.008669403301635707,0.9952,0.000325960120260126,0.63605,0.05506796936514,0.2,0.0,0.01631557509749116,0.0007542875026050067,0.06634666666666666,0.0031192591713061863,7500.0,0.0,736205.1353697837,158684.93116664747,348761621867.74164,51400058939.42561,11414139.562302968,342360.14474982495,0.0014150000000000002,0.006449190840717926,-0.004393288481802671,0.041371566734843226,,,0.004455567172261081,0.028993815004525726
cicids_recal,0.1,a1,knn,rf,fixed,1.5,0.5,1.0,auto_malicious,accumulate,fixed_ratio,-1.0,-1.0,,5,0.011049999999999999,0.006615063302796126,0.7780173461943747,0.022360020925378678,0.9560949567008464,0.02620448277260687,0.8578472551664863,0.022634798366439102,0.9719025188457486,0.0094384222636214,0.7364537698870187,0.04011128422117994,0.99505,0.000570087712549543,0.60605,0.03535772546417541,0.5,0.0,0.06287162390419296,0.0019432031452373132,0.06709333333333334,0.0022145227727686863,30000.0,0.0,2774338.682791662,280959.5641101734,1417698133748.128,115056440679.49184,45716095.170538776,813001.0981836162,0.0024749999999999998,0.008884009511476222,-0.025743697819567136,0.037417197530063194,,,0.004455567172261081,0.028993815004525726
cicids_recal,0.1,a1,knn,rf,recalibrated,0.0,0.05,1.0,auto_malicious,accumulate,fixed_ratio,-1.0,-1.0,,5,0.00958,0.0004181058478423858,0.8169246980627382,0.02996722815611121,0.9633120590521658,0.002500336210267918,0.8838904909968545,0.018537145528987282,0.9697757120855961,0.003923304014636402,0.8052109753285681,0.01583206665296382,0.9946999999999999,0.001036822067666407,0.6518499999999999,0.07735603564040752,0.050001583330694446,0.0,0.0007727337999616274,4.93657500451351e-05,0.014692843571880937,0.0009393538299044539,1579.0,0.0,29510.0,4075.350353037147,16468649.2,5254777.720617086,28307.0940114,1265.778634492983,-4.000000000000045e-05,0.000789501424951216,0.007278917078706359,0.008268090404055557,,,0.0006087658978354054,0.030293837226850386
cicids_recal,0.1,a1,knn,rf,recalibrated,0.0,0.1,1.0,auto_malicious,accumulate,fixed_ratio,-1.0,-1.0,,5,0.00968,0.0004158575477251793,0.7923644321958336,0.06487087636048906,0.9616983724226925,0.003593946937967786,0.8678098713496307,0.03989419292588563,0.9712594891383644,0.009645944478654118,0.802951348858658,0.03755124639569726,0.99495,0.0013275918047351498,0.5782999999999999,0.16208161524367895,0.0999909999099991,0.0,0.0016107149557797445,0.00015689502661176498,0.014521452145214522,0.001416827957169828,3333.0,0.0,61792.8,4634.075064130921,33370635.6,6164406.520400588,58213.56745740001,1510.2799995067382,5.9999999999999636e-05,0.0007783395788471768,-0.017281348788198092,0.05098527404487329,,,0.0006087658978354054,0.030293837226850386
cicids_recal,0.1,a1,knn,rf,recalibrated,0.0,0.2,1.0,auto_malicious,accumulate,fixed_ratio,-1.0,-1.0,,5,0.00984,0.00016066269013059642,0.7946826619113236,0.07410344033428302,0.9611533627914757,0.00348350058220867,0.8685787140522481,0.04760257876259083,0.9711811216260031,0.007829850316768541,0.8041503343324878,0.02636552410910221,0.9946999999999999,0.0011510864433221459,0.5843999999999999,0.2005856737157467,0.2,0.0,0.003580369723494793,0.0003490279376227619,0.014373333333333332,0.0014060188081561676,7500.0,0.0,149313.4,12688.47017177406,84889593.6,15012718.485969665,131937.0163472,526.3872013475903,0.0002199999999999997,0.000601404605901884,-0.014963119072708109,0.07621819193280276,,,0.0006087658978354054,0.030293837226850386
cicids_recal,0.1,a1,knn,rf,recalibrated,0.0,0.5,1.0,auto_malicious,accumulate,fixed_ratio,-1.0,-1.0,,5,0.00979,0.000336619221079249,0.722736483748075,0.128752563740537,0.9570719022754284,0.006321259704822584,0.8188303855385997,0.0855045506408614,0.9764502591797033,0.0030542742670884274,0.7970025363154255,0.039149287317479894,0.9948,0.0011911129249571716,0.37015000000000003,0.35390719122391395,0.5,0.0,0.013936177317288375,0.0004822068152072614,0.014133333333333335,0.0004960958688712401,30000.0,0.0,580076.0,11994.591677085145,321350703.6,16471987.633616712,534067.1535051999,6011.250187997705,0.00016999999999999966,0.0005655196725136978,-0.08690929723595686,0.12765323770755882,,,0.0006087658978354054,0.030293837226850386
cicids_recal,0.1,a1,knn,rf,recalibrated,1.5,0.2,1.0,auto_malicious,accumulate,fixed_ratio,-1.0,-1.0,,5,0.009835,0.00014208272238382794,0.7995298694982573,0.04619634378033293,0.9615573457183482,0.002059703826515527,0.8725385483880949,0.02902306949205434,0.9682320641160735,0.014079917740511918,0.7717316117131657,0.024497890917270424,0.9952500000000001,0.00039528470752101853,0.63395,0.11947115237579317,0.2,0.0,0.01631557509749116,0.0007542875026050067,0.06634666666666666,0.0031192591713061863,7500.0,0.0,736205.1353697837,158684.93116664747,348761621867.74164,51400058939.42561,11414139.562302968,342360.14474982495,0.00021499999999999956,0.00043394988189882045,-0.010115911485774464,0.035878562176593985,,,0.0006087658978354054,0.030293837226850386
cicids_recal,0.1,a1,knn,rf,recalibrated,1.5,0.5,1.0,auto_malicious,accumulate,fixed_ratio,-1.0,-1.0,,5,0.00993,0.0001291801068276379,0.78288076517792,0.06564941619386809,0.9602750787373221,0.0035270658225789926,0.8614401876556214,0.04166972515651764,0.9719025188457486,0.0094384222636214,0.7280608715702098,0.09130656926318118,0.99515,0.0009617692030835453,0.63005,0.1109595083803096,0.5,0.0,0.06287162390419296,0.0019432031452373132,0.06709333333333334,0.0022145227727686863,30000.0,0.0,2774338.682791662,280959.5641101734,1417698133748.128,115056440679.49184,45716095.170538776,813001.0981836162,0.0003099999999999995,0.0005203964834623693,-0.026765015806111635,0.05988732701404087,,,0.0006087658978354054,0.030293837226850386
cicids_recal,0.1,a1,knn,xgboost,fixed,0.0,0.05,1.0,auto_malicious,accumulate,fixed_ratio,-1.0,-1.0,,5,0.009420000000000001,0.006949244563260096,0.8144443543811299,0.03886584713083578,0.965029566786267,0.024023519586670445,0.8825396507134791,0.017100526379063934,0.9829764231579802,0.0006367092662310365,0.7967719621858428,0.023932883814291126,0.9948499999999999,0.0011672617529928995,0.6532,0.09312414429137052,0.050001583330694446,0.0,0.0007727337999616274,4.93657500451351e-05,0.014692843571880937,0.0009393538299044539,1579.0,0.0,29510.0,4075.350353037147,16468649.2,5254777.720617086,28307.0940114,1265.778634492983,0.0026600000000000005,0.0025079000179432987,0.019956229229148102,0.02222465114167703,,,0.0061113621389897645,0.027101945221866316
cicids_recal,0.1,a1,knn,xgboost,fixed,0.0,0.1,1.0,auto_malicious,accumulate,fixed_ratio,-1.0,-1.0,,5,0.010015,0.007880287907176996,0.798476128718489,0.03396284688373352,0.9621213318390721,0.028296662716379976,0.8719994679953407,0.01665759026284283,0.9821328309151334,0.0010134416254255023,0.7947429098455153,0.03128526450362419,0.9945999999999999,0.0012067518386147255,0.6064,0.07477332412030373,0.0999909999099991,0.0,0.0016107149557797445,0.00015689502661176498,0.014521452145214522,0.001416827957169828,3333.0,0.0,61792.8,4634.075064130921,33370635.6,6164406.520400588,58213.56745740001,1510.2799995067382,0.0032549999999999996,0.004423036287438754,0.0039880035665072365,0.007224855849990223,,,0.0061113621389897645,0.027101945221866316
cicids_recal,0.1,a1,knn,xgboost,fixed,0.0,0.2,1.0,auto_malicious,accumulate,fixed_ratio,-1.0,-1.0,,5,0.009935,0.006939123683866718,0.7929480424738591,0.025788645716608483,0.9619764940149033,0.02500607533375264,0.8688070809246442,0.010021877564156463,0.98202600429602,0.0015876080655503008,0.7850587964030435,0.02066592589053149,0.9946999999999999,0.0015145131230860892,0.59975,0.06403929457762635,0.2,0.0,0.003580369723494793,0.0003490279376227619,0.014373333333333332,0.0014060188081561676,7500.0,0.0,149313.4,12688.47017177406,84889593.6,15012718.485969665,131937.0163472,526.3872013475903,0.003175,0.0023105735218771975,-0.0015400826781227339,0.0026889669150357725,,,0.0061113621389897645,0.027101945221866316
cicids_recal,0.1,a1,knn,xgboost,fixed,0.0,0.5,1.0,auto_malicious,accumulate,fixed_ratio,-1.0,-1.0,,5,0.012695000000000001,0.008790929273973258,0.7984274945286536,0.04079717213908161,0.9528473897332356,0.029358678927419456,0.8677030145044713,0.013284074508016849,0.9838247065737213,0.0022781142860180655,0.7957113211897625,0.025274437668259358,0.9952,0.0011645814698851955,0.6046,0.09984325215055848,0.5,0.0,0.013936177317288375,0.0004822068152072614,0.014133333333333335,0.0004960958688712401,30000.0,0.0,580076.0,11994.591677085145,321350703.6,16471987.633616712,534067.1535051999,6011.250187997705,0.005935,0.002280871543949812,0.003939369376671808,0.023390494938266643,,,0.0061113621389897645,0.027101945221866316
cicids_recal,0.1,a1,knn,xgboost,fixed,1.5,0.2,1.0,auto_malicious,accumulate,fixed_ratio,-1.0,-1.0,,5,0.003365,0.002688900797723858,0.8001296911728945,0.045726068284519916,0.9870795220433763,0.010122634410689339,0.8830334430029201,0.024239593655576507,0.9871919692794033,0.0014201169371688045,0.7618169241411114,0.0448690383916096,0.9945999999999999,0.0010547511554864593,0.6472,0.09446980337652873,0.2,0.0,0.01631557509749116,0.0007542875026050067,0.06634666666666666,0.0031192591713061863,7500.0,0.0,736205.1353697837,158684.93116664747,348761621867.74164,51400058939.42561,11414139.562302968,342360.14474982495,-0.003395,0.005466957563398493,0.005641566020912703,0.03131337322388533,,,0.0061113621389897645,0.027101945221866316
cicids_recal,0.1,a1,knn,xgboost,fixed,1.5,0.5,1.0,auto_malicious,accumulate,fixed_ratio,-1.0,-1.0,,5,0.00364,0.002832821032116219,0.7875334360055118,0.045067114012098924,0.9857688796178398,0.010778969607520388,0.874793509319753,0.02397593160361159,0.988566533800762,0.001313264583192938,0.747659672584736,0.04700280636406559,0.9936,0.00280401497856197,0.6247,0.09232320943294811,0.5,0.0,0.06287162390419296,0.0019432031452373132,0.06709333333333334,0.0022145227727686863,30000.0,0.0,2774338.682791662,280959.5641101734,1417698133748.128,115056440679.49184,45716095.170538776,813001.0981836162,-0.00312,0.005404610300474956,-0.0069546891464699724,0.021534965664736092,,,0.0061113621389897645,0.027101945221866316
cicids_recal,0.1,a1,knn,xgboost,recalibrated,0.0,0.05,1.0,auto_malicious,accumulate,fixed_ratio,-1.0,-1.0,,5,0.008715,0.001988843885276067,0.8196157899002999,0.025638401902646785,0.9667876788789588,0.007139594533059992,0.8869232422717387,0.014129900383046397,0.9829764231579802,0.0006367092662310365,0.8017984782107448,0.011689676319602306,0.99535,0.00022360679774996055,0.6632,0.06967635000486179,0.050001583330694446,0.0,0.0007727337999616274,4.93657500451351e-05,0.014692843571880937,0.0009393538299044539,1579.0,0.0,29510.0,4075.350353037147,16468649.2,5254777.720617086,28307.0940114,1265.778634492983,0.0006700000000000001,0.00308693820799834,0.008543406014428157,0.01660457788147463,,,0.0013768771972570868,0.020048535258507114
cicids_recal,0.1,a1,knn,xgboost,recalibrated,0.0,0.1,1.0,auto_malicious,accumulate,fixed_ratio,-1.0,-1.0,,5,0.00925,0.000794315743265862,0.8042473859122964,0.027025241773199888,0.9640425983030564,0.003016074388709915,0.8767357833881689,0.01614329426865836,0.9821328309151334,0.0010134416254255023,0.8004611482591653,0.013364948534744424,0.9951000000000001,0.0003791437722025626,0.6174999999999999,0.07167221393259736,0.0999909999099991,0.0,0.0016107149557797445,0.00015689502661176498,0.014521452145214522,0.001416827957169828,3333.0,0.0,61792.8,4634.075064130921,33370635.6,6164406.520400588,58213.56745740001,1510.2799995067382,0.0012050000000000003,0.0021087170270095512,-0.006824997973575409,0.01663805891162495,,,0.0013768771972570868,0.020048535258507114
cicids_recal,0.1,a1,knn,xgboost,recalibrated,0.0,0.2,1.0,auto_malicious,accumulate,fixed_ratio,-1.0,-1.0,,5,0.007935000000000001,0.001872965562950905,0.8116235713706736,0.024752193483691214,0.9691816643237796,0.007704615786886064,0.8833239272158233,0.017139153445375473,0.98202600429602,0.0015876080655503008,0.8074244869725616,0.014177403062636472,0.99535,0.00041833001326705284,0.63245,0.06911525699872641,0.2,0.0,0.003580369723494793,0.0003490279376227619,0.014373333333333332,0.0014060188081561676,7500.0,0.0,149313.4,12688.47017177406,84889593.6,15012718.485969665,131937.0163472,526.3872013475903,-0.00011000000000000021,0.0033194784981981735,0.0005511874848018294,0.006355973637956074,,,0.0013768771972570868,0.020048535258507114
cicids_recal,0.1,a1,knn,xgboost,recalibrated,0.0,0.5,1.0,auto_malicious,accumulate,fixed_ratio,-1.0,-1.0,,5,0.008929999999999999,0.0007078576834364379,0.8110885952824836,0.015061512959387836,0.9655547108551403,0.0022490290606850074,0.8815377719983651,0.008436329740313307,0.9838247065737213,0.0022781142860180655,0.805118745676735,0.010187619876510682,0.9955999999999999,0.0005477225575051568,0.63305,0.046038502907892236,0.5,0.0,0.013936177317288375,0.0004822068152072614,0.014133333333333335,0.0004960958688712401,30000.0,0.0,580076.0,11994.591677085145,321350703.6,16471987.633616712,534067.1535051999,6011.250187997705,0.0008849999999999995,0.001612703475534173,1.621139661185378e-05,0.01902789154240356,,,0.0013768771972570868,0.020048535258507114
cicids_recal,0.1,a1,knn,xgboost,recalibrated,1.5,0.2,1.0,auto_malicious,accumulate,fixed_ratio,-1.0,-1.0,,5,0.00968,0.0007016498414451467,0.8540001621139661,0.009839396294657802,0.9645466526002192,0.0026298811732297714,0.9058931361153799,0.006171142271053761,0.9871919692794033,0.0014201169371688045,0.8340788563523173,0.019945395234570003,0.9961500000000001,0.00033541019662499516,0.73345,0.014662238914981529,0.2,0.0,0.01631557509749116,0.0007542875026050067,0.06634666666666666,0.0031192591713061863,7500.0,0.0,736205.1353697837,158684.93116664747,348761621867.74164,51400058939.42561,11414139.562302968,342360.14474982495,0.0016349999999999997,0.00164017910607348,0.04292777822809437,0.02638505028422838,,,0.0013768771972570868,0.020048535258507114
cicids_recal,0.1,a1,knn,xgboost,recalibrated,1.5,0.5,1.0,auto_malicious,accumulate,fixed_ratio,-1.0,-1.0,,5,0.00938,0.0006298313266264235,0.8384372213666207,0.01766832139320724,0.9650203760342627,0.0017183697014271923,0.8971966804102228,0.009595168286596316,0.988566533800762,0.001313264583192938,0.8037353008992391,0.021838547234619223,0.9962500000000001,0.0003061862178479032,0.71825,0.033464066549061255,0.5,0.0,0.06287162390419296,0.0019432031452373132,0.06709333333333334,0.0022145227727686863,30000.0,0.0,2774338.682791662,280959.5641101734,1417698133748.128,115056440679.49184,45716095.170538776,813001.0981836162,0.0013349999999999996,0.0013746135820658836,0.027364837480748982,0.0296805614513489,,,0.0013768771972570868,0.020048535258507114
cicids_recal,0.1,a1,loss,rf,fixed,0.0,0.05,1.0,auto_malicious,accumulate,fixed_ratio,-1.0,-1.0,,5,0.01389,0.006419199716475567,0.8114776688011671,0.024099591975320182,0.9480373351341095,0.022466956417808725,0.8741200712876838,0.013754682449197857,0.9246738427089245,0.011548285894551211,0.799907770348167,0.009887033732639565,0.99495,0.0005419870847169718,0.64055,0.07350454917894536,0.050001583330694446,0.0,0.02043265212361572,0.0011607464056636152,0.3963267891070298,0.02297186774851705,1579.0,0.0,29510.0,4075.350353037147,16468649.2,5254777.720617086,28307.0940114,1265.778634492983,0.005315,0.004259056526978716,0.007716624787225434,0.01294254390341215,,,0.004455567172261081,0.028993815004525726
cicids_recal,0.1,a1,loss,rf,fixed,0.0,0.1,1.0,auto_malicious,accumulate,fixed_ratio,-1.0,-1.0,,5,0.035825,0.017115681771404843,0.8178001134797762,0.03134985051386702,0.8785037480818877,0.04904757311289199,0.8459755886662998,0.02281698495848006,0.9104076228013293,0.008523649967199336,0.8048420567212359,0.03445853031999711,0.99495,0.0006937218462755853,0.6547,0.09449477498782667,0.0999909999099991,0.0,0.06906244491059427,0.0008766390219564425,0.6677467746774678,0.009101844202420769,3333.0,0.0,61792.8,4634.075064130921,33370635.6,6164406.520400588,58213.56745740001,1510.2799995067382,0.027250000000000003,0.01323070529110221,0.01403906946583453,0.021827473144839998,,,0.004455567172261081,0.028993815004525726
cicids_recal,0.1,a1,loss,rf,fixed,0.0,0.2,1.0,auto_malicious,accumulate,fixed_ratio,-1.0,-1.0,,5,0.337575,0.1471494531505299,0.8425387047094107,0.0227533896194613,0.45720942085144334,0.11260134099893747,0.585695026532801,0.09206305990695172,0.8667324333306314,0.01644277777667535,0.8576896472215818,0.02530933145101344,0.9955,0.0005863019699779243,0.6731499999999999,0.07998136501710887,0.2,0.0,0.19766344939177466,0.00038395841841356714,0.98544,0.00238588441556683,7500.0,0.0,149313.4,12688.47017177406,84889593.6,15012718.485969665,131937.0163472,526.3872013475903,0.329,0.14348064982777292,0.03877766069546895,0.01783535462265186,,,0.004455567172261081,0.028993815004525726
cicids_recal,0.1,a1,loss,rf,fixed,0.0,0.5,1.0,auto_malicious,accumulate,fixed_ratio,-1.0,-1.0,,5,0.88841,0.029710565250429054,0.9064440301531977,0.03162008909860394,0.23938011208754267,0.004703566526961138,0.37868811412943215,0.007438258999730862,0.7052046299748723,0.02597978639416782,0.9387595111828453,0.016112661396322427,0.9977,0.0005968668193156413,0.78015,0.0832698174610705,0.5,0.0,0.499993333166662,6.972382700274171e-06,0.9999733333333334,2.788866755111343e-05,30000.0,0.0,580076.0,11994.591677085145,321350703.6,16471987.633616712,534067.1535051999,6011.250187997705,0.8798349999999999,0.025829595428500215,0.1026829861392559,0.03488287995809186,,,0.004455567172261081,0.028993815004525726
cicids_recal,0.1,a1,loss,rf,fixed,1.5,0.2,1.0,auto_malicious,accumulate,fixed_ratio,-1.0,-1.0,,5,0.012435,0.0028634332539802638,0.7196887411850531,0.015033983705426432,0.9470251163973462,0.011854376863357843,0.8177768388377455,0.01144324903463064,0.9625269824511632,0.005069970780861177,0.6183998155406962,0.005419718364557611,0.99545,0.00027386127875259216,0.55375,0.0447311412776379,0.2,0.0,0.19999573321955252,9.540811125630343e-06,0.9999733333333334,5.962847939997696e-05,7500.0,0.0,736205.1353697837,158684.93116664747,348761621867.74164,51400058939.42561,11414139.562302968,342360.14474982495,0.0038599999999999997,0.004291437696157314,-0.0840723028288887,0.027516153665530247,,,0.004455567172261081,0.028993815004525726
cicids_recal,0.1,a1,loss,rf,fixed,1.5,0.5,1.0,auto_malicious,accumulate,fixed_ratio,-1.0,-1.0,,5,0.023145,0.006826954848246764,0.7322363621626004,0.012990579631157791,0.9074547525313792,0.025776588684997118,0.8103785742400073,0.015579768519504454,0.9749013911404718,0.004347803413774024,0.613004380908462,0.007606500399924918,0.99495,0.0008177713616898062,0.5988,0.039989998749687374,0.5,0.0,0.49999833330555504,3.726842076548745e-06,0.9999933333333333,1.4907119849987646e-05,30000.0,0.0,2774338.682791662,280959.5641101734,1417698133748.128,115056440679.49184,45716095.170538776,813001.0981836162,0.01457,0.006999272283602059,-0.07152468185134146,0.03666180551670592,,,0.004455567172261081,0.028993815004525726
cicids_recal,0.1,a1,loss,rf,recalibrated,0.0,0.05,1.0,auto_malicious,accumulate,fixed_ratio,-1.0,-1.0,,5,0.009945,4.472135954999568e-05,0.8000972683796709,0.03838882165256154,0.9611930427575917,0.0018386348945583022,0.8729118640721012,0.02353285569179607,0.9246738427089245,0.011548285894551211,0.7895319345169473,0.01733635346140802,0.99465,0.000651920240520278,0.617,0.10163399406694594,0.050001583330694446,0.0,0.02043265212361572,0.0011607464056636152,0.3963267891070298,0.02297186774851705,1579.0,0.0,29510.0,4075.350353037147,16468649.2,5254777.720617086,28307.0940114,1265.778634492983,0.00032499999999999993,0.0004330127018922199,-0.009548512604360848,0.02462981487057008,,,0.0006087658978354054,0.030293837226850386
cicids_recal,0.1,a1,loss,rf,recalibrated,0.0,0.1,1.0,auto_malicious,accumulate,fixed_ratio,-1.0,-1.0,,5,0.01,0.0,0.7628434789657129,0.022270426378160478,0.9592051144244103,0.0011230042485595123,0.8496983059596083,0.014158844910853957,0.9104076228013293,0.008523649967199336,0.7754669126124049,0.029096865573521816,0.99375,0.00024999999999997247,0.51825,0.08039997667910109,0.0999909999099991,0.0,0.06906244491059427,0.0008766390219564425,0.6677467746774678,0.009101844202420769,3333.0,0.0,61792.8,4634.075064130921,33370635.6,6164406.520400588,58213.56745740001,1510.2799995067382,0.0003799999999999998,0.00046717234507192337,-0.04680230201831885,0.023329954297076783,,,0.0006087658978354054,0.030293837226850386
cicids_recal,0.1,a1,loss,rf,recalibrated,0.0,0.2,1.0,auto_malicious,accumulate,fixed_ratio,-1.0,-1.0,,5,0.009995,1.1180339887499366e-05,0.674426521844857,0.04799752822946847,0.9539664474014703,0.003425659061929,0.78947361686583,0.03525482164425162,0.8667324333306314,0.01644277777667535,0.7480747060179848,0.018495293644941513,0.9928000000000001,0.0004808846015417934,0.2762,0.1565801911162456,0.2,0.0,0.19766344939177466,0.00038395841841356714,0.98544,0.00238588441556683,7500.0,0.0,149313.4,12688.47017177406,84889593.6,15012718.485969665,131937.0163472,526.3872013475903,0.00037499999999999963,0.0004710360920354197,-0.13521925913917482,0.0289016399607877,,,0.0006087658978354054,0.030293837226850386
cicids_recal,0.1,a1,loss,rf,recalibrated,0.0,0.5,1.0,auto_malicious,accumulate,fixed_ratio,-1.0,-1.0,,5,0.00997,5.419870847169679e-05,0.5210018643106104,0.010700841928670402,0.9415641708699047,0.0010407872784021434,0.6707697662062341,0.009128405836465283,0.7052046299748723,0.02597978639416782,0.5724694489278302,0.03418155514192577,0.9807,0.004139746369042421,0.0055,0.007506247398001214,0.5,0.0,0.499993333166662,6.972382700274171e-06,0.9999733333333334,2.788866755111343e-05,30000.0,0.0,580076.0,11994.591677085145,321350703.6,16471987.633616712,534067.1535051999,6011.250187997705,0.0003499999999999996,0.00047860474297691614,-0.2886439166734214,0.03513495318219583,,,0.0006087658978354054,0.030293837226850386
cicids_recal,0.1,a1,loss,rf,recalibrated,1.5,0.2,1.0,auto_malicious,accumulate,fixed_ratio,-1.0,-1.0,,5,0.00987,0.0001242477363978915,0.7098322120450676,0.0203868706115544,0.9568285315633981,0.0015769501496033973,0.8149114996564016,0.013951642426063355,0.9625269824511632,0.005069970780861177,0.6053954346322342,0.02276830508762569,0.9952,0.0003708099243547938,0.5377,0.043534971574585836,0.2,0.0,0.19999573321955252,9.540811125630343e-06,0.9999733333333334,5.962847939997696e-05,7500.0,0.0,736205.1353697837,158684.93116664747,348761621867.74164,51400058939.42561,11414139.562302968,342360.14474982495,0.0002499999999999999,0.0005169018282033834,-0.09981356893896406,0.03318987025860838,,,0.0006087658978354054,0.030293837226850386
cicids_recal,0.1,a1,loss,rf,recalibrated,1.5,0.5,1.0,auto_malicious,accumulate,fixed_ratio,-1.0,-1.0,,5,0.009885000000000001,0.00011263880326068814,0.7109183756180595,0.015297731321520916,0.9568423714361017,0.0012780157619539465,0.8156832715721988,0.01053676425801071,0.9749013911404718,0.004347803413774024,0.5967258473599262,0.012531868334518066,0.9943500000000001,0.0009453835200594531,0.5513,0.050936664103570825,0.5,0.0,0.49999833330555504,3.726842076548745e-06,0.9999933333333333,1.4907119849987646e-05,30000.0,0.0,2774338.682791662,280959.5641101734,1417698133748.128,115056440679.49184,45716095.170538776,813001.0981836162,0.00026499999999999994,0.0005191940870233406,-0.09872740536597224,0.030128292896042356,,,0.0006087658978354054,0.030293837226850386
cicids_recal,0.1,a1,loss,xgboost,fixed,0.0,0.05,1.0,auto_malicious,accumulate,fixed_ratio,-1.0,-1.0,,5,0.007819999999999999,0.004559961622645524,0.8063872902650564,0.02095801930427118,0.9699285841153552,0.016666498362026827,0.8803774846704335,0.01079918717156077,0.9217337543568128,0.003550939585135753,0.7639843209591884,0.031663293789281094,0.9949999999999999,0.001131923142267178,0.66375,0.030501536846526275,0.050001583330694446,0.0,0.02043265212361572,0.0011607464056636152,0.3963267891070298,0.02297186774851705,1579.0,0.0,29510.0,4075.350353037147,16468649.2,5254777.720617086,28307.0940114,1265.778634492983,0.0010600000000000004,0.0032951005295741727,0.011899165113074494,0.02271739628039269,,,0.0061113621389897645,0.027101945221866316
cicids_recal,0.1,a1,loss,xgboost,fixed,0.0,0.1,1.0,auto_malicious,accumulate,fixed_ratio,-1.0,-1.0,,5,0.018565,0.02277057174293171,0.7799140795979573,0.0527612909794947,0.9359441064737843,0.069792240400632,0.8477483218625315,0.02340650855169721,0.885750904595931,0.007719968305476386,0.7286603643071248,0.0624843979476824,0.99465,0.0016918924315688967,0.6207499999999999,0.09376649854825549,0.0999909999099991,0.0,0.06906244491059427,0.0008766390219564425,0.6677467746774678,0.009101844202420769,3333.0,0.0,61792.8,4634.075064130921,33370635.6,6164406.520400588,58213.56745740001,1510.2799995067382,0.011805000000000001,0.01598723514245037,-0.014574045554024483,0.03161271180955476,,,0.0061113621389897645,0.027101945221866316
cicids_recal,0.1,a1,loss,xgboost,fixed,0.0,0.2,1.0,auto_malicious,accumulate,fixed_ratio,-1.0,-1.0,,5,0.288415,0.38616938827087266,0.7497608818999757,0.14486249709224652,0.6910330976456484,0.3806484924328305,0.638569927414982,0.21148985258416414,0.8520113749290751,0.02173244182094029,0.7159326723541619,0.18090594060762086,0.9949,0.0027816362091401957,0.5413,0.25583022935141964,0.2,0.0,0.19766344939177466,0.00038395841841356714,0.98544,0.00238588441556683,7500.0,0.0,149313.4,12688.47017177406,84889593.6,15012718.485969665,131937.0163472,526.3872013475903,0.281655,0.37894198162449616,-0.044727243252006166,0.12140380364456241,,,0.0061113621389897645,0.027101945221866316
cicids_recal,0.1,a1,loss,xgboost,fixed,0.0,0.5,1.0,auto_malicious,accumulate,fixed_ratio,-1.0,-1.0,,5,0.57236,0.4617350720380682,0.8022858069222665,0.19676537476030728,0.4481570443596479,0.30131852017553207,0.4945879709057782,0.1570701060245767,0.7262554340601443,0.062116054012312676,0.7845054184920451,0.2513415390232214,0.9965999999999999,0.0023425413550245177,0.62725,0.3581309990771533,0.5,0.0,0.499993333166662,6.972382700274171e-06,0.9999733333333334,2.788866755111343e-05,30000.0,0.0,580076.0,11994.591677085145,321350703.6,16471987.633616712,534067.1535051999,6011.250187997705,0.5656,0.4554330830374535,0.007797681770284526,0.17424847192558104,,,0.0061113621389897645,0.027101945221866316
cicids_recal,0.1,a1,loss,xgboost,fixed,1.5,0.2,1.0,auto_malicious,accumulate,fixed_ratio,-1.0,-1.0,,5,0.006065,0.009072237871660995,0.7559536354056902,0.060678431350534426,0.9770576096259189,0.03253836187462428,0.8504764120029309,0.03231399178032575,0.9861283600145903,0.0019143241335404537,0.6600876181692414,0.09736938284572187,0.99375,0.0024811791551599457,0.6221,0.08482143007518794,0.2,0.0,0.19999573321955252,9.540811125630343e-06,0.9999733333333334,5.962847939997696e-05,7500.0,0.0,736205.1353697837,158684.93116664747,348761621867.74164,51400058939.42561,11414139.562302968,342360.14474982495,-0.0006949999999999992,0.003925652811953702,-0.03853448974629166,0.03926198950442578,,,0.0061113621389897645,0.027101945221866316
cicids_recal,0.1,a1,loss,xgboost,fixed,1.5,0.5,1.0,auto_malicious,accumulate,fixed_ratio,-1.0,-1.0,,5,0.0030099999999999997,0.0031419838478260833,0.7147118424252249,0.08928165627353044,0.9876702073490866,0.011972967241316189,0.826300054307054,0.057723789428651515,0.9826077105455134,0.0013445215332023243,0.6239335946506802,0.12346356541587347,0.99415,0.0019732587260671225,0.5337,0.14136902065162646,0.5,0.0,0.49999833330555504,3.726842076548745e-06,0.9999933333333333,1.4907119849987646e-05,30000.0,0.0,2774338.682791662,280959.5641101734,1417698133748.128,115056440679.49184,45716095.170538776,813001.0981836162,-0.00375,0.004444624562322446,-0.0797762827267569,0.06638961298965605,,,0.0061113621389897645,0.027101945221866316
cicids_recal,0.1,a1,loss,xgboost,recalibrated,0.0,0.05,1.0,auto_malicious,accumulate,fixed_ratio,-1.0,-1.0,,5,0.00963,0.0006117086724904267,0.8314663208235389,0.015623552130414907,0.963822840993408,0.0018825778401084542,0.8926962420019555,0.008693420843829104,0.9217337543568128,0.003550939585135753,0.7970947659672585,0.018756039780120148,0.99565,0.0005755432216610632,0.70455,0.032976032963350846,0.050001583330694446,0.0,0.02043265212361572,0.0011607464056636152,0.3963267891070298,0.02297186774851705,1579.0,0.0,29510.0,4075.350353037147,16468649.2,5254777.720617086,28307.0940114,1265.778634492983,0.0015849999999999996,0.0020484445318338495,0.020393936937667202,0.029935585023620478,,,0.0013768771972570868,0.020048535258507114
cicids_recal,0.1,a1,loss,xgboost,recalibrated,0.0,0.1,1.0,auto_malicious,accumulate,fixed_ratio,-1.0,-1.0,,5,0.00996,4.1833001326704165e-05,0.810958904109589,0.010196504539140026,0.9616990978802564,0.0005382417112659813,0.8798946023912361,0.006202213696742974,0.885750904595931,0.007719968305476386,0.7639382061332719,0.0056840147470580684,0.99545,0.0004107919181289062,0.67745,0.0317295209544676,0.0999909999099991,0.0,0.06906244491059427,0.0008766390219564425,0.6677467746774678,0.009101844202420769,3333.0,0.0,61792.8,4634.075064130921,33370635.6,6164406.520400588,58213.56745740001,1510.2799995067382,0.001915,0.001568099964925706,-0.00011347977628271,0.01897015696427,,,0.0013768771972570868,0.020048535258507114
cicids_recal,0.1,a1,loss,xgboost,recalibrated,0.0,0.2,1.0,auto_malicious,accumulate,fixed_ratio,-1.0,-1.0,,5,0.009955,6.224949798994417e-05,0.7575261408770365,0.04978082130303024,0.9590001028265975,0.0026530653924764338,0.8457727847481307,0.032298191476549123,0.8520113749290751,0.02173244182094029,0.741849204519253,0.010411130501527465,0.9951000000000001,0.00033541019662496876,0.5369499999999999,0.15514160869992288,0.2,0.0,0.19766344939177466,0.00038395841841356714,0.98544,0.00238588441556683,7500.0,0.0,149313.4,12688.47017177406,84889593.6,15012718.485969665,131937.0163472,526.3872013475903,0.0019099999999999998,0.0015395413277986404,-0.05354624300883519,0.03909811116294785,,,0.0013768771972570868,0.020048535258507114
cicids_recal,0.1,a1,loss,xgboost,recalibrated,0.0,0.5,1.0,auto_malicious,accumulate,fixed_ratio,-1.0,-1.0,,5,0.009835,0.00016918924315688626,0.6036151414444355,0.06775438740196213,0.9494081917719879,0.0049318087888651765,0.7364334203932829,0.051347608906388,0.7262554340601443,0.062116054012312676,0.48904772884482367,0.0255511093884161,0.9932500000000001,0.001446979612848802,0.33819999999999995,0.20219725826528903,0.5,0.0,0.499993333166662,6.972382700274171e-06,0.9999733333333334,2.788866755111343e-05,30000.0,0.0,580076.0,11994.591677085145,321350703.6,16471987.633616712,534067.1535051999,6011.250187997705,0.00179,0.00155267913620297,-0.20745724244143632,0.05258473304077317,,,0.0013768771972570868,0.020048535258507114
cicids_recal,0.1,a1,loss,xgboost,recalibrated,1.5,0.2,1.0,auto_malicious,accumulate,fixed_ratio,-1.0,-1.0,,5,0.008924999999999999,0.0007866066361276139,0.80392315798006,0.014272475276555995,0.965219534998449,0.0035109702501422966,0.8771820808524542,0.009858925126571159,0.9861283600145903,0.0019143241335404537,0.7312427945584505,0.011705583431068266,0.99545,0.00032596012026013765,0.6912,0.04645542218083913,0.2,0.0,0.19999573321955252,9.540811125630343e-06,0.9999733333333334,5.962847939997696e-05,7500.0,0.0,736205.1353697837,158684.93116664747,348761621867.74164,51400058939.42561,11414139.562302968,342360.14474982495,0.00088,0.002175531544243843,-0.007149225905811796,0.01209670582317706,,,0.0013768771972570868,0.020048535258507114
cicids_recal,0.1,a1,loss,xgboost,recalibrated,1.5,0.5,1.0,auto_malicious,accumulate,fixed_ratio,-1.0,-1.0,,5,0.009315,0.0005418717560456541,0.8165194131474427,0.01995604156587603,0.9642947996818642,0.002607689920475645,0.8841888192465535,0.012590937219371596,0.9826077105455134,0.0013445215332023243,0.7484897394512335,0.017735782431054985,0.99535,0.0003354101966249883,0.7114499999999999,0.0514925358668613,0.5,0.0,0.49999833330555504,3.726842076548745e-06,0.9999933333333333,1.4907119849987646e-05,30000.0,0.0,2774338.682791662,280959.5641101734,1417698133748.128,115056440679.49184,45716095.170538776,813001.0981836162,0.0012699999999999994,0.0020769870004407835,0.005447029261570924,0.002425893452733662,,,0.0013768771972570868,0.020048535258507114
cicids_recal,0.1,a1,none,rf,fixed,0.0,0.005,1.0,auto_malicious,accumulate,fixed_ratio,-1.0,-1.0,,5,0.006520000000000001,0.0042631194564543935,0.7873713220393936,0.04157067257716637,0.9743754692018308,0.015120862617955337,0.8702708325167423,0.0236960629927312,0.9506390109021643,0.013130536348763367,0.7976942587041733,0.010402190289430421,0.99475,0.0003535533905932283,0.5688000000000001,0.12023848697484513,0.005008125766972903,0.0,0.005008125766972903,0.0,1.0,0.0,151.0,0.0,2554.8,353.0838427342718,1138698.0,313722.524187378,2698.3512782,579.228181638646,-0.002055,0.003242028685869389,-0.016389721974548088,0.047793262085426905,0.010602133547744839,0.0017507027543012625,0.004455567172261081,0.028993815004525726
cicids_recal,0.1,a1,none,rf,fixed,0.0,0.01,1.0,auto_malicious,accumulate,fixed_ratio,-1.0,-1.0,,5,0.006895,0.0032191031359681535,0.8143146632082354,0.02164945374933511,0.9732064662951482,0.012713245400017876,0.886638000438061,0.017167648408705202,0.9518949694009888,0.018116489917571404,0.7974636845745907,0.011137709043106505,0.99495,0.0004472135954999885,0.65195,0.063120767184818,0.00999900999901,0.0,0.00999900999901,0.0,1.0,0.0,303.0,0.0,6627.6,3372.8405387744024,4401951.4,4210816.563319138,5356.370484000001,528.1902873044207,-0.0016799999999999999,0.004981729117485212,0.010553619194293628,0.01702962653366931,0.010494820840572353,0.0015766567866756492,0.004455567172261081,0.028993815004525726
cicids_recal,0.1,a1,none,rf,fixed,0.0,0.02,1.0,auto_malicious,accumulate,fixed_ratio,-1.0,-1.0,,5,0.011515000000000001,0.0024514409028161374,0.8243981519007862,0.01285227417945998,0.9567440989927676,0.008613231694119169,0.8855939115107534,0.008118763745258734,0.9433947381859447,0.015524230185485231,0.7944201060640996,0.009881924084651236,0.9945999999999999,0.0009453835200594884,0.6867,0.04570913475444487,0.0199921599372795,0.0,0.0199921599372795,0.0,1.0,0.0,612.0,0.0,11988.0,2716.487805972999,7140254.0,3694386.577159529,10762.414079400001,708.0651730377367,0.00294,0.00406607919253917,0.020637107886844475,0.025412017031937777,0.010353908058669573,0.0011912963121897856,0.004455567172261081,0.028993815004525726
cicids_recal,0.1,a1,none,rf,fixed,0.0,0.05,1.0,auto_malicious,accumulate,fixed_ratio,-1.0,-1.0,,5,0.017265,0.006360635777970627,0.8210423928021399,0.01753618700931857,0.9366440711843861,0.022200078537957982,0.8748379526208483,0.012709592103278126,0.9311296536840399,0.011992464258453864,0.7990777034816694,0.0321692642804472,0.9949,0.0006982120021884411,0.671,0.03452490043432423,0.050001583330694446,0.0,0.050001583330694446,0.0,1.0,0.0,1579.0,0.0,29510.0,4075.350353037147,16468649.2,5254777.720617086,28307.0940114,1265.778634492983,0.00869,0.0059154089038713125,0.017281348788198113,0.021917214672581904,0.010431682190518916,0.0002744500307690419,0.004455567172261081,0.028993815004525726
cicids_recal,0.1,a1,none,rf,fixed,0.0,0.1,1.0,auto_malicious,accumulate,fixed_ratio,-1.0,-1.0,,5,0.03341,0.008849869349318102,0.8219988652022371,0.01936600438603152,0.8845398705107849,0.024980087727973457,0.8516953937762096,0.005893510219861078,0.9137178163248765,0.001999882402370114,0.8152640073783722,0.03305881459474811,0.99495,0.0007373940601876246,0.65635,0.04986531860922979,0.0999909999099991,0.0,0.0999909999099991,0.0,1.0,0.0,3333.0,0.0,61792.8,4634.075064130921,33370635.6,6164406.520400588,58213.56745740001,1510.2799995067382,0.024835000000000003,0.004924860404112994,0.018237821188295377,0.02632642963287402,0.010522984119221288,0.0002878980498117887,0.004455567172261081,0.028993815004525726
cicids_recal,0.1,a1,none,rf,fixed,0.0,0.2,1.0,auto_malicious,accumulate,fixed_ratio,-1.0,-1.0,,5,0.345465,0.14314962080809016,0.839928669854908,0.024744587444875385,0.4485430339698664,0.10610692774120947,0.578506406866491,0.0885419996354075,0.8651578943422227,0.014445440634812179,0.8450080700945353,0.016366216036723398,0.9954000000000001,0.00013693063937634192,0.67895,0.07683004783286286,0.2,0.0,0.2,0.0,1.0,0.0,7500.0,0.0,149313.4,12688.47017177406,84889593.6,15012718.485969665,131937.0163472,526.3872013475903,0.33689,0.13948994990679436,0.03616762584096624,0.015959829737353503,0.011071405657643656,0.00034551968343434235,0.004455567172261081,0.028993815004525726
cicids_recal,0.1,a1,none,rf,fixed,0.0,0.5,1.0,auto_malicious,accumulate,fixed_ratio,-1.0,-1.0,,5,0.88864,0.027371167539949757,0.8923563264975277,0.04069383472940124,0.23640244570113125,0.002933948130890014,0.37372452004115503,0.007165329268180015,0.6884635302342547,0.011185629739276452,0.9392667742679273,0.017839793236366815,0.9976,0.0005184110338331804,0.73625,0.10814457915217021,0.5,0.0,0.5,0.0,1.0,0.0,30000.0,0.0,580076.0,11994.591677085145,321350703.6,16471987.633616712,534067.1535051999,6011.250187997705,0.8800650000000001,0.02355819655661267,0.08859528248358597,0.034134374629495194,0.010793520647202747,0.0012377923938563728,0.004455567172261081,0.028993815004525726
cicids_recal,0.1,a1,none,rf,fixed,0.01,0.01,1.0,auto_malicious,accumulate,fixed_ratio,-1.0,-1.0,,5,0.006465,0.002883498309345785,0.8183350895679663,0.01888187580673585,0.9751328027037907,0.010650993834764417,0.8897584446273383,0.011740774742968085,0.9666224775066873,0.008845480599144367,0.7906848051648605,0.015784142303931336,0.9949999999999999,0.00024999999999997247,0.67165,0.04504671186668341,0.00999900999901,0.0,0.00999900999901,0.0,1.0,0.0,303.0,0.0,6616.435412371318,3342.8881840015265,4418617.861672556,4211141.378332615,5343.785678181653,525.42761614486,-0.00211,0.004822525272095523,0.014574045554024506,0.03001765645958125,0.01428035207804062,0.0009875441560807624,0.004455567172261081,0.028993815004525726
cicids_recal,0.1,a1,none,rf,fixed,0.01,0.05,1.0,auto_malicious,accumulate,fixed_ratio,-1.0,-1.0,,5,0.009625,0.0015279684224485791,0.8098727405365972,0.010762676495738588,0.962960588482668,0.00540591696117132,0.8797524056651567,0.005058226668736635,0.9739360154413553,0.003354279680466843,0.7848282222734608,0.016528643395590556,0.9946999999999999,0.001095445115010325,0.6522,0.018874089382007304,0.050001583330694446,0.0,0.050001583330694446,0.0,1.0,0.0,1579.0,0.0,29510.271582257228,4069.7127796422674,16500166.78967851,5349382.086064038,28298.99428529139,1204.818788898185,0.0010500000000000002,0.004134912332807069,0.006111696522655441,0.029191015645596494,0.01394801833031802,0.0003100767128816751,0.004455567172261081,0.028993815004525726
cicids_recal,0.1,a1,none,rf,fixed,0.01,0.2,1.0,auto_malicious,accumulate,fixed_ratio,-1.0,-1.0,,5,0.012445,0.005066168423966973,0.809532301207749,0.028117976946617863,0.952339814894011,0.01973217413926478,0.8750980175098452,0.02438491401744964,0.9792674866255979,0.004746927780239278,0.7942356467604335,0.022696975269405437,0.99515,0.0008023403267940316,0.6405000000000001,0.06736004008312345,0.2,0.0,0.2,0.0,1.0,0.0,7500.0,0.0,149331.90360752348,12709.438015226477,84910438.75240807,15344473.783349944,132013.7673440763,582.1496107188284,0.0038699999999999997,0.007961850444463271,0.005771257193807266,0.015275682555142065,0.014381144035069316,0.0001896810596740979,0.004455567172261081,0.028993815004525726
cicids_recal,0.1,a1,none,rf,fixed,0.7,0.05,1.0,auto_malicious,accumulate,fixed_ratio,-1.0,-1.0,,5,0.012845,0.00798338900467715,0.7197373753748886,0.018431384810410727,0.9464234958489139,0.031241551423042812,0.8172570484984568,0.012291806409989527,0.9693144105130906,0.00963928668418207,0.6141572515563753,0.011389055028499469,0.99495,0.0003259601202601001,0.5589999999999999,0.054790224949346565,0.050001583330694446,0.0,0.050001583330694446,0.0,1.0,0.0,1579.0,0.0,43107.54854736723,5606.046610363742,249939311.96552357,46827859.37199379,746455.5967403963,105177.90791436499,0.00427,0.005028462737258775,-0.08402366863905322,0.023321081508584134,0.5599149552431368,0.0023256589969045537,0.004455567172261081,0.028993815004525726
cicids_recal,0.1,a1,none,rf,fixed,0.7,0.2,1.0,auto_malicious,accumulate,fixed_ratio,-1.0,-1.0,,5,0.019635,0.003331037751212076,0.7365972278511794,0.020749210281959005,0.9207394389583179,0.010793773405926164,0.8182046848838913,0.00978503582797074,0.9706681012401719,0.005171009866436464,0.6203366382291906,0.011257591501078388,0.9953,0.0004808846015417552,0.60395,0.05234184511459259,0.2,0.0,0.2,0.0,1.0,0.0,7500.0,0.0,211062.36363149591,20818.078295637693,1868287606.662712,805623499.2105016,3543560.684475253,88106.43388769333,0.01106,0.0012258415476724541,-0.06716381616276239,0.030720093979214862,0.5591151059912843,0.002375584700335965,0.004455567172261081,0.028993815004525726
cicids_recal,0.1,a1,none,rf,fixed,1.5,0.02,1.0,auto_malicious,accumulate,fixed_ratio,-1.0,-1.0,,5,0.01072,0.0018750333330370427,0.7666855799627138,0.04552353136706441,0.9566838621634732,0.006729111645638433,0.850606433641568,0.027917962395701466,0.9582951171273406,0.007811886170131253,0.7168549688724924,0.05631510556511193,0.99495,0.00044721359549991334,0.59245,0.08807017798324242,0.0199921599372795,0.0,0.0199921599372795,0.0,1.0,0.0,612.0,0.0,98940.07301470924,83445.30878316435,24474804854.277946,6410849409.020047,912139.8116799912,126571.27116439654,0.002145,0.00311535511619462,-0.03707546405122797,0.03330438994444757,,,0.004455567172261081,0.028993815004525726
cicids_recal,0.1,a1,none,rf,fixed,1.5,0.05,1.0,auto_malicious,accumulate,fixed_ratio,-1.0,-1.0,,5,0.007925,0.002791057147390573,0.7296263273080976,0.025710183851494015,0.9660553393056416,0.011344846400394543,0.8311474243561412,0.017668014307890813,0.9637506559536355,0.005996441579143715,0.6124971178233802,0.01448457065574974,0.9953,0.00027386127875264453,0.59095,0.0668294003414665,0.050001583330694446,0.0,0.050001583330694446,0.0,1.0,0.0,1579.0,0.0,158619.97526431072,30851.991871312915,80868122723.12476,10512015416.616175,2373981.765436852,133603.0697349258,-0.0006499999999999999,0.0035559369370111163,-0.07413471670584418,0.008299063455854027,,,0.004455567172261081,0.028993815004525726
cicids_recal,0.1,a1,none,rf,fixed,1.5,0.2,1.0,auto_malicious,accumulate,fixed_ratio,-1.0,-1.0,,5,0.013064999999999998,0.003030449636605103,0.7186674231985085,0.015910145779664497,0.9443868792104023,0.012753920109505422,0.816139338117676,0.012803970930189283,0.9629877046688822,0.004173917295001139,0.615079548074706,0.007843927202053905,0.99555,0.00037080992435478596,0.5541,0.044448565781136255,0.2,0.0,0.2,0.0,1.0,0.0,7500.0,0.0,736205.1353697837,158684.93116664747,348761621867.74164,51400058939.42561,11414139.562302968,342360.14474982495,0.004489999999999999,0.004364222439335556,-0.08509362081543322,0.02965558097835044,,,0.004455567172261081,0.028993815004525726
cicids_recal,0.1,a1,none,rf,fixed,1.5,0.5,1.0,auto_malicious,accumulate,fixed_ratio,-1.0,-1.0,,5,0.019095,0.007427175607187431,0.7320418254032586,0.012974486203279241,0.9225479481549886,0.028732985338676822,0.8162022330351648,0.016485300054542344,0.9756401943341169,0.00398880358429598,0.613004380908462,0.007606500399924918,0.9949,0.000858778201865896,0.59825,0.03978143411190701,0.5,0.0,0.5,0.0,1.0,0.0,30000.0,0.0,2774338.682791662,280959.5641101734,1417698133748.128,115056440679.49184,45716095.170538776,813001.0981836162,0.010519999999999998,0.005449925458205827,-0.07171921861068328,0.0366582569479028,,,0.004455567172261081,0.028993815004525726
cicids_recal,0.1,a1,none,rf,recalibrated,0.0,0.005,1.0,auto_malicious,accumulate,fixed_ratio,-1.0,-1.0,,5,0.009644999999999999,0.0002458403953787899,0.8385020669530681,0.021110372732747573,0.9640225349013299,0.0014864067373809905,0.8967889716657405,0.012740728804354133,0.9506390109021643,0.013130536348763367,0.8188609637998617,0.01776139325001276,0.99555,0.0004472135954999921,0.70275,0.04710327748681613,0.005008125766972903,0.0,0.005008125766972903,0.0,1.0,0.0,151.0,0.0,2554.8,353.0838427342718,1138698.0,313722.524187378,2698.3512782,579.228181638646,2.4999999999999327e-05,0.00033680483963268755,0.028856285969036242,0.033677737693256285,0.010602133547744839,0.0017507027543012625,0.0006087658978354054,0.030293837226850386
cicids_recal,0.1,a1,none,rf,recalibrated,0.0,0.01,1.0,auto_malicious,accumulate,fixed_ratio,-1.0,-1.0,,5,0.009665,0.0003223933932325537,0.8275593742400907,0.04526757104917659,0.9634219476018405,0.0025062207767970945,0.8898419343691168,0.027625293927900123,0.9518949694009888,0.018116489917571404,0.8152178925524556,0.023802018973891753,0.9955,0.0007500000000000254,0.673,0.11746262703515531,0.00999900999901,0.0,0.00999900999901,0.0,1.0,0.0,303.0,0.0,6627.6,3372.8405387744024,4401951.4,4210816.563319138,5356.370484000001,528.1902873044207,4.4999999999999556e-05,0.0006253499020548417,0.017913593256059034,0.033316441470061596,0.010494820840572353,0.0015766567866756492,0.0006087658978354054,0.030293837226850386
cicids_recal,0.1,a1,none,rf,recalibrated,0.0,0.02,1.0,auto_malicious,accumulate,fixed_ratio,-1.0,-1.0,,5,0.009915,6.754628043053161e-05,0.8088514225500527,0.023620525024329517,0.9617502552238986,0.0011304136231698918,0.8785613831078807,0.01443681405840017,0.9433947381859447,0.015524230185485231,0.7858427484436247,0.010257828149153244,0.9942,0.0007582875444051675,0.64845,0.07160032297413191,0.0199921599372795,0.0,0.0199921599372795,0.0,1.0,0.0,612.0,0.0,11988.0,2716.487805972999,7140254.0,3694386.577159529,10762.414079400001,708.0651730377367,0.0002949999999999998,0.0004277119357698592,-0.000794358433979081,0.03541213446040571,0.010353908058669573,0.0011912963121897856,0.0006087658978354054,0.030293837226850386
cicids_recal,0.1,a1,none,rf,recalibrated,0.0,0.05,1.0,auto_malicious,accumulate,fixed_ratio,-1.0,-1.0,,5,0.009755,0.00027522717889045726,0.77610440139418,0.05015152819031465,0.960766985547951,0.0015790449626399317,0.8579394625025527,0.03149740074506692,0.9311296536840399,0.011992464258453864,0.7716854968872493,0.027747275808999067,0.99405,0.0007373940601876335,0.5629500000000001,0.13359446564135805,0.050001583330694446,0.0,0.050001583330694446,0.0,1.0,0.0,1579.0,0.0,29510.0,4075.350353037147,16468649.2,5254777.720617086,28307.0940114,1265.778634492983,0.0001349999999999997,0.0006859300255857009,-0.033541379589851636,0.05049874114414614,0.010431682190518916,0.0002744500307690419,0.0006087658978354054,0.030293837226850386
cicids_recal,0.1,a1,none,rf,recalibrated,0.0,0.1,1.0,auto_malicious,accumulate,fixed_ratio,-1.0,-1.0,,5,0.009965,5.184110338331928e-05,0.7494042311745157,0.025994065814268563,0.9586343933500151,0.0012961205102263772,0.8410190779941253,0.01693827089800344,0.9137178163248765,0.001999882402370114,0.7742679271385751,0.02427114455714973,0.9938,0.0007373940601875982,0.47805,0.05812255371196279,0.0999909999099991,0.0,0.0999909999099991,0.0,1.0,0.0,3333.0,0.0,61792.8,4634.075064130921,33370635.6,6164406.520400588,58213.56745740001,1510.2799995067382,0.0003449999999999995,0.00048198807039178895,-0.06024154980951606,0.03530259141427496,0.010522984119221288,0.0002878980498117887,0.0006087658978354054,0.030293837226850386
cicids_recal,0.1,a1,none,rf,recalibrated,0.0,0.2,1.0,auto_malicious,accumulate,fixed_ratio,-1.0,-1.0,,5,0.00999,2.2360679774997857e-05,0.6697576396206533,0.036117931127905886,0.9537751106650273,0.0022959085884170162,0.7865210841319575,0.02558526263824192,0.8651578943422227,0.014445440634812179,0.7515333179617247,0.027625436625527276,0.9925,0.001311011060212655,0.25834999999999997,0.10732043141918503,0.2,0.0,0.2,0.0,1.0,0.0,7500.0,0.0,149313.4,12688.47017177406,84889593.6,15012718.485969665,131937.0163472,526.3872013475903,0.00036999999999999983,0.0004751315607281842,-0.13988814136337843,0.015396069281344385,0.011071405657643656,0.00034551968343434235,0.0006087658978354054,0.030293837226850386
cicids_recal,0.1,a1,none,rf,recalibrated,0.0,0.5,1.0,auto_malicious,accumulate,fixed_ratio,-1.0,-1.0,,5,0.009995,1.1180339887499616e-05,0.5279727648536922,0.012910548019656945,0.9421453274295312,0.001356550928934087,0.6766509311236005,0.010984062549524384,0.6884635302342547,0.011185629739276452,0.5928522019829374,0.03853672555965691,0.98105,0.004075076686394991,0.00455,0.0064114156003179205,0.5,0.0,0.5,0.0,1.0,0.0,30000.0,0.0,580076.0,11994.591677085145,321350703.6,16471987.633616712,534067.1535051999,6011.250187997705,0.00037499999999999963,0.0004568916720624266,-0.2816730161303396,0.03800513778042381,0.010793520647202747,0.0012377923938563728,0.0006087658978354054,0.030293837226850386
cicids_recal,0.1,a1,none,rf,recalibrated,0.01,0.01,1.0,auto_malicious,accumulate,fixed_ratio,-1.0,-1.0,,5,0.0098,0.00021139418156609658,0.846883359001378,0.022455564067926315,0.9638230770034022,0.0010314910185229803,0.9014569610328728,0.013131231930825842,0.9666224775066873,0.008845480599144367,0.8228268388286833,0.035997119093336444,0.9957499999999999,0.0007705517503711438,0.7241,0.03293487892796937,0.00999900999901,0.0,0.00999900999901,0.0,1.0,0.0,303.0,0.0,6616.435412371318,3342.8881840015265,4418617.861672556,4211141.378332615,5343.785678181653,525.42761614486,0.00017999999999999925,0.0003894707947972483,0.037237578017346194,0.031864550609138356,0.01428035207804062,0.0009875441560807624,0.0006087658978354054,0.030293837226850386
cicids_recal,0.1,a1,none,rf,recalibrated,0.01,0.05,1.0,auto_malicious,accumulate,fixed_ratio,-1.0,-1.0,,5,0.009925,0.00010307764064044154,0.8053821836751236,0.021417687722725526,0.9615552917572974,0.0012387452107254248,0.8764535330113068,0.01333696309518962,0.9739360154413553,0.003354279680466843,0.786396126354623,0.019880651806352276,0.9945499999999999,0.0013038404810405224,0.6368,0.048333283045950866,0.050001583330694446,0.0,0.050001583330694446,0.0,1.0,0.0,1579.0,0.0,29510.271582257228,4069.7127796422674,16500166.78967851,5349382.086064038,28298.99428529139,1204.818788898185,0.0003049999999999997,0.0005269013190342196,-0.004263597308908152,0.03724304199341185,0.01394801833031802,0.0003100767128816751,0.0006087658978354054,0.030293837226850386
cicids_recal,0.1,a1,none,rf,recalibrated,0.01,0.2,1.0,auto_malicious,accumulate,fixed_ratio,-1.0,-1.0,,5,0.009845,0.00011911129249571556,0.7562292291480912,0.09390918681647137,0.9589839863017808,0.00546108743942626,0.8432468560938728,0.0615765336427109,0.9792674866255979,0.004746927780239278,0.7811390362001382,0.03608260440112279,0.99465,0.0013986600730698968,0.49079999999999996,0.25709734294620784,0.2,0.0,0.2,0.0,1.0,0.0,7500.0,0.0,149331.90360752348,12709.438015226477,84910438.75240807,15344473.783349944,132013.7673440763,582.1496107188284,0.0002249999999999995,0.0005329751401331959,-0.05341655183594061,0.07927795621699643,0.014381144035069316,0.0001896810596740979,0.0006087658978354054,0.030293837226850386
cicids_recal,0.1,a1,none,rf,recalibrated,0.7,0.05,1.0,auto_malicious,accumulate,fixed_ratio,-1.0,-1.0,,5,0.009850000000000001,8.66025403784435e-05,0.7243414120126449,0.021500309368687298,0.9577463794511243,0.0011639551334908776,0.8247200641514318,0.014224341218576471,0.9693144105130906,0.00963928668418207,0.620705556836523,0.022837317066016834,0.9948,0.0003708099243547837,0.5662499999999999,0.046729607851981804,0.050001583330694446,0.0,0.050001583330694446,0.0,1.0,0.0,1579.0,0.0,43107.54854736723,5606.046610363742,249939311.96552357,46827859.37199379,746455.5967403963,105177.90791436499,0.00022999999999999965,0.0005191338940966965,-0.08530436897138685,0.025496744274171153,0.5599149552431368,0.0023256589969045537,0.0006087658978354054,0.030293837226850386
cicids_recal,0.1,a1,none,rf,recalibrated,0.7,0.2,1.0,auto_malicious,accumulate,fixed_ratio,-1.0,-1.0,,5,0.009054999999999999,0.0011596605106668067,0.7006565615627787,0.022741648557436288,0.9596772877714381,0.005907405932601076,0.8098462716690957,0.0170635293322716,0.9706681012401719,0.005171009866436464,0.594973483975098,0.010721820989462895,0.9943,0.0005968668193156096,0.5216,0.0609222352675934,0.2,0.0,0.2,0.0,1.0,0.0,7500.0,0.0,211062.36363149591,20818.078295637693,1868287606.662712,805623499.2105016,3543560.684475253,88106.43388769333,-0.0005650000000000006,0.0014586594873376036,-0.1089892194212531,0.03841158636757059,0.5591151059912843,0.002375584700335965,0.0006087658978354054,0.030293837226850386
cicids_recal,0.1,a1,none,rf,recalibrated,1.5,0.02,1.0,auto_malicious,accumulate,fixed_ratio,-1.0,-1.0,,5,0.00959,0.0005658511288316031,0.7645456756099538,0.042914272218227315,0.9607998489162567,0.0035891047274038117,0.8510358887713556,0.02779001453760776,0.9582951171273406,0.007811886170131253,0.7101222042886788,0.0562972601410113,0.9948499999999999,0.0003354101966249426,0.59325,0.07684948763654832,0.0199921599372795,0.0,0.0199921599372795,0.0,1.0,0.0,612.0,0.0,98940.07301470924,83445.30878316435,24474804854.277946,6410849409.020047,912139.8116799912,126571.27116439654,-3.0000000000000512e-05,0.0008837774041012815,-0.04510010537407796,0.042291577037484464,,,0.0006087658978354054,0.030293837226850386
cicids_recal,0.1,a1,none,rf,recalibrated,1.5,0.05,1.0,auto_malicious,accumulate,fixed_ratio,-1.0,-1.0,,5,0.00988,0.00015949137907736533,0.7459836264894221,0.034161811459974954,0.9587741867962931,0.001591511736188714,0.838775909165833,0.022127172800912566,0.9637506559536355,0.005996441579143715,0.6439013142725386,0.0408180035626551,0.9953,0.0005419870847169328,0.6073500000000001,0.07654790166947753,0.050001583330694446,0.0,0.050001583330694446,0.0,1.0,0.0,1579.0,0.0,158619.97526431072,30851.991871312915,80868122723.12476,10512015416.616175,2373981.765436852,133603.0697349258,0.0002599999999999998,0.00045846210312303943,-0.0636621544946097,0.02405116540111789,,,0.0006087658978354054,0.030293837226850386
cicids_recal,0.1,a1,none,rf,recalibrated,1.5,0.2,1.0,auto_malicious,accumulate,fixed_ratio,-1.0,-1.0,,5,0.009885000000000001,0.00013647344063956115,0.7063467617735268,0.021909793983425723,0.9565555259295305,0.0017350619053327222,0.8124926789715227,0.015012063411659933,0.9629877046688822,0.004173917295001139,0.5956190915379295,0.026046917559005497,0.99515,0.0003791437722025889,0.5376,0.043579883547343254,0.2,0.0,0.2,0.0,1.0,0.0,7500.0,0.0,736205.1353697837,158684.93116664747,348761621867.74164,51400058939.42561,11414139.562302968,342360.14474982495,0.00026499999999999994,0.0005079370039680118,-0.10329901921050495,0.03834023574282481,,,0.0006087658978354054,0.030293837226850386
cicids_recal,0.1,a1,none,rf,recalibrated,1.5,0.5,1.0,auto_malicious,accumulate,fixed_ratio,-1.0,-1.0,,5,0.009925,9.842509842514749e-05,0.7143065575099294,0.018188724635460733,0.9568678799733343,0.0012977293083524708,0.8178902300134858,0.012413507884797266,0.9756401943341169,0.00398880358429598,0.6026285450772424,0.0038499666063623434,0.9945,0.0008291561975888301,0.5551999999999999,0.055185879081518646,0.5,0.0,0.5,0.0,1.0,0.0,30000.0,0.0,2774338.682791662,280959.5641101734,1417698133748.128,115056440679.49184,45716095.170538776,813001.0981836162,0.0003049999999999997,0.0005277902045320661,-0.09533922347410226,0.030677064442320462,,,0.0006087658978354054,0.030293837226850386
cicids_recal,0.1,a1,none,xgboost,fixed,0.0,0.005,1.0,auto_malicious,accumulate,fixed_ratio,-1.0,-1.0,,5,0.00824,0.007702446851488168,0.7994001783253627,0.035305522555969526,0.969032023790868,0.028007043547741164,0.8752740550203237,0.01519956229019463,0.9546722120450676,0.008824626704713824,0.7761586350011529,0.05572538346354538,0.99475,0.0009999999999999929,0.6292500000000001,0.06667481721009813,0.005008125766972903,0.0,0.005008125766972903,0.0,1.0,0.0,151.0,0.0,2554.8,353.0838427342718,1138698.0,313722.524187378,2698.3512782,579.228181638646,0.00148,0.0021661746236164795,0.004912053173380881,0.015204462241256664,0.010602133547744839,0.0017507027543012625,0.0061113621389897645,0.027101945221866316
cicids_recal,0.1,a1,none,xgboost,fixed,0.0,0.01,1.0,auto_malicious,accumulate,fixed_ratio,-1.0,-1.0,,5,0.004675,0.003150198406449981,0.8001621139661182,0.05094876631095726,0.9820124746738982,0.011331325386107179,0.8808502857481247,0.02742618883367357,0.9419095525654535,0.01466040555594973,0.7681807701175928,0.05198477711466416,0.9948499999999999,0.0010694624818103904,0.64015,0.10540377720935805,0.00999900999901,0.0,0.00999900999901,0.0,1.0,0.0,303.0,0.0,6627.6,3372.8405387744024,4401951.4,4210816.563319138,5356.370484000001,528.1902873044207,-0.0020849999999999996,0.0047989451966031025,0.0056739888141363656,0.032362197164397595,0.010494820840572353,0.0015766567866756492,0.0061113621389897645,0.027101945221866316
cicids_recal,0.1,a1,none,xgboost,fixed,0.0,0.02,1.0,auto_malicious,accumulate,fixed_ratio,-1.0,-1.0,,5,0.004704999999999999,0.002423607847816969,0.7878252411445246,0.045806254264275696,0.9814336069572235,0.00892808626024032,0.8732727267755351,0.0253849113036314,0.9316295932965876,0.01914952928194964,0.754161863038967,0.042584925692448115,0.9948499999999999,0.0008587782018658968,0.6173,0.097649468764556,0.0199921599372795,0.0,0.0199921599372795,0.0,1.0,0.0,612.0,0.0,11988.0,2716.487805972999,7140254.0,3694386.577159529,10762.414079400001,708.0651730377367,-0.002055,0.005977258987194715,-0.006662884007457226,0.02541381387928779,0.010353908058669573,0.0011912963121897856,0.0061113621389897645,0.027101945221866316
cicids_recal,0.1,a1,none,xgboost,fixed,0.0,0.05,1.0,auto_malicious,accumulate,fixed_ratio,-1.0,-1.0,,5,0.011855000000000001,0.01274901221663859,0.7739807084380319,0.05671821862985068,0.9557130742360153,0.042835790896796,0.8534190114354081,0.030646923855213278,0.9063340613601362,0.009882454565588955,0.73829836292368,0.04403332052360905,0.99475,0.001198957880828168,0.5919000000000001,0.12831462796579354,0.050001583330694446,0.0,0.050001583330694446,0.0,1.0,0.0,1579.0,0.0,29510.0,4075.350353037147,16468649.2,5254777.720617086,28307.0940114,1265.778634492983,0.005095000000000001,0.00676256700521333,-0.02050741671394989,0.039694548905829276,0.010431682190518916,0.0002744500307690419,0.0061113621389897645,0.027101945221866316
cicids_recal,0.1,a1,none,xgboost,fixed,0.0,0.1,1.0,auto_malicious,accumulate,fixed_ratio,-1.0,-1.0,,5,0.021185000000000002,0.029378205144290216,0.7294317905487558,0.09290182312977455,0.9282874987746972,0.08575315867911447,0.8099028259911695,0.04016066197620863,0.8849101428629327,0.014356744282084064,0.726170163707632,0.07054939156133407,0.9947000000000001,0.0023412069536885957,0.46769999999999995,0.21595047175220525,0.0999909999099991,0.0,0.0999909999099991,0.0,1.0,0.0,3333.0,0.0,61792.8,4634.075064130921,33370635.6,6164406.520400588,58213.56745740001,1510.2799995067382,0.014424999999999999,0.022747204498575202,-0.06505633460322606,0.0710149984773079,0.010522984119221288,0.0002878980498117887,0.0061113621389897645,0.027101945221866316
cicids_recal,0.1,a1,none,xgboost,fixed,0.0,0.2,1.0,auto_malicious,accumulate,fixed_ratio,-1.0,-1.0,,5,0.28559999999999997,0.3815393545396071,0.752225014184972,0.13852797766938135,0.6916230860356956,0.3743146029433891,0.639866930327894,0.1943343712880413,0.8460956683148254,0.033251738576627554,0.72114364768273,0.1691976309211217,0.9952500000000001,0.0026279745052036046,0.5429,0.2848196029945973,0.2,0.0,0.2,0.0,1.0,0.0,7500.0,0.0,149313.4,12688.47017177406,84889593.6,15012718.485969665,131937.0163472,526.3872013475903,0.27884,0.3742989846032179,-0.04226311096700983,0.11336603106856542,0.011071405657643656,0.00034551968343434235,0.0061113621389897645,0.027101945221866316
cicids_recal,0.1,a1,none,xgboost,fixed,0.0,0.5,1.0,auto_malicious,accumulate,fixed_ratio,-1.0,-1.0,,5,0.56966,0.46366273727516644,0.8113479776282727,0.19496842896306657,0.4543662917152769,0.30332318540582304,0.5008213124107549,0.158900556906433,0.72812418618789,0.06064870446969578,0.7909153792944432,0.2485966819106324,0.99655,0.0023278208693969806,0.6483000000000001,0.34891946599466184,0.5,0.0,0.5,0.0,1.0,0.0,30000.0,0.0,580076.0,11994.591677085145,321350703.6,16471987.633616712,534067.1535051999,6011.250187997705,0.5629000000000001,0.4573475083976079,0.01685985247629085,0.17269431355521686,0.010793520647202747,0.0012377923938563728,0.0061113621389897645,0.027101945221866316
cicids_recal,0.1,a1,none,xgboost,fixed,0.0,0.5,2.0,auto_malicious,accumulate,fixed_ratio,-1.0,-1.0,,5,0.02758,0.02700379255771308,0.6532544378698224,0.09919742856882335,0.8955103544999238,0.08060734390144292,0.7469898854032373,0.033541253080312,0.9577307613277133,0.0023469555928503933,0.7056951810006917,0.08454851825751913,0.9948499999999999,0.0008587782018659052,0.2548,0.2340281366630944,0.5,0.0,0.5,0.0,1.0,0.0,30000.0,0.0,1160152.0,23989.18335417029,642701407.2,32943975.267233424,1068134.3070103999,12022.50037599541,0.020819999999999998,0.01982548391590985,-0.14123368728215935,0.07193780075228932,0.13518458581824647,0.0012671985898982815,0.0061113621389897645,0.027101945221866316
cicids_recal,0.1,a1,none,xgboost,fixed,0.0,0.5,8.0,auto_malicious,accumulate,fixed_ratio,-1.0,-1.0,,5,0.00422,0.001877448401421461,0.8032422793223637,0.025655693983587708,0.9834262231410946,0.006900830321492799,0.884000231603793,0.013569484390784163,0.986430434870714,0.0014024967160287192,0.7230804703712244,0.03530684005169701,0.99375,0.002069118169655893,0.69965,0.05374872091501341,0.5,0.0,0.5,0.0,1.0,0.0,30000.0,0.0,4640608.0,95956.73341668116,2570805628.8,131775901.0689337,4272537.2280415995,48090.00150398164,-0.0025399999999999997,0.005802547931727923,0.008754154170381789,0.026835737992461695,0.33060290999597,0.0032484196203360696,0.0061113621389897645,0.027101945221866316
cicids_recal,0.1,a1,none,xgboost,fixed,0.0,0.5,32.0,auto_malicious,accumulate,fixed_ratio,-1.0,-1.0,,5,0.0021750000000000003,0.0024881594603240365,0.7966280295047419,0.03305624616979141,0.991433299540397,0.009564157289529189,0.8830357905818657,0.019643877818487067,0.9868878098403178,0.0019839700857475335,0.754069633387134,0.03466618969121092,0.9941000000000001,0.0016450683876362009,0.6453,0.0757333727626071,0.5,0.0,0.5,0.0,1.0,0.0,30000.0,0.0,18562432.0,383826.93366672465,10283222515.2,527103604.2757348,17090148.912166398,192360.00601592657,-0.0045850000000000005,0.00539217024953775,0.0021399043527600137,0.028067763873794796,0.5321959454112426,0.0025161463209077885,0.0061113621389897645,0.027101945221866316
cicids_recal,0.1,a1,none,xgboost,fixed,0.0,0.8,1.0,auto_malicious,accumulate,fixed_ratio,-1.0,-1.0,,5,0.9296099999999999,0.06366088035442173,0.9008348869255087,0.1409717336653617,0.22893524940393176,0.01673194149035663,0.3647177815344006,0.03318028265753015,0.5515270087946826,0.02865387154593189,0.9478441318884021,0.0833432829053373,0.9987999999999999,0.0012673791855636895,0.7519,0.34690608419282587,0.8,0.0,0.8,0.0,1.0,0.0,120000.0,0.0,2306245.0,29657.35538614328,1267849127.8,33116200.66757191,2130353.7540292,17170.425445728273,0.9228500000000001,0.05838785458038336,0.1063467617735268,0.122190101835864,,,0.0061113621389897645,0.027101945221866316
cicids_recal,0.1,a1,none,xgboost,fixed,0.0,0.9,1.0,auto_malicious,accumulate,fixed_ratio,-1.0,-1.0,,5,0.971705,0.005181861393360472,0.9860906217070602,0.01881243345649745,0.23836354876866256,0.0026043235100719525,0.3839195713733373,0.0047958643011476116,0.4357946080894869,0.010976486910847679,0.9812773806778878,0.02488673645204147,0.9994500000000001,0.0007582875444051534,0.9779499999999999,0.0303172805508674,0.9,0.0,0.9,0.0,1.0,0.0,270000.0,0.0,5178989.0,18518.190597355802,2839830487.0,17559980.351961285,4779333.086744,5531.254257868836,0.9649449999999999,0.00510497306555087,0.19160249655507822,0.01841754858367512,,,0.0061113621389897645,0.027101945221866316
cicids_recal,0.1,a1,none,xgboost,fixed,0.01,0.01,1.0,auto_malicious,accumulate,fixed_ratio,-1.0,-1.0,,5,0.008145,0.007041293382610896,0.7722460890005675,0.07196884242166482,0.969177129210378,0.024428260274565204,0.8572378979222475,0.035210659581730135,0.9849594715084704,0.0007317663464901245,0.7756974867419876,0.059075458891398015,0.9954000000000001,0.0006519202405202747,0.54535,0.15984236375254213,0.00999900999901,0.0,0.00999900999901,0.0,1.0,0.0,303.0,0.0,6616.435412371318,3342.8881840015265,4418617.861672556,4211141.378332615,5343.785678181653,525.42761614486,0.0013850000000000002,0.0019122630572178088,-0.022242036151414447,0.04832143907909218,0.01428035207804062,0.0009875441560807624,0.0061113621389897645,0.027101945221866316
cicids_recal,0.1,a1,none,xgboost,fixed,0.01,0.05,1.0,auto_malicious,accumulate,fixed_ratio,-1.0,-1.0,,5,0.004370000000000001,0.0010081542540702787,0.7709816000648456,0.03826145470868435,0.9820852503881472,0.003325116288333848,0.8633477126538673,0.022889299178358063,0.9864832262705683,0.0011031779730656995,0.7599723311044502,0.042429085784005706,0.9945999999999999,0.0007623975340988465,0.5593,0.07794156464942183,0.050001583330694446,0.0,0.050001583330694446,0.0,1.0,0.0,1579.0,0.0,29510.271582257228,4069.7127796422674,16500166.78967851,5349382.086064038,28298.99428529139,1204.818788898185,-0.0023899999999999998,0.006692803971430807,-0.023506525087136222,0.017960936193930844,0.01394801833031802,0.0003100767128816751,0.0061113621389897645,0.027101945221866316
cicids_recal,0.1,a1,none,xgboost,fixed,0.01,0.2,1.0,auto_malicious,accumulate,fixed_ratio,-1.0,-1.0,,5,0.00352,0.0035258155085029622,0.773089081624382,0.05870100039711677,0.9862556348692533,0.012851800897556458,0.8654614461377932,0.032593545684541585,0.9894870199400179,0.0013274934468615759,0.7080009222965182,0.08467763884259369,0.99375,0.0015712256362471122,0.623,0.10656849323322531,0.2,0.0,0.2,0.0,1.0,0.0,7500.0,0.0,149331.90360752348,12709.438015226477,84910438.75240807,15344473.783349944,132013.7673440763,582.1496107188284,-0.00324,0.004327369293231165,-0.021399043527599915,0.0378328638408526,0.014381144035069316,0.0001896810596740979,0.0061113621389897645,0.027101945221866316
cicids_recal,0.1,a1,none,xgboost,fixed,0.7,0.05,1.0,auto_malicious,accumulate,fixed_ratio,-1.0,-1.0,,5,0.00397,0.003414555241901938,0.7691010780578746,0.06112133505224599,0.9843621152907867,0.013172530531473907,0.8621038737582527,0.03513074174512843,0.9863451422550054,0.0010982381895610538,0.7353008992391054,0.051150572390090306,0.9939500000000001,0.0023940029239748733,0.5809,0.13270580714497768,0.050001583330694446,0.0,0.050001583330694446,0.0,1.0,0.0,1579.0,0.0,43107.54854736723,5606.046610363742,249939311.96552357,46827859.37199379,746455.5967403963,105177.90791436499,-0.00279,0.004451846527004272,-0.025387047094107152,0.04859872798627578,0.5599149552431368,0.0023256589969045537,0.0061113621389897645,0.027101945221866316
cicids_recal,0.1,a1,none,xgboost,fixed,0.7,0.2,1.0,auto_malicious,accumulate,fixed_ratio,-1.0,-1.0,,5,0.003725,0.002836811590500857,0.7635243576234092,0.07521521568478011,0.9852075223000526,0.01053906614189632,0.8583188375865859,0.04569612332140391,0.987512287022777,0.000879241086362787,0.6958266082545539,0.09717535680923153,0.9938499999999999,0.002625595170623223,0.6066,0.13595824267031403,0.2,0.0,0.2,0.0,1.0,0.0,7500.0,0.0,211062.36363149591,20818.078295637693,1868287606.662712,805623499.2105016,3543560.684475253,88106.43388769333,-0.003035,0.005077142404936068,-0.030963767528572595,0.05368105416345579,0.5591151059912843,0.002375584700335965,0.0061113621389897645,0.027101945221866316
cicids_recal,0.1,a1,none,xgboost,fixed,1.5,0.02,1.0,auto_malicious,accumulate,fixed_ratio,-1.0,-1.0,,5,0.005375,0.005589974284377344,0.792072627056821,0.038976838398829525,0.9794197123898515,0.020994286630111755,0.8750773476781836,0.019225503113734284,0.985305939653076,0.0008782786055052832,0.7593728383675351,0.042985103292887156,0.9946999999999999,0.0011096170510585957,0.6249,0.07709503064400455,0.0199921599372795,0.0,0.0199921599372795,0.0,1.0,0.0,612.0,0.0,98940.07301470924,83445.30878316435,24474804854.277946,6410849409.020047,912139.8116799912,126571.27116439654,-0.0013849999999999993,0.0052378013039824246,-0.002415498095160884,0.025034629978025236,,,0.0061113621389897645,0.027101945221866316
cicids_recal,0.1,a1,none,xgboost,fixed,1.5,0.05,1.0,auto_malicious,accumulate,fixed_ratio,-1.0,-1.0,,5,0.00611,0.00733206996693294,0.7945205479452054,0.038624524226921926,0.9769887166599934,0.027181897731836713,0.8754911686692539,0.01913145288606627,0.9875001513739159,0.0008248290176444914,0.7356698178464376,0.03755195428069754,0.9939500000000001,0.0029283100928692374,0.6589,0.07994150204993646,0.050001583330694446,0.0,0.050001583330694446,0.0,1.0,0.0,1579.0,0.0,158619.97526431072,30851.991871312915,80868122723.12476,10512015416.616175,2373981.765436852,133603.0697349258,-0.0006499999999999995,0.0033069056533260818,3.242279322366315e-05,0.027294884441533086,,,0.0061113621389897645,0.027101945221866316
cicids_recal,0.1,a1,none,xgboost,fixed,1.5,0.2,1.0,auto_malicious,accumulate,fixed_ratio,-1.0,-1.0,,5,0.00606,0.0090758023061325,0.7590500121585475,0.05493767012467948,0.9771011189566317,0.03256952659410636,0.852698799397624,0.027750179017397975,0.9862151009159439,0.001924072120681786,0.6632695411574822,0.0910295742209143,0.9936,0.0027703790354390604,0.62835,0.07529724430548572,0.2,0.0,0.2,0.0,1.0,0.0,7500.0,0.0,736205.1353697837,158684.93116664747,348761621867.74164,51400058939.42561,11414139.562302968,342360.14474982495,-0.0006999999999999993,0.00392376572950017,-0.0354381129934344,0.03282814818810154,,,0.0061113621389897645,0.027101945221866316
cicids_recal,0.1,a1,none,xgboost,fixed,1.5,0.5,1.0,auto_malicious,accumulate,fixed_ratio,-1.0,-1.0,,5,0.00244,0.00215294855953411,0.7127178406419713,0.08668828145624353,0.9897910224546212,0.00838061688550571,0.8259718358569241,0.05732547132002052,0.982564397341331,0.0013053463658630404,0.6210283606179388,0.11994228197944713,0.99415,0.0019732587260671225,0.5307000000000001,0.13724913478780107,0.5,0.0,0.5,0.0,1.0,0.0,30000.0,0.0,2774338.682791662,280959.5641101734,1417698133748.128,115056440679.49184,45716095.170538776,813001.0981836162,-0.004319999999999999,0.005477265513009205,-0.08177028451001053,0.06461610321983707,,,0.0061113621389897645,0.027101945221866316
cicids_recal,0.1,a1,none,xgboost,recalibrated,0.0,0.005,1.0,auto_malicious,accumulate,fixed_ratio,-1.0,-1.0,,5,0.00902,0.0014755719230183256,0.8307205965793953,0.03566661996392531,0.9661352083992867,0.004380030835122183,0.8929270807790066,0.019653508962535933,0.9546722120450676,0.008824626704713824,0.8134194143417108,0.02595183273695673,0.9957499999999999,0.0006614378277661482,0.68445,0.09193516737353562,0.005008125766972903,0.0,0.005008125766972903,0.0,1.0,0.0,151.0,0.0,2554.8,353.0838427342718,1138698.0,313722.524187378,2698.3512782,579.228181638646,0.0009749999999999998,0.001193078999899001,0.01964821269352355,0.03650501820713359,0.010602133547744839,0.0017507027543012625,0.0013768771972570868,0.020048535258507114
cicids_recal,0.1,a1,none,xgboost,recalibrated,0.0,0.01,1.0,auto_malicious,accumulate,fixed_ratio,-1.0,-1.0,,5,0.00931,0.0008356509438754912,0.8461214233606225,0.010483742358077124,0.9655395903713353,0.003253527552662752,0.9018756614633556,0.007036978692767588,0.9419095525654535,0.01466040555594973,0.8271616324648374,0.01943303605125453,0.9961,0.0003791437722025765,0.7167,0.018098169796971184,0.00999900999901,0.0,0.00999900999901,0.0,1.0,0.0,303.0,0.0,6627.6,3372.8405387744024,4401951.4,4210816.563319138,5356.370484000001,528.1902873044207,0.0012649999999999996,0.0014871953469534527,0.03504903947475076,0.018368538958896792,0.010494820840572353,0.0015766567866756492,0.0013768771972570868,0.020048535258507114
cicids_recal,0.1,a1,none,xgboost,recalibrated,0.0,0.02,1.0,auto_malicious,accumulate,fixed_ratio,-1.0,-1.0,,5,0.009240000000000002,0.0011563141874075574,0.8313366296506445,0.014429554582024228,0.9652527550926153,0.003993182183786319,0.8932366814657342,0.007755812420252713,0.9316295932965876,0.01914952928194964,0.7976942587041733,0.03572396241806832,0.99565,0.0006982120021884116,0.7035,0.007572565615430441,0.0199921599372795,0.0,0.0199921599372795,0.0,1.0,0.0,612.0,0.0,11988.0,2716.487805972999,7140254.0,3694386.577159529,10762.414079400001,708.0651730377367,0.001195,0.0018347683777523527,0.020264245764772683,0.010109888873788138,0.010353908058669573,0.0011912963121897856,0.0013768771972570868,0.020048535258507114
cicids_recal,0.1,a1,none,xgboost,recalibrated,0.0,0.05,1.0,auto_malicious,accumulate,fixed_ratio,-1.0,-1.0,,5,0.00996,6.274950199005604e-05,0.8124503525978763,0.014634141849131683,0.9617613310267483,0.0007836351502262447,0.8807712041555504,0.008917059294109263,0.9063340613601362,0.009882454565588955,0.7756974867419875,0.008417376957137828,0.99565,0.00013693063937627307,0.6691,0.041909351581717394,0.050001583330694446,0.0,0.050001583330694446,0.0,1.0,0.0,1579.0,0.0,29510.0,4075.350353037147,16468649.2,5254777.720617086,28307.0940114,1265.778634492983,0.0019149999999999994,0.001579220535580766,0.0013779687120045292,0.019105820411984904,0.010431682190518916,0.0002744500307690419,0.0013768771972570868,0.020048535258507114
cicids_recal,0.1,a1,none,xgboost,recalibrated,0.0,0.1,1.0,auto_malicious,accumulate,fixed_ratio,-1.0,-1.0,,5,0.009995,1.118033988749917e-05,0.8016535624544054,0.03797301220065727,0.9610786571626866,0.0018507645552947982,0.8737907069169536,0.02378054553091593,0.8849101428629327,0.014356744282084064,0.7720544154945814,0.008485315934600434,0.9954000000000001,0.0005477225575051321,0.64,0.12619813291011875,0.0999909999099991,0.0,0.0999909999099991,0.0,1.0,0.0,3333.0,0.0,61792.8,4634.075064130921,33370635.6,6164406.520400588,58213.56745740001,1510.2799995067382,0.0019499999999999997,0.00158113883008419,-0.009418821431466306,0.04032995873665281,0.010522984119221288,0.0002878980498117887,0.0013768771972570868,0.020048535258507114
cicids_recal,0.1,a1,none,xgboost,recalibrated,0.0,0.2,1.0,auto_malicious,accumulate,fixed_ratio,-1.0,-1.0,,5,0.00976,0.000522792980059985,0.7511712734052038,0.0568110405085343,0.9593898572465234,0.003920466373097059,0.8417197855414814,0.03777834188973632,0.8460956683148254,0.033251738576627554,0.7511643993543925,0.022803186904405748,0.9948,0.0008551315688243205,0.50755,0.17261530566551736,0.2,0.0,0.2,0.0,1.0,0.0,7500.0,0.0,149313.4,12688.47017177406,84889593.6,15012718.485969665,131937.0163472,526.3872013475903,0.001715,0.0015974197945436888,-0.05990111048066789,0.051946618342565976,0.011071405657643656,0.00034551968343434235,0.0013768771972570868,0.020048535258507114
cicids_recal,0.1,a1,none,xgboost,recalibrated,0.0,0.5,1.0,auto_malicious,accumulate,fixed_ratio,-1.0,-1.0,,5,0.009944999999999999,6.22494979899441e-05,0.5923968549890573,0.06776740940306462,0.9479466088590145,0.004980404222351618,0.7275514266925992,0.05124879672686512,0.72812418618789,0.06064870446969578,0.4866497578971639,0.027079260320809852,0.99375,0.00043301270189222303,0.30569999999999997,0.20195168048322848,0.5,0.0,0.5,0.0,1.0,0.0,30000.0,0.0,580076.0,11994.591677085145,321350703.6,16471987.633616712,534067.1535051999,6011.250187997705,0.0018999999999999996,0.001590302644152993,-0.21867552889681444,0.05756719209356878,0.010793520647202747,0.0012377923938563728,0.0013768771972570868,0.020048535258507114
cicids_recal,0.1,a1,none,xgboost,recalibrated,0.0,0.5,2.0,auto_malicious,accumulate,fixed_ratio,-1.0,-1.0,,5,0.009995,1.118033988749917e-05,0.6088838453432763,0.008689822736153006,0.9494596033691375,0.0006443467615785599,0.7419291718343041,0.006658276724073618,0.9577307613277133,0.0023469555928503933,0.6912612404888171,0.0446353044493328,0.9943500000000001,0.00013693063937634192,0.1341,0.04242331316622972,0.5,0.0,0.5,0.0,1.0,0.0,30000.0,0.0,1160152.0,23989.18335417029,642701407.2,32943975.267233424,1068134.3070103999,12022.50037599541,0.0019499999999999997,0.00158113883008419,-0.20218853854259544,0.024830150044089398,0.13518458581824647,0.0012671985898982815,0.0013768771972570868,0.020048535258507114
cicids_recal,0.1,a1,none,xgboost,recalibrated,0.0,0.5,8.0,auto_malicious,accumulate,fixed_ratio,-1.0,-1.0,,5,0.009155,0.0009812937888318664,0.8510334765340033,0.01906402687466048,0.9663316514698559,0.0031214614437489597,0.9049204986169705,0.010154693202346904,0.986430434870714,0.0014024967160287192,0.7799400507263086,0.014127817123275183,0.99565,0.00013693063937627307,0.7835,0.04602716589146026,0.5,0.0,0.5,0.0,1.0,0.0,30000.0,0.0,4640608.0,95956.73341668116,2570805628.8,131775901.0689337,4272537.2280415995,48090.00150398164,0.0011099999999999997,0.0018736328348958877,0.039961092648131656,0.0256843859252074,0.33060290999597,0.0032484196203360696,0.0013768771972570868,0.020048535258507114
cicids_recal,0.1,a1,none,xgboost,recalibrated,0.0,0.5,32.0,auto_malicious,accumulate,fixed_ratio,-1.0,-1.0,,5,0.00937,0.0009069867694735135,0.8391829456107643,0.0235406002236734,0.9650689583568871,0.0032184551140843655,0.897594736780811,0.013397403441253276,0.9868878098403178,0.0019839700857475335,0.8249020059949274,0.023462319783115963,0.99605,0.0007582875444051519,0.6978,0.05064749500222102,0.5,0.0,0.5,0.0,1.0,0.0,30000.0,0.0,18562432.0,383826.93366672465,10283222515.2,527103604.2757348,17090148.912166398,192360.00601592657,0.0013249999999999994,0.0020646579619878935,0.028110561724892614,0.0184214722807677,0.5321959454112426,0.0025161463209077885,0.0013768771972570868,0.020048535258507114
cicids_recal,0.1,a1,none,xgboost,recalibrated,0.0,0.8,1.0,auto_malicious,accumulate,fixed_ratio,-1.0,-1.0,,5,0.009955,5.123475382979759e-05,0.39581745967415094,0.035666702859419565,0.924195526678987,0.006155786767038305,0.5536239260739341,0.03543093136403678,0.5515270087946826,0.02865387154593189,0.23347936361540236,0.10495968901074831,0.96105,0.004617899955607577,0.0066,0.009566543262851007,0.8,0.0,0.8,0.0,1.0,0.0,120000.0,0.0,2306245.0,29657.35538614328,1267849127.8,33116200.66757191,2130353.7540292,17170.425445728273,0.0019099999999999998,0.001614543279073063,-0.41525492421172083,0.026839961003891067,,,0.0013768771972570868,0.020048535258507114
cicids_recal,0.1,a1,none,xgboost,recalibrated,0.0,0.9,1.0,auto_malicious,accumulate,fixed_ratio,-1.0,-1.0,,5,0.009965,5.184110338331928e-05,0.29084866661262865,0.00489989294980547,0.9000041296809783,0.0013766855719944322,0.43961075573991854,0.005746943932875023,0.4357946080894869,0.010976486910847679,0.015356237030205212,0.007753601522934495,0.8804000000000001,0.012795995467332772,0.0,0.0,0.9,0.0,0.9,0.0,1.0,0.0,270000.0,0.0,5178989.0,18518.190597355802,2839830487.0,17559980.351961285,4779333.086744,5531.254257868836,0.0019199999999999994,0.0015800909783933335,-0.520223717273243,0.022846353198620457,,,0.0013768771972570868,0.020048535258507114
cicids_recal,0.1,a1,none,xgboost,recalibrated,0.01,0.01,1.0,auto_malicious,accumulate,fixed_ratio,-1.0,-1.0,,5,0.008395,0.0010844641533955836,0.8251276647483181,0.02244990177113241,0.9681376752202905,0.003294608350969045,0.8907669487883325,0.01204233569791695,0.9849594715084704,0.0007317663464901245,0.8203827530551072,0.007932219235309936,0.99595,0.00020916500663349918,0.65945,0.0759451693657997,0.00999900999901,0.0,0.00999900999901,0.0,1.0,0.0,303.0,0.0,6616.435412371318,3342.8881840015265,4418617.861672556,4211141.378332615,5343.785678181653,525.42761614486,0.00034999999999999994,0.0017088007490635064,0.014055280862446317,0.035540533960581086,0.01428035207804062,0.0009875441560807624,0.0013768771972570868,0.020048535258507114
cicids_recal,0.1,a1,none,xgboost,recalibrated,0.01,0.05,1.0,auto_malicious,accumulate,fixed_ratio,-1.0,-1.0,,5,0.00925,0.0007832225098910271,0.8377563427089244,0.008890550721813058,0.9654348287675953,0.0029701632212112998,0.8970584203026626,0.005733431700790276,0.9864832262705683,0.0011031779730656995,0.8452847590500345,0.030854316587102706,0.9961,0.00045414755311460556,0.67125,0.007725768570181227,0.050001583330694446,0.0,0.050001583330694446,0.0,1.0,0.0,1579.0,0.0,29510.271582257228,4069.7127796422674,16500166.78967851,5349382.086064038,28298.99428529139,1204.818788898185,0.0012049999999999997,0.002067864236355956,0.026683958823052613,0.02729246516830501,0.01394801833031802,0.0003100767128816751,0.0013768771972570868,0.020048535258507114
cicids_recal,0.1,a1,none,xgboost,recalibrated,0.01,0.2,1.0,auto_malicious,accumulate,fixed_ratio,-1.0,-1.0,,5,0.00987,7.373940601876273e-05,0.8842668395882306,0.01825172166673159,0.9650623335882396,0.0007945425947575484,0.922826935207523,0.010295541922693665,0.9894870199400179,0.0013274934468615759,0.8282222734609178,0.013058518551666207,0.9953,0.0004472135954999715,0.834,0.054141308166685435,0.2,0.0,0.2,0.0,1.0,0.0,7500.0,0.0,149331.90360752348,12709.438015226477,84910438.75240807,15344473.783349944,132013.7673440763,582.1496107188284,0.0018249999999999996,0.0015521154918368672,0.07319445570235879,0.022892248565829165,0.014381144035069316,0.0001896810596740979,0.0013768771972570868,0.020048535258507114
cicids_recal,0.1,a1,none,xgboost,recalibrated,0.7,0.05,1.0,auto_malicious,accumulate,fixed_ratio,-1.0,-1.0,,5,0.00935,0.0008963467520998782,0.8344330064035017,0.023675064445333877,0.9649692644421363,0.0028249079508845913,0.8948111999240218,0.013424973162925935,0.9863451422550054,0.0010982381895610538,0.8162324187226193,0.02393810352734219,0.9960000000000001,0.00035355339059324627,0.6926,0.04823399993780318,0.050001583330694446,0.0,0.050001583330694446,0.0,1.0,0.0,1579.0,0.0,43107.54854736723,5606.046610363742,249939311.96552357,46827859.37199379,746455.5967403963,105177.90791436499,0.0013049999999999997,0.00202031866298364,0.023360622517629916,0.04222101779307181,0.5599149552431368,0.0023256589969045537,0.0013768771972570868,0.020048535258507114
cicids_recal,0.1,a1,none,xgboost,recalibrated,0.7,0.2,1.0,auto_malicious,accumulate,fixed_ratio,-1.0,-1.0,,5,0.00922,0.0011774442661969188,0.8278673907757153,0.012850356992132364,0.9651891198240159,0.0040844614667245585,0.8912117267009613,0.006721242353537914,0.987512287022777,0.000879241086362787,0.7785566059488126,0.011529398180771349,0.99605,0.0003259601202601274,0.71315,0.03759346685263278,0.2,0.0,0.2,0.0,1.0,0.0,7500.0,0.0,211062.36363149591,20818.078295637693,1868287606.662712,805623499.2105016,3543560.684475253,88106.43388769333,0.0011749999999999996,0.002015409387692734,0.01679500688984359,0.025626534069333257,0.5591151059912843,0.002375584700335965,0.0013768771972570868,0.020048535258507114
cicids_recal,0.1,a1,none,xgboost,recalibrated,1.5,0.02,1.0,auto_malicious,accumulate,fixed_ratio,-1.0,-1.0,,5,0.009155,0.0009548232820789405,0.8107643673502473,0.03309932897454408,0.9645875380678085,0.004455830192086452,0.8807650647430865,0.021112820623330822,0.985305939653076,0.0008782786055052832,0.7881946045653677,0.03304642931089151,0.99555,0.0003708099243548003,0.65045,0.06780726362271229,0.0199921599372795,0.0,0.0199921599372795,0.0,1.0,0.0,612.0,0.0,98940.07301470924,83445.30878316435,24474804854.277946,6410849409.020047,912139.8116799912,126571.27116439654,0.0011099999999999994,0.0016971115166658907,-0.00030801653562451126,0.04310682453163622,,,0.0013768771972570868,0.020048535258507114
cicids_recal,0.1,a1,none,xgboost,recalibrated,1.5,0.05,1.0,auto_malicious,accumulate,fixed_ratio,-1.0,-1.0,,5,0.008865000000000001,0.0004598233356409821,0.8115263029910027,0.02757971442083801,0.9657853421535535,0.0015642440854933728,0.8817598369966795,0.016732660294047887,0.9875001513739159,0.0008248290176444914,0.7651371916071017,0.008933966510302389,0.9955999999999999,0.00048733971724046466,0.67775,0.0792764151560854,0.050001583330694446,0.0,0.050001583330694446,0.0,1.0,0.0,1579.0,0.0,158619.97526431072,30851.991871312915,80868122723.12476,10512015416.616175,2373981.765436852,133603.0697349258,0.0008199999999999998,0.0014441043937333613,0.0004539191051309288,0.02425227100426036,,,0.0013768771972570868,0.020048535258507114
cicids_recal,0.1,a1,none,xgboost,recalibrated,1.5,0.2,1.0,auto_malicious,accumulate,fixed_ratio,-1.0,-1.0,,5,0.009095,0.0009267550917043839,0.8040204263597308,0.014212550917977964,0.9645832086288986,0.004016511474372076,0.8769791930006552,0.00999026542845231,0.9862151009159439,0.001924072120681786,0.7270463454000462,0.00477961873388817,0.99555,0.0003259601202601519,0.6959500000000001,0.0419629300692886,0.2,0.0,0.2,0.0,1.0,0.0,7500.0,0.0,736205.1353697837,158684.93116664747,348761621867.74164,51400058939.42561,11414139.562302968,342360.14474982495,0.0010500000000000002,0.002119625556554742,-0.007051957526140895,0.012213138368012688,,,0.0013768771972570868,0.020048535258507114
cicids_recal,0.1,a1,none,xgboost,recalibrated,1.5,0.5,1.0,auto_malicious,accumulate,fixed_ratio,-1.0,-1.0,,5,0.009609999999999999,0.00030135112410608397,0.8135689389640918,0.017051179785975208,0.9631013922796388,0.001399253580205939,0.8819721788293299,0.010356704662378688,0.982564397341331,0.0013053463658630404,0.7462301129813235,0.01647161290535197,0.99545,0.0005123475382979905,0.7047,0.04520107852695552,0.5,0.0,0.5,0.0,1.0,0.0,30000.0,0.0,2774338.682791662,280959.5641101734,1417698133748.128,115056440679.49184,45716095.170538776,813001.0981836162,0.0015649999999999998,0.0016337839514452336,0.0024965550782200196,0.006178275761893256,,,0.0013768771972570868,0.020048535258507114
cicids_recal,0.1,a1truth,none,rf,fixed,0.7,0.05,1.0,ground_truth,accumulate,fixed_ratio,-1.0,-1.0,,5,0.00309,0.005481463080236881,0.7709491772716219,0.05124017680949496,0.9874489935978612,0.021980953995051088,0.8650719161223227,0.03492499000853497,0.9642094502310125,0.007592142777442037,0.7914687572054415,0.007339721802738693,0.9945,0.000467707173346774,0.52515,0.16456558343104433,0.050001583330694446,0.0,0.050001583330694446,0.0,1.0,0.0,1579.0,0.0,43107.54854736723,5606.046610363742,249939311.96552357,46827859.37199379,746455.5967403963,105177.90791436499,-0.005485,0.0038727654847666667,-0.03281186674231982,0.05465673629869675,0.5599149552431368,0.0023256589969045537,0.004455567172261081,0.028993815004525726
cicids_recal,0.1,a1truth,none,rf,fixed,0.7,0.2,1.0,ground_truth,accumulate,fixed_ratio,-1.0,-1.0,,5,0.00352,0.001335500842380865,0.7143714030963768,0.05747835771635264,0.9840343355954877,0.006753310896905614,0.8268585883345203,0.04006429636506038,0.9610292204344655,0.004971912881634896,0.7873184228729537,0.009580070677431614,0.9945999999999999,0.0005184110338331828,0.35505,0.1681879900587435,0.2,0.0,0.2,0.0,1.0,0.0,7500.0,0.0,211062.36363149591,20818.078295637693,1868287606.662712,805623499.2105016,3543560.684475253,88106.43388769333,-0.005055,0.004293286910980909,-0.08938964091756503,0.04232371567310848,0.5591151059912843,0.002375584700335965,0.004455567172261081,0.028993815004525726
cicids_recal,0.1,a1truth,none,rf,fixed,1.5,0.02,1.0,ground_truth,accumulate,fixed_ratio,-1.0,-1.0,,5,0.00189,0.0007223226425912454,0.7734133095566184,0.040317420708797354,0.9920965929071602,0.003056293088987414,0.8687661744168702,0.025964207462853692,0.9650862239604441,0.008080465161542634,0.7959880101452617,0.0102201836634028,0.9943500000000001,0.000487339717240465,0.528,0.1178869956780645,0.0199921599372795,0.0,0.0199921599372795,0.0,1.0,0.0,612.0,0.0,98940.07301470924,83445.30878316435,24474804854.277946,6410849409.020047,912139.8116799912,126571.27116439654,-0.006684999999999999,0.0043823010508179374,-0.03034773445732346,0.027807483791301633,,,0.004455567172261081,0.028993815004525726
cicids_recal,0.1,a1truth,none,rf,fixed,1.5,0.05,1.0,ground_truth,accumulate,fixed_ratio,-1.0,-1.0,,5,0.001745,0.0028183217523909507,0.7058279970819485,0.05258603870677552,0.9925230347245749,0.011536353166832387,0.8239106944237011,0.03438371053089909,0.9631454164302504,0.00822802757516615,0.7914687572054415,0.007984992171498907,0.9942,0.0005123475382980099,0.3246,0.169005417812566,0.050001583330694446,0.0,0.050001583330694446,0.0,1.0,0.0,1579.0,0.0,158619.97526431072,30851.991871312915,80868122723.12476,10512015416.616175,2373981.765436852,133603.0697349258,-0.00683,0.002999552049890116,-0.09793304693199316,0.05647471588048501,,,0.004455567172261081,0.028993815004525726
cicids_recal,0.1,a1truth,none,rf,fixed,1.5,0.2,1.0,ground_truth,accumulate,fixed_ratio,-1.0,-1.0,,5,0.002055,0.0007951807970518404,0.671297722298776,0.06328049674648945,0.9900046661310136,0.004273703845177148,0.7987948943477732,0.04525535314433681,0.9625639488935722,0.004244840050200705,0.7873184228729537,0.012266673716113887,0.9942500000000001,0.0005000000000000062,0.22254999999999997,0.19409770413376864,0.2,0.0,0.2,0.0,1.0,0.0,7500.0,0.0,736205.1353697837,158684.93116664747,348761621867.74164,51400058939.42561,11414139.562302968,342360.14474982495,-0.006520000000000001,0.004351522721990545,-0.13246332171516575,0.06563907705130735,,,0.004455567172261081,0.028993815004525726
cicids_recal,0.1,a1truth,none,rf,fixed,1.5,0.5,1.0,ground_truth,accumulate,fixed_ratio,-1.0,-1.0,,5,0.004625,0.0026019223662515373,0.6217719056496718,0.053607518488632766,0.9764858530760897,0.013739131621180161,0.758750634637124,0.039128021916970124,0.9564629802626247,0.0042936701822762465,0.7789255245561448,0.009698376575420898,0.9942500000000001,0.000250000000000028,0.0789,0.15782630880179643,0.5,0.0,0.5,0.0,1.0,0.0,30000.0,0.0,2774338.682791662,280959.5641101734,1417698133748.128,115056440679.49184,45716095.170538776,813001.0981836162,-0.00395,0.0036374785222733613,-0.18198913836427005,0.036810286620901946,,,0.004455567172261081,0.028993815004525726
cicids_recal,0.1,a1truth,none,rf,recalibrated,0.7,0.05,1.0,ground_truth,accumulate,fixed_ratio,-1.0,-1.0,,5,0.00937,0.0005529466520379705,0.8248196482126936,0.0607962064342095,0.9643594216872918,0.0028189301875430612,0.8882186943051135,0.037076151257710736,0.9642094502310125,0.007592142777442037,0.8264699100760895,0.02710918395329868,0.9954000000000001,0.0009617692030835336,0.65245,0.15841010857896665,0.050001583330694446,0.0,0.050001583330694446,0.0,1.0,0.0,1579.0,0.0,43107.54854736723,5606.046610363742,249939311.96552357,46827859.37199379,746455.5967403963,105177.90791436499,-0.0002500000000000002,0.0004730221982106129,0.015173867228661764,0.04947871221354414,0.5599149552431368,0.0023256589969045537,0.0006087658978354054,0.030293837226850386
cicids_recal,0.1,a1truth,none,rf,recalibrated,0.7,0.2,1.0,ground_truth,accumulate,fixed_ratio,-1.0,-1.0,,5,0.009915,0.00010694624818103698,0.823798330226149,0.019348133764956883,0.9624242567186132,0.0010812554428131275,0.887642871140921,0.011709895542690479,0.9610292204344655,0.004971912881634896,0.8111597878718009,0.007645540526441909,0.9948499999999999,0.0006274950199005354,0.66645,0.0641371577168805,0.2,0.0,0.2,0.0,1.0,0.0,7500.0,0.0,211062.36363149591,20818.078295637693,1868287606.662712,805623499.2105016,3543560.684475253,88106.43388769333,0.0002949999999999998,0.0005383423631853618,0.014152549242117219,0.028909549992076726,0.5591151059912843,0.002375584700335965,0.0006087658978354054,0.030293837226850386
cicids_recal,0.1,a1truth,none,rf,recalibrated,1.5,0.02,1.0,ground_truth,accumulate,fixed_ratio,-1.0,-1.0,,5,0.00969,0.00044951362604486267,0.8374969603631353,0.02389555186328056,0.9638437397862514,0.0013180525135948443,0.8960940169353133,0.013691851452193362,0.9650862239604441,0.008080465161542634,0.8228729536546,0.019022295819492874,0.9952500000000001,0.000770551750371164,0.6956,0.05319439585144282,0.0199921599372795,0.0,0.0199921599372795,0.0,1.0,0.0,612.0,0.0,98940.07301470924,83445.30878316435,24474804854.277946,6410849409.020047,912139.8116799912,126571.27116439654,6.999999999999957e-05,0.0006318128678651619,0.02785117937910351,0.03442186689893137,,,0.0006087658978354054,0.030293837226850386
cicids_recal,0.1,a1truth,none,rf,recalibrated,1.5,0.05,1.0,ground_truth,accumulate,fixed_ratio,-1.0,-1.0,,5,0.009435,0.000575163020369008,0.82389559860582,0.04292840115016281,0.9640990882042886,0.003216342052657276,0.8880639464518746,0.02633747063596212,0.9631454164302504,0.00822802757516615,0.8290062255014987,0.014120288911767219,0.99545,0.0009420721840708328,0.6468,0.120685593589293,0.050001583330694446,0.0,0.050001583330694446,0.0,1.0,0.0,1579.0,0.0,158619.97526431072,30851.991871312915,80868122723.12476,10512015416.616175,2373981.765436852,133603.0697349258,-0.0001850000000000001,0.000834528309885291,0.014249817621788142,0.027632193560241373,,,0.0006087658978354054,0.030293837226850386
cicids_recal,0.1,a1truth,none,rf,recalibrated,1.5,0.2,1.0,ground_truth,accumulate,fixed_ratio,-1.0,-1.0,,5,0.009434999999999999,0.0005688804795385407,0.8011672205560508,0.04214970913006179,0.9631121163467382,0.0033856717977748204,0.8742761123527162,0.026410990330524405,0.9625639488935722,0.004244840050200705,0.8101913765275537,0.010264304623823418,0.9949,0.0002850438562747702,0.59765,0.12896797082997005,0.2,0.0,0.2,0.0,1.0,0.0,7500.0,0.0,736205.1353697837,158684.93116664747,348761621867.74164,51400058939.42561,11414139.562302968,342360.14474982495,-0.00018500000000000078,0.0008053725845843029,-0.008478560427980852,0.04000495115370185,,,0.0006087658978354054,0.030293837226850386
cicids_recal,0.1,a1truth,none,rf,recalibrated,1.5,0.5,1.0,ground_truth,accumulate,fixed_ratio,-1.0,-1.0,,5,0.009925,9.354143466934871e-05,0.6916754478398314,0.10127529801117127,0.9548793405517706,0.005975290829102185,0.7992049231194681,0.06950975919733283,0.9564629802626247,0.0042936701822762465,0.7977403735300899,0.014883555599530507,0.9948499999999999,0.00028504385627473847,0.27349999999999997,0.29869921116400694,0.5,0.0,0.5,0.0,1.0,0.0,30000.0,0.0,2774338.682791662,280959.5641101734,1417698133748.128,115056440679.49184,45716095.170538776,813001.0981836162,0.0003049999999999994,0.0004861841215013094,-0.11797033314420033,0.08541126655627453,,,0.0006087658978354054,0.030293837226850386
cicids_recal,0.1,a1truth,none,xgboost,fixed,0.7,0.05,1.0,ground_truth,accumulate,fixed_ratio,-1.0,-1.0,,5,0.002935,0.00458484596251608,0.7047904676987923,0.10319790736461523,0.987699952634763,0.018849394532490415,0.818743470845881,0.0702395284542603,0.9827777976817703,0.0026251547226562124,0.781461839981554,0.03144163819293102,0.9948500000000001,0.0009453835200594339,0.3316,0.2878357604607183,0.050001583330694446,0.0,0.050001583330694446,0.0,1.0,0.0,1579.0,0.0,43107.54854736723,5606.046610363742,249939311.96552357,46827859.37199379,746455.5967403963,105177.90791436499,-0.0038249999999999994,0.004069436386036769,-0.08969765745318956,0.089308107949683,0.5599149552431368,0.0023256589969045537,0.0061113621389897645,0.027101945221866316
cicids_recal,0.1,a1truth,none,xgboost,fixed,0.7,0.2,1.0,ground_truth,accumulate,fixed_ratio,-1.0,-1.0,,5,0.00144,0.0012238004330772235,0.6083002350652509,0.03775183192637318,0.9926690775590954,0.005911159841964388,0.7537056079487883,0.02717118813504199,0.9816567587338898,0.0016331942541395385,0.7622780724002767,0.04830789398404604,0.9948,0.0010810874155219529,0.054849999999999996,0.07453053065690596,0.2,0.0,0.2,0.0,1.0,0.0,7500.0,0.0,211062.36363149591,20818.078295637693,1868287606.662712,805623499.2105016,3543560.684475253,88106.43388769333,-0.00532,0.006350871003256167,-0.18618789008673095,0.011235240557371422,0.5591151059912843,0.002375584700335965,0.0061113621389897645,0.027101945221866316
cicids_recal,0.1,a1truth,none,xgboost,fixed,1.5,0.02,1.0,ground_truth,accumulate,fixed_ratio,-1.0,-1.0,,5,0.005705,0.005621120884663484,0.7035908243495177,0.08470585428203903,0.9754141162930067,0.02324862686884181,0.8148725103043727,0.05534544393581317,0.9825124414363298,0.0017349419045172014,0.7857966336177081,0.03475288363713394,0.99505,0.0006937218462755839,0.323,0.24591906697122937,0.0199921599372795,0.0,0.0199921599372795,0.0,1.0,0.0,612.0,0.0,98940.07301470924,83445.30878316435,24474804854.277946,6410849409.020047,912139.8116799912,126571.27116439654,-0.0010549999999999997,0.0021605410202076695,-0.0908973008024641,0.07250404637868299,,,0.0061113621389897645,0.027101945221866316
cicids_recal,0.1,a1truth,none,xgboost,fixed,1.5,0.05,1.0,ground_truth,accumulate,fixed_ratio,-1.0,-1.0,,5,0.00246,0.0027534410289672085,0.666661262867796,0.034082249345280806,0.9886664373075691,0.012542473164221262,0.7957828065582551,0.02142749740439471,0.983969918537732,0.0016331366800538042,0.7728844823610791,0.04138211485675634,0.9946999999999999,0.0011645814698852508,0.22345,0.07087828475633423,0.050001583330694446,0.0,0.050001583330694446,0.0,1.0,0.0,1579.0,0.0,158619.97526431072,30851.991871312915,80868122723.12476,10512015416.616175,2373981.765436852,133603.0697349258,-0.0043,0.0048290462308824495,-0.12782686228418577,0.029613378646962008,,,0.0061113621389897645,0.027101945221866316
cicids_recal,0.1,a1truth,none,xgboost,fixed,1.5,0.2,1.0,ground_truth,accumulate,fixed_ratio,-1.0,-1.0,,5,0.001,0.0009202581159652981,0.5953149063791845,0.017691751960290592,0.9946858428700887,0.0048119841751778645,0.7446875345647908,0.01296277523482549,0.9784382777417525,0.003975614454872093,0.7697947890246715,0.04252595882648327,0.9943500000000001,0.0011537980759214418,0.0071,0.013939153489362257,0.2,0.0,0.2,0.0,1.0,0.0,7500.0,0.0,736205.1353697837,158684.93116664747,348761621867.74164,51400058939.42561,11414139.562302968,342360.14474982495,-0.0057599999999999995,0.006647617054253351,-0.19917321877279728,0.019478095910142067,,,0.0061113621389897645,0.027101945221866316
cicids_recal,0.1,a1truth,none,xgboost,fixed,1.5,0.5,1.0,ground_truth,accumulate,fixed_ratio,-1.0,-1.0,,5,0.00081,0.001072176524645079,0.5867390775715328,0.016347366886246443,0.9956618361189289,0.005674567755311099,0.7382203280594467,0.01189052068620695,0.9722521844856935,0.004932348237318377,0.7508415955729767,0.04283270544232416,0.9937000000000001,0.002087163146474203,0.0018499999999999999,0.002315707235381882,0.5,0.0,0.5,0.0,1.0,0.0,30000.0,0.0,2774338.682791662,280959.5641101734,1417698133748.128,115056440679.49184,45716095.170538776,813001.0981836162,-0.0059499999999999996,0.006564630606515494,-0.20774904758044904,0.017080535496737256,,,0.0061113621389897645,0.027101945221866316
cicids_recal,0.1,a1truth,none,xgboost,recalibrated,0.7,0.05,1.0,ground_truth,accumulate,fixed_ratio,-1.0,-1.0,,5,0.00969,0.00030751016243369956,0.7704304125800439,0.06645603462330077,0.9606407192428066,0.0028815375475197327,0.8539062591188473,0.04205846440786772,0.9827777976817703,0.0026251547226562124,0.8356928752593958,0.017683397294114393,0.9958,0.00011180339887497304,0.47430000000000005,0.20285126940692286,0.050001583330694446,0.0,0.050001583330694446,0.0,1.0,0.0,1579.0,0.0,43107.54854736723,5606.046610363742,249939311.96552357,46827859.37199379,746455.5967403963,105177.90791436499,0.001645,0.0018425016960643486,-0.04064197130582796,0.07321888092701462,0.5599149552431368,0.0023256589969045537,0.0013768771972570868,0.020048535258507114
cicids_recal,0.1,a1truth,none,xgboost,recalibrated,0.7,0.2,1.0,ground_truth,accumulate,fixed_ratio,-1.0,-1.0,,5,0.009545000000000001,0.0006474469090203454,0.7140471751641404,0.07743405876904212,0.9579924093759695,0.006258774921402062,0.8165221608228486,0.05344777002334689,0.9816567587338898,0.0016331942541395385,0.8421489508877104,0.006220375518860044,0.9961,0.00013693063937627814,0.2931,0.24085814030254407,0.2,0.0,0.2,0.0,1.0,0.0,7500.0,0.0,211062.36363149591,20818.078295637693,1868287606.662712,805623499.2105016,3543560.684475253,88106.43388769333,0.0014999999999999998,0.002009275366892253,-0.09702520872173137,0.06634619283131916,0.5591151059912843,0.002375584700335965,0.0013768771972570868,0.020048535258507114
cicids_recal,0.1,a1truth,none,xgboost,recalibrated,1.5,0.02,1.0,ground_truth,accumulate,fixed_ratio,-1.0,-1.0,,5,0.00978,0.0003817721833764215,0.7537975196563184,0.07499491772403936,0.9592902123055573,0.004759841709817036,0.8426645383782485,0.050380607640328014,0.9825124414363298,0.0017349419045172014,0.8073322573207286,0.007569717420558955,0.9955,0.0002500000000000349,0.45404999999999995,0.22971894512643054,0.0199921599372795,0.0,0.0199921599372795,0.0,1.0,0.0,612.0,0.0,98940.07301470924,83445.30878316435,24474804854.277946,6410849409.020047,912139.8116799912,126571.27116439654,0.0017350000000000004,0.0015659062871066073,-0.05727486422955334,0.06937674235457125,,,0.0013768771972570868,0.020048535258507114
cicids_recal,0.1,a1truth,none,xgboost,recalibrated,1.5,0.05,1.0,ground_truth,accumulate,fixed_ratio,-1.0,-1.0,,5,0.009720000000000001,0.00021389249636207363,0.8340115100915944,0.018898396922986564,0.9635736123369103,0.0011680683565280707,0.8940395371502896,0.01122573978610735,0.983969918537732,0.0016331366800538042,0.8361079086926446,0.01734708339587679,0.9959,0.0005755432216610325,0.6698500000000001,0.04585220823471865,0.050001583330694446,0.0,0.050001583330694446,0.0,1.0,0.0,1579.0,0.0,158619.97526431072,30851.991871312915,80868122723.12476,10512015416.616175,2373981.765436852,133603.0697349258,0.001675,0.0015055107106892336,0.022939126205722627,0.033189989033813476,,,0.0013768771972570868,0.020048535258507114
cicids_recal,0.1,a1truth,none,xgboost,recalibrated,1.5,0.2,1.0,ground_truth,accumulate,fixed_ratio,-1.0,-1.0,,5,0.008565,0.0012989899922632195,0.6306395395963362,0.025826629781532388,0.957801360710028,0.006480182507240448,0.7603038040920878,0.019052288459806842,0.9784382777417525,0.003975614454872093,0.8228729536546,0.014027550943641054,0.9957,0.00048088460154177174,0.05715,0.06921041287263066,0.2,0.0,0.2,0.0,1.0,0.0,7500.0,0.0,736205.1353697837,158684.93116664747,348761621867.74164,51400058939.42561,11414139.562302968,342360.14474982495,0.0005199999999999996,0.002645302440175792,-0.18043284428953552,0.0395957762054253,,,0.0013768771972570868,0.020048535258507114
cicids_recal,0.1,a1truth,none,xgboost,recalibrated,1.5,0.5,1.0,ground_truth,accumulate,fixed_ratio,-1.0,-1.0,,5,0.009395,0.0005751086853804245,0.620669530680068,0.004804430023913423,0.9532297467775447,0.0025810131518028976,0.7518031567039755,0.0033003462302744016,0.9722521844856935,0.004932348237318377,0.8369840903850587,0.010054459815732148,0.9962,0.0003259601202601409,0.0106,0.0038430131407529693,0.5,0.0,0.5,0.0,1.0,0.0,30000.0,0.0,2774338.682791662,280959.5641101734,1417698133748.128,115056440679.49184,45716095.170538776,813001.0981836162,0.00135,0.001573511201104079,-0.19040285320580366,0.020773214289055104,,,0.0013768771972570868,0.020048535258507114
cicids_recal,0.1,control,none,rf,fixed,-1.0,0.0,1.0,auto_malicious,accumulate,fixed_ratio,-1.0,-1.0,,5,0.008575,0.004359293234000208,0.8037610440139418,0.029738800758938463,0.9669220926368209,0.01624473746730272,0.8774743657736124,0.016976024656026826,0.9638486749209694,0.005933266922123287,0.7982476366151718,0.008276615677102856,0.9948,0.0004472135954999459,0.6186999999999999,0.08639958043879611,0.0,0.0,0.0,0.0,,,0.0,0.0,0.0,0.0,0.0,0.0,0.0,0.0,0.0,0.0,0.0,0.0,,,0.004455567172261081,0.028993815004525726
cicids_recal,0.1,control,none,rf,recalibrated,-1.0,0.0,1.0,auto_malicious,accumulate,fixed_ratio,-1.0,-1.0,,5,0.00962,0.0004671723450719231,0.8096457809840316,0.028292579700575988,0.9629105887705472,0.001067597809951944,0.8794354145710941,0.016736489218235073,0.9638486749209694,0.005933266922123287,0.8019368226884943,0.009608331351632315,0.99495,0.00044721359549993107,0.6327,0.0781365791419102,0.0,0.0,0.0,0.0,,,0.0,0.0,0.0,0.0,0.0,0.0,0.0,0.0,0.0,0.0,0.0,0.0,,,0.0006087658978354054,0.030293837226850386
cicids_recal,0.1,control,none,xgboost,fixed,-1.0,0.0,1.0,auto_malicious,accumulate,fixed_ratio,-1.0,-1.0,,5,0.0067599999999999995,0.007559856976160328,0.7944881251519819,0.02764201190797374,0.9745168270705593,0.02759546164963602,0.874674280026732,0.006828006699105387,0.9824032114776688,0.001931406845892606,0.7897163938206134,0.024279904726911928,0.9949999999999999,0.0010155048005795085,0.5991500000000001,0.06014529283327163,0.0,0.0,0.0,0.0,,,0.0,0.0,0.0,0.0,0.0,0.0,0.0,0.0,0.0,0.0,0.0,0.0,,,0.0061113621389897645,0.027101945221866316
cicids_recal,0.1,control,none,xgboost,recalibrated,-1.0,0.0,1.0,auto_malicious,accumulate,fixed_ratio,-1.0,-1.0,,5,0.008045,0.0015733523127386313,0.8110723838858718,0.02067671330588587,0.9688973068926356,0.005689018200491738,0.8828554574487208,0.011840832339559819,0.9824032114776688,0.001931406845892606,0.8011528706479133,0.00730705387132895,0.9957,0.00020916500663351577,0.6372,0.058158834238660535,0.0,0.0,0.0,0.0,,,0.0,0.0,0.0,0.0,0.0,0.0,0.0,0.0,0.0,0.0,0.0,0.0,,,0.0013768771972570868,0.020048535258507114
cicids_recal,0.1,junk,d1_E8_g2,rf,fixed,-1.0,0.2,1.0,auto_malicious,accumulate,fixed_ratio,8.0,2.0,all,5,0.0095,0.0038022197464112986,0.8355353813731053,0.005190179328388412,0.9645875690142397,0.013746006542257017,0.8953996559206457,0.007220455182464304,0.9654177834967982,0.009498444325044146,0.7730689416647453,0.013453956005908447,0.9948499999999999,0.0003354101966249426,0.74395,0.0018824850597016973,0.2,0.0,0.09264573054324161,0.0005072823736628262,0.408422525736562,0.0024648414973919342,7500.0,0.0,123466.6,3420.7789756135944,78852155.4,2474826.27947161,320295.7793668,1735.5422477706056,0.0009249999999999998,0.005321507070370197,0.031774337359163504,0.02785625559367221,,,0.004455567172261081,0.028993815004525726
cicids_recal,0.1,junk,d1_E8_g2,rf,fixed,-1.0,0.5,1.0,auto_malicious,accumulate,fixed_ratio,8.0,2.0,all,5,0.008885,0.0033021583850566592,0.830039717921699,0.003576808720569752,0.9665806649240123,0.011944273844834475,0.893089380018733,0.005339047354882981,0.9640099775066873,0.016064530090271346,0.7559142264237952,0.008785449240658218,0.9949,0.0005477225575051852,0.7455499999999999,0.0017446346322367843,0.5,0.0,0.2886596227149364,0.0009984575504949585,0.40579897793448205,0.0019722311973171857,30000.0,0.0,498312.0,3715.1796053488392,337855976.6,15947558.670262052,1276612.033757,9376.785598253913,0.0003100000000000002,0.0051609894884605215,0.026278673907757198,0.027859286256591557,,,0.004455567172261081,0.028993815004525726
cicids_recal,0.1,junk,d1_E8_g2,rf,recalibrated,-1.0,0.2,1.0,auto_malicious,accumulate,fixed_ratio,8.0,2.0,all,5,0.00958,0.00020263884129159346,0.8365404879630379,0.006415443865774112,0.9641970488433964,0.0008228235731966369,0.8958344141794253,0.003869973746060979,0.9654177834967982,0.009498444325044146,0.7742679271385751,0.015823333386865097,0.9949,0.0003791437722025516,0.7457,0.00319374388453424,0.2,0.0,0.09264573054324161,0.0005072823736628262,0.408422525736562,0.0024648414973919342,7500.0,0.0,123466.6,3420.7789756135944,78852155.4,2474826.27947161,320295.7793668,1735.5422477706056,-4.000000000000045e-05,0.000534614346982944,0.026894706979006245,0.02869379419245893,,,0.0006087658978354054,0.030293837226850386
cicids_recal,0.1,junk,d1_E8_g2,rf,recalibrated,-1.0,0.5,1.0,auto_malicious,accumulate,fixed_ratio,8.0,2.0,all,5,0.009775,0.000225,0.8322282564642943,0.009848239977663308,0.9633124631722474,0.0008587871685163183,0.892961789820452,0.005784003144407214,0.9640099775066873,0.016064530090271346,0.7613096610560295,0.02411534246177827,0.99495,0.0005700877125495805,0.7464000000000001,0.00397885033646654,0.5,0.0,0.2886596227149364,0.0009984575504949585,0.40579897793448205,0.0019722311973171857,30000.0,0.0,498312.0,3715.1796053488392,337855976.6,15947558.670262052,1276612.033757,9376.785598253913,0.00015499999999999992,0.0006160357132504576,0.022582475480262643,0.0278010445311522,,,0.0006087658978354054,0.030293837226850386
cicids_recal,0.1,junk,d1_E8_g2,xgboost,fixed,-1.0,0.2,1.0,auto_malicious,accumulate,fixed_ratio,8.0,2.0,all,5,0.0029000000000000002,0.002751760799924296,0.8259868687687444,0.020357683583533796,0.9890151486576457,0.01024756060027302,0.899967635893872,0.008435005308417086,0.9883300822728378,0.0008759719033967322,0.7456767350703251,0.052943003505906104,0.994,0.0022500000000000298,0.74505,0.003788964238416603,0.2,0.0,0.09264573054324161,0.0005072823736628262,0.408422525736562,0.0024648414973919342,7500.0,0.0,123466.6,3420.7789756135944,78852155.4,2474826.27947161,320295.7793668,1735.5422477706056,-0.0038599999999999997,0.004881361234327981,0.031498743616762595,0.015828604592938233,,,0.0061113621389897645,0.027101945221866316
cicids_recal,0.1,junk,d1_E8_g2,xgboost,fixed,-1.0,0.5,1.0,auto_malicious,accumulate,fixed_ratio,8.0,2.0,all,5,0.0021850000000000003,0.0021035386851683997,0.8210423928021399,0.021121403043873974,0.9916409985575518,0.007824940159191563,0.8981194440834953,0.009858318041220808,0.9882287073437628,0.0010672852238977756,0.7285220198293751,0.05308530573748874,0.99415,0.0025347583711273027,0.74825,0.005531161722459342,0.5,0.0,0.2886596227149364,0.0009984575504949585,0.40579897793448205,0.0019722311973171857,30000.0,0.0,498312.0,3715.1796053488392,337855976.6,15947558.670262052,1276612.033757,9376.785598253913,-0.004575,0.005540758070878027,0.02655426765015805,0.01208083565311315,,,0.0061113621389897645,0.027101945221866316
cicids_recal,0.1,junk,d1_E8_g2,xgboost,recalibrated,-1.0,0.2,1.0,auto_malicious,accumulate,fixed_ratio,8.0,2.0,all,5,0.009805,0.0003299621190379278,0.8558482613277134,0.006298654379889521,0.9641809547301815,0.0013324098789535977,0.906783057707076,0.00399393033123959,0.9883300822728378,0.0008759719033967322,0.8159096149412036,0.01124577895296666,0.9962,0.00032596012026015294,0.7588,0.010690825506012162,0.2,0.0,0.09264573054324161,0.0005072823736628262,0.408422525736562,0.0024648414973919342,7500.0,0.0,123466.6,3420.7789756135944,78852155.4,2474826.27947161,320295.7793668,1735.5422477706056,0.0017599999999999998,0.0015281320296361828,0.04477587744184164,0.01974354106733592,,,0.0013768771972570868,0.020048535258507114
cicids_recal,0.1,junk,d1_E8_g2,xgboost,recalibrated,-1.0,0.5,1.0,auto_malicious,accumulate,fixed_ratio,8.0,2.0,all,5,0.00989,0.0001557241150239745,0.8539028937342952,0.005492948926258244,0.9638056161860625,0.000611497475818903,0.9055248784899979,0.0032200754546874823,0.9882287073437628,0.0010672852238977756,0.8100069172238875,0.012164834103657254,0.9964000000000001,0.00022360679774999624,0.759,0.00514174095030078,0.5,0.0,0.2886596227149364,0.0009984575504949585,0.40579897793448205,0.0019722311973171857,30000.0,0.0,498312.0,3715.1796053488392,337855976.6,15947558.670262052,1276612.033757,9376.785598253913,0.0018449999999999994,0.0016745708405439287,0.042830509848423445,0.017195126607297218,,,0.0013768771972570868,0.020048535258507114
cicids_recal,0.1,junk,knn,rf,fixed,-1.0,0.2,1.0,auto_malicious,accumulate,fixed_ratio,-1.0,-1.0,,5,0.0097,0.006122371885143861,0.8371240982410635,0.0065652653722207055,0.9641303610887844,0.021747759959260385,0.896074987977266,0.011643719468488588,0.967170177109508,0.01171865579563913,0.7774959649527322,0.017005525949285605,0.99505,0.00044721359549994635,0.74385,0.0017730623226497296,0.2,0.0,0.03508406359193221,0.0005706619721248173,0.14544,0.002452028638585692,7500.0,0.0,123466.6,3420.7789756135944,78852155.4,2474826.27947161,320295.7793668,1735.5422477706056,0.0011249999999999997,0.007215608082483416,0.03336305422712169,0.02465349172442368,,,0.004455567172261081,0.028993815004525726
cicids_recal,0.1,junk,knn,rf,fixed,-1.0,0.5,1.0,auto_malicious,accumulate,fixed_ratio,-1.0,-1.0,,5,0.009295,0.004810191004523625,0.8354219015968226,0.005844427699298976,0.9653692431946119,0.017438883591633047,0.8956705671249392,0.010120410030835102,0.9647414158628516,0.01608828775020611,0.7727461378833296,0.014926536437795122,0.99495,0.0006224949798994614,0.74385,0.0017464249196572983,0.5,0.0,0.12888820252621605,0.0011924758148458843,0.14796,0.0015713405458751206,30000.0,0.0,498312.0,3715.1796053488392,337855976.6,15947558.670262052,1276612.033757,9376.785598253913,0.0007199999999999998,0.007789263443997769,0.0316608575828808,0.026276756172575168,,,0.004455567172261081,0.028993815004525726
cicids_recal,0.1,junk,knn,rf,recalibrated,-1.0,0.2,1.0,auto_malicious,accumulate,fixed_ratio,-1.0,-1.0,,5,0.009635,0.00021476731594914525,0.8417767690686553,0.014794287305215191,0.9642111767211246,0.0008777260548842126,0.8987917146565026,0.008570662859934306,0.967170177109508,0.01171865579563913,0.7887479824763661,0.036999209737523533,0.9951000000000001,0.0003791437722025779,0.74595,0.005357238094391524,0.2,0.0,0.03508406359193221,0.0005706619721248173,0.14544,0.002452028638585692,7500.0,0.0,123466.6,3420.7789756135944,78852155.4,2474826.27947161,320295.7793668,1735.5422477706056,1.4999999999999389e-05,0.00042041646019155924,0.03213098808462349,0.019850406668309856,,,0.0006087658978354054,0.030293837226850386
cicids_recal,0.1,junk,knn,rf,recalibrated,-1.0,0.5,1.0,auto_malicious,accumulate,fixed_ratio,-1.0,-1.0,,5,0.009925,0.0001159202311936965,0.8375293831563588,0.011461984778733692,0.9629952827663095,0.0005869596912491385,0.8958596133246172,0.006730088816871367,0.9647414158628516,0.01608828775020611,0.7775881946045653,0.02904254842652704,0.9952500000000001,0.0010155048005795074,0.7448,0.0030382972204838457,0.5,0.0,0.12888820252621605,0.0011924758148458843,0.14796,0.0015713405458751206,30000.0,0.0,498312.0,3715.1796053488392,337855976.6,15947558.670262052,1276612.033757,9376.785598253913,0.0003049999999999994,0.0005206366295219732,0.02788360217232717,0.027926924578291476,,,0.0006087658978354054,0.030293837226850386
cicids_recal,0.1,junk,knn,xgboost,fixed,-1.0,0.2,1.0,auto_malicious,accumulate,fixed_ratio,-1.0,-1.0,,5,0.00256,0.002317096782613968,0.8270406095485127,0.01676669131675745,0.9902594743312653,0.008733438148603634,0.901172097088136,0.006683654327668056,0.9897875847045473,0.001001673567041117,0.7524556144800554,0.04583080625161327,0.9943,0.0012041594578792196,0.74065,0.0015572411502397638,0.2,0.0,0.03508406359193221,0.0005706619721248173,0.14544,0.002452028638585692,7500.0,0.0,123466.6,3420.7789756135944,78852155.4,2474826.27947161,320295.7793668,1735.5422477706056,-0.0042,0.005413322685744864,0.03255248439653078,0.019132075304237686,,,0.0061113621389897645,0.027101945221866316
cicids_recal,0.1,junk,knn,xgboost,fixed,-1.0,0.5,1.0,auto_malicious,accumulate,fixed_ratio,-1.0,-1.0,,5,0.001575,0.0016310464432382054,0.8149469076760963,0.020244945011268646,0.9939198473650551,0.006186957258719445,0.8954114013797397,0.009891976952676535,0.9924764235632649,0.0009418932198845357,0.7156559833986627,0.05067739272713406,0.9926,0.004317840895632914,0.74495,0.0037930858150060634,0.5,0.0,0.12888820252621605,0.0011924758148458843,0.14796,0.0015713405458751206,30000.0,0.0,498312.0,3715.1796053488392,337855976.6,15947558.670262052,1276612.033757,9376.785598253913,-0.005185,0.005932263480325195,0.020458782524114462,0.011746216859422232,,,0.0061113621389897645,0.027101945221866316
cicids_recal,0.1,junk,knn,xgboost,recalibrated,-1.0,0.2,1.0,auto_malicious,accumulate,fixed_ratio,-1.0,-1.0,,5,0.009965,4.1833001326703617e-05,0.8511307449136742,0.004582265315708148,0.9634267121588991,0.0003029307865094563,0.9037992633529107,0.0027100760597796466,0.9897875847045473,0.001001673567041117,0.8120359695642149,0.009746224177097841,0.9962,0.0003259601202601315,0.7484500000000001,0.0034296501279284745,0.2,0.0,0.03508406359193221,0.0005706619721248173,0.14544,0.002452028638585692,7500.0,0.0,123466.6,3420.7789756135944,78852155.4,2474826.27947161,320295.7793668,1735.5422477706056,0.0019200000000000003,0.001581178358060848,0.04005836102780256,0.024272838059959903,,,0.0013768771972570868,0.020048535258507114
cicids_recal,0.1,junk,knn,xgboost,recalibrated,-1.0,0.5,1.0,auto_malicious,accumulate,fixed_ratio,-1.0,-1.0,,5,0.009815,0.00022262636860893194,0.8573883440058362,0.007043474049256299,0.9642150321149032,0.0005544522886765516,0.9076558095428613,0.003766883126194728,0.9924764235632649,0.0009418932198845357,0.8267465990315885,0.01929300698148463,0.99665,0.0003791437722025232,0.7513500000000001,0.001219631091765009,0.5,0.0,0.12888820252621605,0.0011924758148458843,0.14796,0.0015713405458751206,30000.0,0.0,498312.0,3715.1796053488392,337855976.6,15947558.670262052,1276612.033757,9376.785598253913,0.00177,0.0014260303292707348,0.046315960119964375,0.01660012579306691,,,0.0013768771972570868,0.020048535258507114
cicids_recal,0.1,junk,loss,rf,fixed,-1.0,0.2,1.0,auto_malicious,accumulate,fixed_ratio,-1.0,-1.0,,5,0.012545,0.0038909510405555096,0.8284834238469644,0.010726812986379662,0.9534171822259301,0.013698232328930377,0.8864774452794434,0.006567337100741468,0.9698687898192428,0.005868533260117429,0.7528245330873876,0.029257940072601747,0.9948,0.0004472135954999547,0.7442,0.0016620770138594402,0.2,0.0,0.19990185312509312,3.876313337458321e-05,0.9993866666666665,0.00024221202832781034,7500.0,0.0,123466.6,3420.7789756135944,78852155.4,2474826.27947161,320295.7793668,1735.5422477706056,0.00397,0.006566115670622929,0.024722379833022633,0.02474582209177863,,,0.004455567172261081,0.028993815004525726
cicids_recal,0.1,junk,loss,rf,fixed,-1.0,0.5,1.0,auto_malicious,accumulate,fixed_ratio,-1.0,-1.0,,5,0.00971,0.002008855395492667,0.8243819405041745,0.012381384514099663,0.9632521659001283,0.007390457391955438,0.8883767658245091,0.008122356267428722,0.9751729591878091,0.008346716953216508,0.7394051187456767,0.033279603703523356,0.9949,0.0005184110338331885,0.746,0.0025062422069704465,0.5,0.0,0.4999649974720347,6.973113209052766e-06,0.99986,2.7888667551127804e-05,30000.0,0.0,498312.0,3715.1796053488392,337855976.6,15947558.670262052,1276612.033757,9376.785598253913,0.0011350000000000002,0.005788069626395314,0.020620896490232642,0.030166192341588845,,,0.004455567172261081,0.028993815004525726
cicids_recal,0.1,junk,loss,rf,recalibrated,-1.0,0.2,1.0,auto_malicious,accumulate,fixed_ratio,-1.0,-1.0,,5,0.009935,4.541475531146246e-05,0.8226959552565454,0.012547950856281508,0.9623132282601079,0.0006818393880832909,0.8870069143782124,0.007601906548839931,0.9698687898192428,0.005868533260117429,0.7371454922757666,0.03444865464891169,0.99465,0.00048733971724042774,0.7435,0.0015206906325745608,0.2,0.0,0.19990185312509312,3.876313337458321e-05,0.9993866666666665,0.00024221202832781034,7500.0,0.0,123466.6,3420.7789756135944,78852155.4,2474826.27947161,320295.7793668,1735.5422477706056,0.00031499999999999963,0.0005039221169982523,0.013050174272513603,0.027021716379596095,,,0.0006087658978354054,0.030293837226850386
cicids_recal,0.1,junk,loss,rf,recalibrated,-1.0,0.5,1.0,auto_malicious,accumulate,fixed_ratio,-1.0,-1.0,,5,0.00996,6.519202405202675e-05,0.8259058117856852,0.01324052854547874,0.9623645874230741,0.000576126811210672,0.8888862935155185,0.00791014836371272,0.9751729591878091,0.008346716953216508,0.7436015679040812,0.03482661752908453,0.9948499999999999,0.00057554322166109,0.7462,0.0028961180915149324,0.5,0.0,0.4999649974720347,6.973113209052766e-06,0.99986,2.7888667551127804e-05,30000.0,0.0,498312.0,3715.1796053488392,337855976.6,15947558.670262052,1276612.033757,9376.785598253913,0.0003399999999999997,0.0005004997502496883,0.016260030801653592,0.029652822535542692,,,0.0006087658978354054,0.030293837226850386
cicids_recal,0.1,junk,loss,xgboost,fixed,-1.0,0.2,1.0,auto_malicious,accumulate,fixed_ratio,-1.0,-1.0,,5,0.0027,0.0038469549646441142,0.8032098565291399,0.022576836282511795,0.9895991330195276,0.014579899911227745,0.8864472746394153,0.011247132286649026,0.9918620671557103,0.0011954212873025766,0.6809776343094305,0.0564510267378506,0.9924,0.0041630817911734305,0.74655,0.0046381569615526865,0.2,0.0,0.19990185312509312,3.876313337458321e-05,0.9993866666666665,0.00024221202832781034,7500.0,0.0,123466.6,3420.7789756135944,78852155.4,2474826.27947161,320295.7793668,1735.5422477706056,-0.004059999999999999,0.004357486374046394,0.008721731377158148,0.017342557792336413,,,0.0061113621389897645,0.027101945221866316
cicids_recal,0.1,junk,loss,xgboost,fixed,-1.0,0.5,1.0,auto_malicious,accumulate,fixed_ratio,-1.0,-1.0,,5,0.002835,0.00319279462227059,0.792250952419551,0.04301312310429377,0.9891115728616219,0.012068528405311328,0.8790600240521604,0.022599010198156164,0.9875431533192834,0.002497474068446184,0.6499423564676043,0.11486276544026616,0.99285,0.004453229165448365,0.74595,0.004661678882119599,0.5,0.0,0.4999649974720347,6.973113209052766e-06,0.99986,2.7888667551127804e-05,30000.0,0.0,498312.0,3715.1796053488392,337855976.6,15947558.670262052,1276612.033757,9376.785598253913,-0.003925,0.0045790624040298895,-0.00223717273243087,0.02315596702431013,,,0.0061113621389897645,0.027101945221866316
cicids_recal,0.1,junk,loss,xgboost,recalibrated,-1.0,0.2,1.0,auto_malicious,accumulate,fixed_ratio,-1.0,-1.0,,5,0.009775,0.0004123105625617658,0.8416795006889843,0.008152253433322643,0.9637151032078755,0.0013856684995257023,0.8985548609390195,0.004553383523418946,0.9918620671557103,0.0011954212873025766,0.770624855891169,0.010240970146795068,0.9964500000000001,0.0006471089552772103,0.76395,0.014537021703223787,0.2,0.0,0.19990185312509312,3.876313337458321e-05,0.9993866666666665,0.00024221202832781034,7500.0,0.0,123466.6,3420.7789756135944,78852155.4,2474826.27947161,320295.7793668,1735.5422477706056,0.0017300000000000002,0.0012829896726006802,0.03060711680311261,0.026345926153153728,,,0.0013768771972570868,0.020048535258507114
cicids_recal,0.1,junk,loss,xgboost,recalibrated,-1.0,0.5,1.0,auto_malicious,accumulate,fixed_ratio,-1.0,-1.0,,5,0.01,0.0,0.8402204749939207,0.007006953073047565,0.9628433857266941,0.00029900737613759915,0.8973507273988119,0.00413002849786594,0.9875431533192834,0.002497474068446184,0.7754669126124049,0.01608690436897381,0.9962,0.000541987084717036,0.7544500000000001,0.00396626398516284,0.5,0.0,0.4999649974720347,6.973113209052766e-06,0.99986,2.7888667551127804e-05,30000.0,0.0,498312.0,3715.1796053488392,337855976.6,15947558.670262052,1276612.033757,9376.785598253913,0.0019549999999999997,0.0015733523127386313,0.029148091108048967,0.0232372572270364,,,0.0013768771972570868,0.020048535258507114
cicids_recal,0.1,junk,none,rf,fixed,-1.0,0.02,1.0,auto_malicious,accumulate,fixed_ratio,-1.0,-1.0,,5,0.0109,0.006163983087257785,0.8356164383561644,0.0051942918656057305,0.9598555248365734,0.02169782658464909,0.8933226872263867,0.008930142003927074,0.959831636540488,0.004249988098836257,0.7741295826608254,0.013058111420812929,0.9948,0.0009082951062292683,0.7431,0.001364734406395632,0.0199921599372795,0.0,0.0199921599372795,0.0,1.0,0.0,612.0,0.0,9648.4,722.2072417249774,6246393.8,789648.4175376407,25785.821054199998,1370.076066073406,0.0023250000000000002,0.006919537556802477,0.03185539434222262,0.028265070928324608,,,0.004455567172261081,0.028993815004525726
cicids_recal,0.1,junk,none,rf,fixed,-1.0,0.05,1.0,auto_malicious,accumulate,fixed_ratio,-1.0,-1.0,,5,0.00979,0.005743708514540062,0.8316122233930454,0.002683830860029417,0.9635650945664281,0.020667402919032723,0.8926674885976178,0.009773537125074583,0.9635665743292534,0.01869407984427402,0.762739220659442,0.007119851351922748,0.9948,0.00041079191812883606,0.7431,0.0009453835200594876,0.050001583330694446,0.0,0.050001583330694446,0.0,1.0,0.0,1579.0,0.0,24478.4,1025.972855391408,15476675.0,1250497.9506562576,67287.5492256,1398.7193348773856,0.0012150000000000002,0.004421983435066216,0.02785117937910351,0.028063315911773502,,,0.004455567172261081,0.028993815004525726
cicids_recal,0.1,junk,none,rf,fixed,-1.0,0.2,1.0,auto_malicious,accumulate,fixed_ratio,-1.0,-1.0,,5,0.012385,0.003899062387292617,0.8266191132366053,0.010182738128982852,0.9538310113335738,0.013816801763642157,0.8856175594855215,0.008470377769792724,0.9649520673583529,0.007130837285473065,0.7465529167627392,0.029487086847867883,0.9949,0.00028504385627475636,0.74515,0.001737455035389433,0.2,0.0,0.2,0.0,1.0,0.0,7500.0,0.0,123466.6,3420.7789756135944,78852155.4,2474826.27947161,320295.7793668,1735.5422477706056,0.00381,0.007389701448637828,0.022858069222663556,0.03062618801744477,,,0.004455567172261081,0.028993815004525726
cicids_recal,0.1,junk,none,rf,fixed,-1.0,0.5,1.0,auto_malicious,accumulate,fixed_ratio,-1.0,-1.0,,5,0.011215,0.0031925009788565445,0.8234903136905244,0.011399764879070998,0.9577212176119222,0.012017224423923915,0.8855371398257162,0.011229066578492436,0.9761453499635243,0.004658856722271832,0.7376527553608485,0.031740352623006875,0.9945999999999999,0.0008403868156985678,0.7454500000000001,0.0016992645467966414,0.5,0.0,0.5,0.0,1.0,0.0,30000.0,0.0,498312.0,3715.1796053488392,337855976.6,15947558.670262052,1276612.033757,9376.785598253913,0.00264,0.005655075154230932,0.019729269676582662,0.027488154713942777,,,0.004455567172261081,0.028993815004525726
cicids_recal,0.1,junk,none,rf,recalibrated,-1.0,0.02,1.0,auto_malicious,accumulate,fixed_ratio,-1.0,-1.0,,5,0.009455,0.0007630940309031386,0.8335900137796871,0.005525268737041165,0.9645243663167917,0.0029176180269892245,0.8942859359916611,0.00420470483791962,0.959831636540488,0.004249988098836257,0.769056951810007,0.014472636881072937,0.9948,0.001021640837085124,0.7423500000000001,0.000802340326794066,0.0199921599372795,0.0,0.0199921599372795,0.0,1.0,0.0,612.0,0.0,9648.4,722.2072417249774,6246393.8,789648.4175376407,25785.821054199998,1370.076066073406,-0.00016500000000000022,0.0004163081791173456,0.023944232795655385,0.03197143684686903,,,0.0006087658978354054,0.030293837226850386
cicids_recal,0.1,junk,none,rf,recalibrated,-1.0,0.05,1.0,auto_malicious,accumulate,fixed_ratio,-1.0,-1.0,,5,0.009625,0.0006590713163232039,0.8337359163491935,0.008894023405717748,0.9639346139278633,0.002181177363087423,0.894094374226001,0.0046501338033415164,0.9635665743292534,0.01869407984427402,0.7674890477288449,0.022451456587156245,0.9952,0.0006937218462755825,0.7441,0.002661061818147034,0.050001583330694446,0.0,0.050001583330694446,0.0,1.0,0.0,1579.0,0.0,24478.4,1025.972855391408,15476675.0,1250497.9506562576,67287.5492256,1398.7193348773856,4.999999999999449e-06,0.0009471008394041267,0.024090135365161757,0.02415140384336227,,,0.0006087658978354054,0.030293837226850386
cicids_recal,0.1,junk,none,rf,recalibrated,-1.0,0.2,1.0,auto_malicious,accumulate,fixed_ratio,-1.0,-1.0,,5,0.0097,0.00045138675213169424,0.8249331279889762,0.011134114183119524,0.9632645499356753,0.0019303185591007554,0.8887217889501631,0.007073340994547019,0.9649520673583529,0.007130837285473065,0.7420336638229191,0.031406955768692894,0.9948,0.0006471089552772184,0.74495,0.0022036900871038995,0.2,0.0,0.2,0.0,1.0,0.0,7500.0,0.0,123466.6,3420.7789756135944,78852155.4,2474826.27947161,320295.7793668,1735.5422477706056,7.999999999999952e-05,0.0007454864183873508,0.015287347004944496,0.03255765500158592,,,0.0006087658978354054,0.030293837226850386
cicids_recal,0.1,junk,none,rf,recalibrated,-1.0,0.5,1.0,auto_malicious,accumulate,fixed_ratio,-1.0,-1.0,,5,0.009835,0.00019088609168821044,0.8229877603955581,0.01674335927481742,0.9626791748595007,0.001359914543671932,0.8873055793723287,0.010323758933420624,0.9761453499635243,0.004658856722271832,0.7364076550611022,0.04591014062312252,0.99445,0.0011096170510586012,0.7454,0.0019251623308178328,0.5,0.0,0.5,0.0,1.0,0.0,30000.0,0.0,498312.0,3715.1796053488392,337855976.6,15947558.670262052,1276612.033757,9376.785598253913,0.00021499999999999956,0.0006074022555111234,0.013341979411526327,0.029003316699315905,,,0.0006087658978354054,0.030293837226850386
cicids_recal,0.1,junk,none,xgboost,fixed,-1.0,0.02,1.0,auto_malicious,accumulate,fixed_ratio,-1.0,-1.0,,5,0.00719,0.006324792486714486,0.8230201831887817,0.018965134285010073,0.9732677870922878,0.022834852757540703,0.8914948462122128,0.005007491665434048,0.9857512916430251,0.0014917559392899455,0.7375144108830989,0.04974008271109356,0.99475,0.0012119199643540915,0.744,0.004355312847546071,0.0199921599372795,0.0,0.0199921599372795,0.0,1.0,0.0,612.0,0.0,9648.4,722.2072417249774,6246393.8,789648.4175376407,25785.821054199998,1370.076066073406,0.00043000000000000037,0.006608904977377115,0.028532058036799878,0.018388237091322795,,,0.0061113621389897645,0.027101945221866316
cicids_recal,0.1,junk,none,xgboost,fixed,-1.0,0.05,1.0,auto_malicious,accumulate,fixed_ratio,-1.0,-1.0,,5,0.0049099999999999994,0.005639830449579136,0.8230688173786171,0.02095306549762876,0.9817646971471948,0.02071141534172779,0.8950703318232591,0.00583037689840625,0.9871320975520792,0.0013059176669970496,0.7385750518791792,0.0546274347552365,0.99375,0.002351860965278362,0.744,0.0034955328635273863,0.050001583330694446,0.0,0.050001583330694446,0.0,1.0,0.0,1579.0,0.0,24478.4,1025.972855391408,15476675.0,1250497.9506562576,67287.5492256,1398.7193348773856,-0.0018499999999999996,0.003057930264083862,0.02858069222663533,0.015090820692275629,,,0.0061113621389897645,0.027101945221866316
cicids_recal,0.1,junk,none,xgboost,fixed,-1.0,0.2,1.0,auto_malicious,accumulate,fixed_ratio,-1.0,-1.0,,5,0.0034499999999999995,0.003940058692456242,0.8063710788684446,0.025421374758448544,0.986812971926183,0.014796089332035776,0.887158431192826,0.010935017933171056,0.9897917427251357,0.0023390078131509955,0.6900622550149873,0.06447328472728471,0.9925,0.004391042017562584,0.74635,0.004314220671222079,0.2,0.0,0.2,0.0,1.0,0.0,7500.0,0.0,123466.6,3420.7789756135944,78852155.4,2474826.27947161,320295.7793668,1735.5422477706056,-0.0033099999999999996,0.0036844945379251137,0.011882953716462686,0.016064483865506247,,,0.0061113621389897645,0.027101945221866316
cicids_recal,0.1,junk,none,xgboost,fixed,-1.0,0.5,1.0,auto_malicious,accumulate,fixed_ratio,-1.0,-1.0,,5,0.002835,0.003052232789287213,0.7967252978844128,0.038743177507829324,0.9891014574979335,0.011529849520459434,0.8819364697448118,0.020038243116097584,0.9886267072627056,0.0015856185989628546,0.6617938667281531,0.10297805636164074,0.9934000000000001,0.004010143388957548,0.74635,0.004222706478077792,0.5,0.0,0.5,0.0,1.0,0.0,30000.0,0.0,498312.0,3715.1796053488392,337855976.6,15947558.670262052,1276612.033757,9376.785598253913,-0.003925,0.004652082866845774,0.0022371727324309145,0.020797838215413547,,,0.0061113621389897645,0.027101945221866316
cicids_recal,0.1,junk,none,xgboost,recalibrated,-1.0,0.02,1.0,auto_malicious,accumulate,fixed_ratio,-1.0,-1.0,,5,0.00962,0.00036971272631598697,0.8337359163491935,0.011520846598753763,0.9639430261532317,0.0011207650885987613,0.8940881128614869,0.006488451511895025,0.9857512916430251,0.0014917559392899455,0.7662439474290984,0.028877695330773154,0.9952500000000001,0.000883883476483163,0.7454,0.003859242153584065,0.0199921599372795,0.0,0.0199921599372795,0.0,1.0,0.0,612.0,0.0,9648.4,722.2072417249774,6246393.8,789648.4175376407,25785.821054199998,1370.076066073406,0.001575,0.0014900713070185605,0.022663532463321735,0.024373337460808553,,,0.0013768771972570868,0.020048535258507114
cicids_recal,0.1,junk,none,xgboost,recalibrated,-1.0,0.05,1.0,auto_malicious,accumulate,fixed_ratio,-1.0,-1.0,,5,0.00824,0.0013302490368348326,0.8373996919834644,0.00826681886696614,0.9690877902812168,0.004917515553980188,0.8984285730927992,0.005903840954898096,0.9871320975520792,0.0013059176669970496,0.7764353239566522,0.02055061052473941,0.9952500000000001,0.000684653196881492,0.74565,0.0031054387773710185,0.050001583330694446,0.0,0.050001583330694446,0.0,1.0,0.0,1579.0,0.0,24478.4,1025.972855391408,15476675.0,1250497.9506562576,67287.5492256,1398.7193348773856,0.00019499999999999986,0.0026801002779746883,0.02632730809759265,0.02576084780731646,,,0.0013768771972570868,0.020048535258507114
cicids_recal,0.1,junk,none,xgboost,recalibrated,-1.0,0.2,1.0,auto_malicious,accumulate,fixed_ratio,-1.0,-1.0,,5,0.0097,0.000502182735665017,0.8420847856042798,0.007365355063943724,0.9639918187064132,0.0019581190594401138,0.8989133543399266,0.004754758664348108,0.9897917427251357,0.0023390078131509955,0.7767120129121513,0.015517656051225273,0.99635,0.0002850438562747799,0.7586999999999999,0.007278822020079886,0.2,0.0,0.2,0.0,1.0,0.0,7500.0,0.0,123466.6,3420.7789756135944,78852155.4,2474826.27947161,320295.7793668,1735.5422477706056,0.0016549999999999996,0.0015197039185315014,0.03101240171840809,0.022472498542978062,,,0.0013768771972570868,0.020048535258507114
cicids_recal,0.1,junk,none,xgboost,recalibrated,-1.0,0.5,1.0,auto_malicious,accumulate,fixed_ratio,-1.0,-1.0,,5,0.009770000000000001,0.0002970690155502593,0.8367836589122153,0.009448546574738086,0.9635192484927904,0.0012729320088164,0.8956707758610047,0.00578065015960676,0.9886267072627056,0.0015856185989628546,0.7608946276227807,0.023019914169647795,0.9961500000000001,0.0005184110338332155,0.7596999999999999,0.010907852675939496,0.5,0.0,0.5,0.0,1.0,0.0,30000.0,0.0,498312.0,3715.1796053488392,337855976.6,15947558.670262052,1276612.033757,9376.785598253913,0.0017250000000000002,0.0016220164919013619,0.025711275026343537,0.024925147500329668,,,0.0013768771972570868,0.020048535258507114
cicids_recal,0.1,s0,d1_E8_g2,rf,fixed,-1.0,0.05,1.0,auto_malicious,accumulate,fixed_ratio,8.0,2.0,all,5,0.007645000000000001,0.003191071528499479,0.8450676825808543,0.003475350642195128,0.971617166428825,0.011577486128068621,0.9039048433328869,0.005238338573019518,0.9701395598605821,0.003917096046990847,0.8005533779109983,0.008664189175953891,0.9945999999999999,0.0008023403267940855,0.7438,0.002545829923620178,0.050001583330694446,0.0,0.04235886507540367,0.0002501076242039508,0.8403906402608415,0.005180138683569621,1579.0,0.0,20285.4,230.0712932984029,17703981.6,106965.00520871334,120390.09205559999,1339.5919539958188,-0.0009299999999999999,0.005096671708085582,0.04130663856691259,0.029118055697127148,,,0.004455567172261081,0.028993815004525726
cicids_recal,0.1,s0,d1_E8_g2,rf,fixed,-1.0,0.2,1.0,auto_malicious,accumulate,fixed_ratio,8.0,2.0,all,5,0.00712,0.0028347949661307074,0.8465104968793062,0.0028935185893158525,0.9735483487345442,0.010200133687801708,0.9055696628478828,0.004186268414037825,0.974298191213423,0.004910586140960834,0.8017523633848282,0.006865923055258122,0.99465,0.0004183300132670481,0.7469,0.0014641550464346235,0.2,0.0,0.1723741401189825,0.00037163447706850246,0.8331025396632258,0.0021704186513300107,7500.0,0.0,95928.4,400.8582043566024,83753109.8,195258.75065845446,567243.2281095999,1726.8425067955798,-0.0014550000000000001,0.0043528151810064255,0.04274945286536438,0.027852457955250716,,,0.004455567172261081,0.028993815004525726
cicids_recal,0.1,s0,d1_E8_g2,rf,recalibrated,-1.0,0.05,1.0,auto_malicious,accumulate,fixed_ratio,8.0,2.0,all,5,0.009835,0.00024974987487484353,0.8487476696117371,0.007036801285325494,0.9637900820232235,0.0008688575026411929,0.9026057192695628,0.004035202591892,0.9701395598605821,0.003917096046990847,0.8083006686649759,0.014889983855919846,0.9948,0.0011374313166077352,0.74655,0.0050230717693459034,0.050001583330694446,0.0,0.04235886507540367,0.0002501076242039508,0.8403906402608415,0.005180138683569621,1579.0,0.0,20285.4,230.0712932984029,17703981.6,106965.00520871334,120390.09205559999,1339.5919539958188,0.00021499999999999956,0.00028701045277132394,0.03910188862770532,0.02648397223162271,,,0.0006087658978354054,0.030293837226850386
cicids_recal,0.1,s0,d1_E8_g2,rf,recalibrated,-1.0,0.2,1.0,auto_malicious,accumulate,fixed_ratio,8.0,2.0,all,5,0.009170000000000001,0.00034250912396606285,0.8496068736321634,0.00298351365074451,0.9661920763541272,0.0011299630310080645,0.9041531239109103,0.0013473517910865926,0.974298191213423,0.004910586140960834,0.8082084390131428,0.007172671620015947,0.99505,0.00027386127875260165,0.74905,0.0016046806535881181,0.2,0.0,0.1723741401189825,0.00037163447706850246,0.8331025396632258,0.0021704186513300107,7500.0,0.0,95928.4,400.8582043566024,83753109.8,195258.75065845446,567243.2281095999,1726.8425067955798,-0.0004500000000000004,0.000277826384636161,0.039961092648131656,0.02656060596545468,,,0.0006087658978354054,0.030293837226850386
cicids_recal,0.1,s0,d1_E8_g2,xgboost,fixed,-1.0,0.05,1.0,auto_malicious,accumulate,fixed_ratio,8.0,2.0,all,5,0.0035050000000000003,0.004403563897572057,0.834676177352679,0.015188681474278997,0.9869550128990312,0.016258432911008244,0.9042645370430253,0.006327656394242645,0.9844297914809111,0.0021175770289405863,0.7716854968872492,0.040983019208242016,0.99415,0.0014641550464346358,0.7435,0.002423839928708193,0.050001583330694446,0.0,0.04235886507540367,0.0002501076242039508,0.8403906402608415,0.005180138683569621,1579.0,0.0,20285.4,230.0712932984029,17703981.6,106965.00520871334,120390.09205559999,1339.5919539958188,-0.0032549999999999996,0.004665478271302954,0.0401880522006971,0.01813516631929203,,,0.0061113621389897645,0.027101945221866316
cicids_recal,0.1,s0,d1_E8_g2,xgboost,fixed,-1.0,0.2,1.0,auto_malicious,accumulate,fixed_ratio,8.0,2.0,all,5,0.00737,0.00789838591105803,0.8367512361189917,0.014842837270054837,0.973262517206847,0.028105032500407755,0.8994827602542763,0.005474080884578506,0.9854473895598606,0.0006762123425021491,0.774175697486742,0.037052408901546575,0.994,0.0018957188610128801,0.7473500000000001,0.004017928570793647,0.2,0.0,0.1723741401189825,0.00037163447706850246,0.8331025396632258,0.0021704186513300107,7500.0,0.0,95928.4,400.8582043566024,83753109.8,195258.75065845446,567243.2281095999,1726.8425067955798,0.0006100000000000001,0.0007246982130514746,0.04226311096700983,0.016189760223185398,,,0.0061113621389897645,0.027101945221866316
cicids_recal,0.1,s0,d1_E8_g2,xgboost,recalibrated,-1.0,0.05,1.0,auto_malicious,accumulate,fixed_ratio,8.0,2.0,all,5,0.009585,0.0008036246014153626,0.8506444030153197,0.0036143598688567957,0.9647574509660073,0.0029046614900858038,0.9041111747113891,0.0027547536050306523,0.9844297914809111,0.0021175770289405863,0.8139727922527094,0.007756686442209831,0.9955,0.0006123724356957743,0.7455499999999999,0.0024836968414039644,0.050001583330694446,0.0,0.04235886507540367,0.0002501076242039508,0.8403906402608415,0.005180138683569621,1579.0,0.0,20285.4,230.0712932984029,17703981.6,106965.00520871334,120390.09205559999,1339.5919539958188,0.0015399999999999995,0.0020356663528191456,0.03957201912944801,0.019509104116621562,,,0.0013768771972570868,0.020048535258507114
cicids_recal,0.1,s0,d1_E8_g2,xgboost,recalibrated,-1.0,0.2,1.0,auto_malicious,accumulate,fixed_ratio,8.0,2.0,all,5,0.008735,0.001229913614852685,0.847677717435357,0.004234558301004883,0.9676755479257574,0.0044976347751332,0.9037072782349164,0.003920102891498665,0.9854473895598606,0.0006762123425021491,0.802859119206825,0.011423313510182217,0.9951000000000001,0.0006754628043053154,0.74885,0.0015165750888102908,0.2,0.0,0.1723741401189825,0.00037163447706850246,0.8331025396632258,0.0021704186513300107,7500.0,0.0,95928.4,400.8582043566024,83753109.8,195258.75065845446,567243.2281095999,1726.8425067955798,0.0006899999999999999,0.002417294458687233,0.03660533354948532,0.020819230082056935,,,0.0013768771972570868,0.020048535258507114
cicids_recal,0.1,s0,knn,rf,fixed,-1.0,0.05,1.0,auto_malicious,accumulate,fixed_ratio,-1.0,-1.0,,5,0.0059900000000000005,0.0033155222062293595,0.8439004620248035,0.004844604389456002,0.9776279428048917,0.012152417354110172,0.9058202233303995,0.005793520147994415,0.9664273859122965,0.005459412187432136,0.7973714549227576,0.01294956534738145,0.99475,0.0005303300858898915,0.7435,0.002806243040080453,0.050001583330694446,0.0,0.02628362166893556,0.0005212165075697285,0.5128562381253958,0.01043909113825943,1579.0,0.0,20285.4,230.0712932984029,17703981.6,106965.00520871334,120390.09205559999,1339.5919539958188,-0.0025849999999999996,0.00392725253835299,0.04013941801086167,0.029254575796091333,,,0.004455567172261081,0.028993815004525726
cicids_recal,0.1,s0,knn,rf,fixed,-1.0,0.2,1.0,auto_malicious,accumulate,fixed_ratio,-1.0,-1.0,,5,0.005365,0.0029748214232118205,0.8478074086082517,0.002971376974510295,0.9799822243784032,0.010909345178627386,0.9090958581301468,0.005521434357993793,0.9694189608494772,0.006079519016453068,0.8069172238874799,0.007757029135286602,0.9946999999999999,0.0005968668193156515,0.74525,0.0024173849507266856,0.2,0.0,0.11353155733810198,0.0011768003255897322,0.5122933333333333,0.005995109117717,7500.0,0.0,95928.4,400.8582043566024,83753109.8,195258.75065845446,567243.2281095999,1726.8425067955798,-0.0032099999999999997,0.00444337990723278,0.044046364594309814,0.02718816027505001,,,0.004455567172261081,0.028993815004525726
cicids_recal,0.1,s0,knn,rf,recalibrated,-1.0,0.05,1.0,auto_malicious,accumulate,fixed_ratio,-1.0,-1.0,,5,0.0099,0.000223606797749979,0.8519413147442652,0.007510488284760846,0.9636916002929652,0.0007255489489035711,0.9043632454844387,0.00423393546481116,0.9664273859122965,0.005459412187432136,0.8168319114595342,0.018500323308389206,0.9954000000000001,0.0007202430145444031,0.74655,0.003997655562951865,0.050001583330694446,0.0,0.02628362166893556,0.0005212165075697285,0.5128562381253958,0.01043909113825943,1579.0,0.0,20285.4,230.0712932984029,17703981.6,106965.00520871334,120390.09205559999,1339.5919539958188,0.0002799999999999997,0.0005815926409438143,0.04229553376023345,0.025153106375983277,,,0.0006087658978354054,0.030293837226850386
cicids_recal,0.1,s0,knn,rf,recalibrated,-1.0,0.2,1.0,auto_malicious,accumulate,fixed_ratio,-1.0,-1.0,,5,0.009819999999999999,0.00016900443781155643,0.8527843073680798,0.004680786365127071,0.9640081568015149,0.000593167709433169,0.9049863420642079,0.0026801405193088487,0.9694189608494772,0.006079519016453068,0.8177542079778648,0.010106671949013716,0.9953,0.00041079191812891857,0.74825,0.003340097303971835,0.2,0.0,0.11353155733810198,0.0011768003255897322,0.5122933333333333,0.005995109117717,7500.0,0.0,95928.4,400.8582043566024,83753109.8,195258.75065845446,567243.2281095999,1726.8425067955798,0.00019999999999999914,0.0004035003097892245,0.043138526384048005,0.02447514227687969,,,0.0006087658978354054,0.030293837226850386
cicids_recal,0.1,s0,knn,xgboost,fixed,-1.0,0.05,1.0,auto_malicious,accumulate,fixed_ratio,-1.0,-1.0,,5,0.004645,0.005904934377281428,0.8385831239361272,0.011007138379209372,0.9829311056325235,0.0213194402184697,0.9048318740625,0.004902165546969241,0.9855310504985004,0.0005534988205830003,0.7837214664514642,0.027656883873403607,0.99405,0.0019795832894829012,0.7426,0.002240256681722018,0.050001583330694446,0.0,0.02628362166893556,0.0005212165075697285,0.5128562381253958,0.01043909113825943,1579.0,0.0,20285.4,230.0712932984029,17703981.6,106965.00520871334,120390.09205559999,1339.5919539958188,-0.0021149999999999997,0.0021779147136653442,0.044094998784145266,0.018655524831056883,,,0.0061113621389897645,0.027101945221866316
cicids_recal,0.1,s0,knn,xgboost,fixed,-1.0,0.2,1.0,auto_malicious,accumulate,fixed_ratio,-1.0,-1.0,,5,0.00255,0.0024227437957819644,0.8416632892923726,0.008081060066111761,0.9903998050195936,0.009036021994766833,0.9099342351660505,0.002275912549100098,0.9870427593823458,0.0009041608611204387,0.788471293520867,0.017236553596402766,0.9941000000000001,0.0021621748310439617,0.7469,0.004689083066016228,0.2,0.0,0.11353155733810198,0.0011768003255897322,0.5122933333333333,0.005995109117717,7500.0,0.0,95928.4,400.8582043566024,83753109.8,195258.75065845446,567243.2281095999,1726.8425067955798,-0.00421,0.005235145652224014,0.04717516414039071,0.02046050699976834,,,0.0061113621389897645,0.027101945221866316
cicids_recal,0.1,s0,knn,xgboost,recalibrated,-1.0,0.05,1.0,auto_malicious,accumulate,fixed_ratio,-1.0,-1.0,,5,0.00899,0.0009991558937423128,0.8511793791035098,0.007219988957329451,0.9669127374763192,0.0034260837338489936,0.9053409241521306,0.003408637006803349,0.9855310504985004,0.0005534988205830003,0.8136499884712934,0.017274142292888144,0.9959999999999999,0.00043301270189226646,0.74705,0.004251470333896281,0.050001583330694446,0.0,0.02628362166893556,0.0005212165075697285,0.5128562381253958,0.01043909113825943,1579.0,0.0,20285.4,230.0712932984029,17703981.6,106965.00520871334,120390.09205559999,1339.5919539958188,0.0009449999999999997,0.0021427494020533526,0.04010699521763803,0.021495801474507404,,,0.0013768771972570868,0.020048535258507114
cicids_recal,0.1,s0,knn,xgboost,recalibrated,-1.0,0.2,1.0,auto_malicious,accumulate,fixed_ratio,-1.0,-1.0,,5,0.009385000000000001,0.0005381101188418598,0.8654291967252978,0.0050341542014114855,0.9660290975503953,0.002046690439139197,0.9129631551581732,0.003623236683217662,0.9870427593823458,0.0009041608611204387,0.8441780032280379,0.011887879785169185,0.99655,0.00020916500663352073,0.75735,0.0028755434269020874,0.2,0.0,0.11353155733810198,0.0011768003255897322,0.5122933333333333,0.005995109117717,7500.0,0.0,95928.4,400.8582043566024,83753109.8,195258.75065845446,567243.2281095999,1726.8425067955798,0.0013399999999999996,0.0011561790518773466,0.05435681283942613,0.01882980060670211,,,0.0013768771972570868,0.020048535258507114
cicids_recal,0.1,s0,loss,rf,fixed,-1.0,0.05,1.0,auto_malicious,accumulate,fixed_ratio,-1.0,-1.0,,5,0.009085,0.005960274741989667,0.8636135203047741,0.005950267194659045,0.9674543781282768,0.020718167913976446,0.9124589382914486,0.007270305116182842,0.9819004676987924,0.002336722540891394,0.8072861424948121,0.0058748912720096805,0.99465,0.0008023403267940838,0.79365,0.012362493680483738,0.050001583330694446,0.0,0.04968258765451371,8.67273466146839e-05,0.9932868904369855,0.0018245548183519085,1579.0,0.0,20285.4,230.0712932984029,17703981.6,106965.00520871334,120390.09205559999,1339.5919539958188,0.0005100000000000003,0.005742620264304441,0.05985247629083246,0.030656346805277852,,,0.004455567172261081,0.028993815004525726
cicids_recal,0.1,s0,loss,rf,fixed,-1.0,0.2,1.0,auto_malicious,accumulate,fixed_ratio,-1.0,-1.0,,5,0.008135,0.0010163660757817532,0.8898921942125314,0.010018098776624398,0.9712101366249893,0.0036171253898934328,0.9287553671551259,0.006372733803270714,0.9910695999837886,0.001305564312946567,0.8167396818077013,0.006877528094339086,0.99535,0.0005184110338332085,0.8637499999999999,0.026537709019431185,0.2,0.0,0.19972256434083693,7.843641982513328e-05,0.9982666666666666,0.0004898979485566418,7500.0,0.0,95928.4,400.8582043566024,83753109.8,195258.75065845446,567243.2281095999,1726.8425067955798,-0.00043999999999999974,0.004855911345978219,0.08613115019858966,0.030526838955831737,,,0.004455567172261081,0.028993815004525726
cicids_recal,0.1,s0,loss,rf,recalibrated,-1.0,0.05,1.0,auto_malicious,accumulate,fixed_ratio,-1.0,-1.0,,5,0.00962,0.0005721123141481923,0.8660614411931589,0.015406222524625616,0.965237448478681,0.0019967953101723505,0.9129069420734395,0.008735828144752487,0.9819004676987924,0.002336722540891394,0.8082545538390592,0.022995998449574458,0.99465,0.0010093314619093435,0.80015,0.023865901407656886,0.050001583330694446,0.0,0.04968258765451371,8.67273466146839e-05,0.9932868904369855,0.0018245548183519085,1579.0,0.0,20285.4,230.0712932984029,17703981.6,106965.00520871334,120390.09205559999,1339.5919539958188,-3.4694469519536144e-19,0.0008413159335231922,0.05641566020912703,0.03471420856342219,,,0.0006087658978354054,0.030293837226850386
cicids_recal,0.1,s0,loss,rf,recalibrated,-1.0,0.2,1.0,auto_malicious,accumulate,fixed_ratio,-1.0,-1.0,,5,0.009905,7.582875444051541e-05,0.894382751074005,0.011288767355793877,0.9653321599550189,0.0005945100773297864,0.9284770218312197,0.006361505633785709,0.9910695999837886,0.001305564312946567,0.8214433940511874,0.007603004926002959,0.9955,0.0007288689868556799,0.87235,0.027414412268002373,0.2,0.0,0.19972256434083693,7.843641982513328e-05,0.9982666666666666,0.0004898979485566418,7500.0,0.0,95928.4,400.8582043566024,83753109.8,195258.75065845446,567243.2281095999,1726.8425067955798,0.0002850000000000002,0.0004045058714036179,0.08473697008997327,0.032468841418727454,,,0.0006087658978354054,0.030293837226850386
cicids_recal,0.1,s0,loss,xgboost,fixed,-1.0,0.05,1.0,auto_malicious,accumulate,fixed_ratio,-1.0,-1.0,,5,0.003755,0.004647156388588617,0.8471913755370025,0.017788951726138414,0.9862771160159933,0.016637038241941494,0.9112281241517275,0.006795538356546928,0.9890891460646835,0.0009509600098214187,0.7839520405810468,0.033165425651000606,0.99405,0.001797567801224772,0.7689,0.01772410082345507,0.050001583330694446,0.0,0.04968258765451371,8.67273466146839e-05,0.9932868904369855,0.0018245548183519085,1579.0,0.0,20285.4,230.0712932984029,17703981.6,106965.00520871334,120390.09205559999,1339.5919539958188,-0.003005,0.005861777674050764,0.05270325038502068,0.01597001539927853,,,0.0061113621389897645,0.027101945221866316
cicids_recal,0.1,s0,loss,xgboost,fixed,-1.0,0.2,1.0,auto_malicious,accumulate,fixed_ratio,-1.0,-1.0,,5,0.005225,0.006013266583147632,0.8686390532544379,0.024576819454202366,0.98164354963055,0.020389741999313288,0.9212661923915768,0.0066733092261300276,0.9918400259382345,0.0006205663334536887,0.799907770348167,0.020972995449945422,0.9939,0.0020124611797497907,0.8179000000000001,0.05312855870433529,0.2,0.0,0.19972256434083693,7.843641982513328e-05,0.9982666666666666,0.0004898979485566418,7500.0,0.0,95928.4,400.8582043566024,83753109.8,195258.75065845446,567243.2281095999,1726.8425067955798,-0.0015349999999999995,0.0023058756471241023,0.07415092810245605,0.012678151715432592,,,0.0061113621389897645,0.027101945221866316
cicids_recal,0.1,s0,loss,xgboost,recalibrated,-1.0,0.05,1.0,auto_malicious,accumulate,fixed_ratio,-1.0,-1.0,,5,0.009389999999999999,0.0007103256295530942,0.8653967739320743,0.0058309218400070225,0.9660153828256981,0.002565432047855703,0.9129350118054633,0.003823017793547268,0.9890891460646835,0.0009509600098214187,0.8138344477749596,0.006129977045776258,0.9957,0.00020916500663351685,0.791,0.012950627397929404,0.050001583330694446,0.0,0.04968258765451371,8.67273466146839e-05,0.9932868904369855,0.0018245548183519085,1579.0,0.0,20285.4,230.0712932984029,17703981.6,106965.00520871334,120390.09205559999,1339.5919539958188,0.0013449999999999998,0.0015365749249548497,0.05432439004620251,0.017207425784903176,,,0.0013768771972570868,0.020048535258507114
cicids_recal,0.1,s0,loss,xgboost,recalibrated,-1.0,0.2,1.0,auto_malicious,accumulate,fixed_ratio,-1.0,-1.0,,5,0.009760000000000001,0.00022121821805628933,0.8985652913998541,0.009516621430673987,0.9659816645697052,0.0006530957777658507,0.9310337286751385,0.005099259637900724,0.9918400259382345,0.0006205663334536887,0.8232418722619321,0.009747860502068474,0.9958,0.000541987084716998,0.883,0.020290853850934917,0.2,0.0,0.19972256434083693,7.843641982513328e-05,0.9982666666666666,0.0004898979485566418,7500.0,0.0,95928.4,400.8582043566024,83753109.8,195258.75065845446,567243.2281095999,1726.8425067955798,0.001715,0.0017706460685297898,0.08749290751398235,0.019458201089433528,,,0.0013768771972570868,0.020048535258507114
cicids_recal,0.1,s0,none,rf,fixed,-1.0,0.05,1.0,auto_malicious,accumulate,fixed_ratio,-1.0,-1.0,,5,0.010245,0.001353167580161452,0.8683958823052607,0.008870760090952678,0.9631938491068162,0.004481253301423562,0.9133096246690136,0.004234823588935279,0.9874297229877603,0.0010577557485798004,0.8057643532395666,0.009920852173008352,0.9948,0.0008366600265340514,0.8099000000000001,0.019931601792128995,0.050001583330694446,0.0,0.050001583330694446,0.0,1.0,0.0,1579.0,0.0,20285.4,230.0712932984029,17703981.6,106965.00520871334,120390.09205559999,1339.5919539958188,0.0016700000000000003,0.003837088740177897,0.06463483829131884,0.030911715750024184,,,0.004455567172261081,0.028993815004525726
cicids_recal,0.1,s0,none,rf,fixed,-1.0,0.2,1.0,auto_malicious,accumulate,fixed_ratio,-1.0,-1.0,,5,0.01027,0.0043272176395462245,0.8902650563346033,0.011178430969299394,0.9640593968764751,0.014922135863197513,0.9256542636683068,0.01107354486325278,0.9894632781470374,0.003410714600690531,0.8170163707632003,0.005559180039630635,0.9951000000000001,0.0007826237921249275,0.86485,0.02892047285228926,0.2,0.0,0.2,0.0,1.0,0.0,7500.0,0.0,95928.4,400.8582043566024,83753109.8,195258.75065845446,567243.2281095999,1726.8425067955798,0.001695,0.007217695269267053,0.08650401232066145,0.028833132179012587,,,0.004455567172261081,0.028993815004525726
cicids_recal,0.1,s0,none,rf,recalibrated,-1.0,0.05,1.0,auto_malicious,accumulate,fixed_ratio,-1.0,-1.0,,5,0.009875,0.00021213203435596436,0.8679419632001297,0.00810922351810511,0.9644257498986997,0.0005140077112755941,0.9136266841379737,0.004372013639146763,0.9874297229877603,0.0010577557485798004,0.8061793866728152,0.010281382914938027,0.9948500000000001,0.0008587782018658755,0.808,0.01662453006854631,0.050001583330694446,0.0,0.050001583330694446,0.0,1.0,0.0,1579.0,0.0,20285.4,230.0712932984029,17703981.6,106965.00520871334,120390.09205559999,1339.5919539958188,0.0002549999999999997,0.0005007494383421715,0.05829618221609793,0.03249795737562259,,,0.0006087658978354054,0.030293837226850386
cicids_recal,0.1,s0,none,rf,recalibrated,-1.0,0.2,1.0,auto_malicious,accumulate,fixed_ratio,-1.0,-1.0,,5,0.00993,7.78620575119867e-05,0.8883034773445733,0.017071204892506055,0.965015930066682,0.000555542227936746,0.9250070437605287,0.009557001460377272,0.9894632781470374,0.003410714600690531,0.8152640073783722,0.012612636724745132,0.99515,0.0005477225575051823,0.86065,0.04110527642529605,0.2,0.0,0.2,0.0,1.0,0.0,7500.0,0.0,95928.4,400.8582043566024,83753109.8,195258.75065845446,567243.2281095999,1726.8425067955798,0.00030999999999999984,0.0005026803159066407,0.0786576963605415,0.03706594120232546,,,0.0006087658978354054,0.030293837226850386
cicids_recal,0.1,s0,none,xgboost,fixed,-1.0,0.05,1.0,auto_malicious,accumulate,fixed_ratio,-1.0,-1.0,,5,0.00516,0.0059771596515401865,0.8499635243576235,0.017020904948819093,0.9813562950054674,0.021188923115311235,0.9106558885801889,0.005530395166711313,0.9892950680878657,0.0009545388072473151,0.7875028821766198,0.03247479252905615,0.9942500000000001,0.0016298006013006595,0.7734,0.01632348767880198,0.050001583330694446,0.0,0.050001583330694446,0.0,1.0,0.0,1579.0,0.0,20285.4,230.0712932984029,17703981.6,106965.00520871334,120390.09205559999,1339.5919539958188,-0.0015999999999999994,0.004931911394175688,0.055475399205641554,0.01660655620431223,,,0.0061113621389897645,0.027101945221866316
cicids_recal,0.1,s0,none,xgboost,fixed,-1.0,0.2,1.0,auto_malicious,accumulate,fixed_ratio,-1.0,-1.0,,5,0.004710000000000001,0.004783029897460395,0.8705844208478559,0.027226918746291476,0.9833822709654738,0.016281077322198932,0.9231350179955147,0.00822414197418912,0.9920117435357056,0.0007107616836087861,0.8002766889554991,0.02292758004947693,0.9938499999999999,0.0020432816741702323,0.82355,0.05902472998667595,0.2,0.0,0.2,0.0,1.0,0.0,7500.0,0.0,95928.4,400.8582043566024,83753109.8,195258.75065845446,567243.2281095999,1726.8425067955798,-0.0020499999999999997,0.0028489581429006635,0.0760962956958742,0.011636886708376796,,,0.0061113621389897645,0.027101945221866316
cicids_recal,0.1,s0,none,xgboost,recalibrated,-1.0,0.05,1.0,auto_malicious,accumulate,fixed_ratio,-1.0,-1.0,,5,0.00859,0.0010420232722928987,0.8637756342708924,0.002737758849974472,0.9687778036100083,0.0036339803842597783,0.9132625761897266,0.0017894013612714972,0.9892950680878657,0.0009545388072473151,0.8109753285681347,0.0042777560171111334,0.99555,0.00020916500663351577,0.78925,0.006526388741103297,0.050001583330694446,0.0,0.050001583330694446,0.0,1.0,0.0,1579.0,0.0,20285.4,230.0712932984029,17703981.6,106965.00520871334,120390.09205559999,1339.5919539958188,0.0005449999999999997,0.0015521557589365826,0.0527032503850207,0.021056991109247455,,,0.0013768771972570868,0.020048535258507114
cicids_recal,0.1,s0,none,xgboost,recalibrated,-1.0,0.2,1.0,auto_malicious,accumulate,fixed_ratio,-1.0,-1.0,,5,0.00944,0.0005691550755286301,0.8953554348707142,0.005671962027569068,0.9669512361449037,0.001860060618183953,0.9297676476822445,0.0029190358078903566,0.9920117435357056,0.0007107616836087861,0.8246714318653448,0.004595892485055785,0.9958,0.0004107919181288589,0.87155,0.0193837883294262,0.2,0.0,0.2,0.0,1.0,0.0,7500.0,0.0,95928.4,400.8582043566024,83753109.8,195258.75065845446,567243.2281095999,1726.8425067955798,0.001395,0.0020029197437740737,0.08428305098484237,0.0242296935142801,,,0.0013768771972570868,0.020048535258507114
cicids_recal,0.1,s0j,none,rf,fixed,0.7,0.05,1.0,auto_malicious,accumulate,fixed_ratio,-1.0,-1.0,,5,0.009729999999999999,0.003615997441923874,0.8065818270243982,0.016783435070372422,0.962495861925419,0.013597051157057474,0.8775658169078764,0.01173780661987551,0.9774912616519412,0.0063631296932539294,0.7368688033202675,0.04156107480154445,0.99495,0.000541987084717009,0.6938,0.0368066739871997,0.050001583330694446,0.0,0.050001583330694446,0.0,1.0,0.0,1579.0,0.0,29008.125658081415,379.3721807959834,656428551.2398046,409474119.96205616,2597346.7917973604,112892.02577002787,0.0011550000000000002,0.004442212286687793,0.0028207830104563848,0.01696933312512395,,,0.004455567172261081,0.028993815004525726
cicids_recal,0.1,s0j,none,rf,fixed,0.7,0.2,1.0,auto_malicious,accumulate,fixed_ratio,-1.0,-1.0,,5,0.012265,0.004136521787685881,0.8059495825565373,0.025860734710935678,0.9530547899876854,0.015601689956073856,0.8731842541355554,0.01831365663621826,0.9862191584258733,0.0026977874408678592,0.6955499192990546,0.06812101845182485,0.9949999999999999,0.00017677669529663048,0.7365999999999999,0.018271049504612495,0.2,0.0,0.2,0.0,1.0,0.0,7500.0,0.0,137268.65182890056,1185.542913952739,2398242134.871764,327442345.5957944,12099160.917011471,385874.60168550734,0.0036899999999999997,0.004103832050657044,0.002188538542595464,0.03721897119683345,,,0.004455567172261081,0.028993815004525726
cicids_recal,0.1,s0j,none,rf,fixed,1.5,0.02,1.0,auto_malicious,accumulate,fixed_ratio,-1.0,-1.0,,5,0.00998,0.0025755096583006637,0.8091270162924535,0.011353100431268762,0.9616533041728248,0.009327400919478573,0.8787552008645048,0.00650249405204463,0.9651236704628353,0.006557877241976938,0.7678579663361771,0.010747574395839595,0.9949,0.0008023403267940311,0.6681,0.027176276418965112,0.0199921599372795,0.0,0.0199921599372795,0.0,1.0,0.0,612.0,0.0,39076.10143144668,4361.419897696462,61928849525.81155,19692187211.02863,1804426.6343096797,178922.29301475955,0.001405,0.006145842090389241,0.005365972278511833,0.01980117744545879,,,0.004455567172261081,0.028993815004525726
cicids_recal,0.1,s0j,none,rf,fixed,1.5,0.05,1.0,auto_malicious,accumulate,fixed_ratio,-1.0,-1.0,,5,0.009585,0.00438290714024379,0.7981681121828645,0.018513847892005414,0.9628585868020645,0.01622706396754133,0.8726182686519699,0.010357032600501626,0.9638222598686876,0.008832269820867704,0.7621858427484436,0.013645430755459547,0.99505,0.0005968668193156645,0.6403000000000001,0.05052208675421078,0.050001583330694446,0.0,0.050001583330694446,0.0,1.0,0.0,1579.0,0.0,101379.80058627117,7107.70011280924,180837496776.15164,19392117975.17464,4760299.077959494,138689.22886791584,0.00101,0.004711011037983248,-0.005592931831077208,0.024521378556884094,,,0.004455567172261081,0.028993815004525726
cicids_recal,0.1,s0j,none,rf,fixed,1.5,0.2,1.0,auto_malicious,accumulate,fixed_ratio,-1.0,-1.0,,5,0.013275,0.006841052550594829,0.7680635486747184,0.010206841301021449,0.9475058622318207,0.026204570175391774,0.8482444069067393,0.012164665023915089,0.9800552956553457,0.0030598837935476514,0.6269310583352548,0.0274697893387585,0.99475,0.00039528470752105653,0.6944,0.03358599038289624,0.2,0.0,0.2,0.0,1.0,0.0,7500.0,0.0,486867.4876050026,29272.94567453774,827400334251.0446,92341326012.81926,22713169.748876266,559032.519427253,0.004700000000000001,0.009656587777263768,-0.035697495339223465,0.034498608081810704,,,0.004455567172261081,0.028993815004525726
cicids_recal,0.1,s0j,none,rf,fixed,1.5,0.5,1.0,auto_malicious,accumulate,fixed_ratio,-1.0,-1.0,,5,0.014055000000000002,0.005449266005619473,0.7700251276647483,0.011046731619101822,0.9444657370174436,0.020526083368091145,0.8482651624891335,0.010978167009425064,0.9814840650077004,0.0018873990346640762,0.6120820843901315,0.016333862226031157,0.9948,0.0007786205751198574,0.7165,0.024282195123176184,0.5,0.0,0.5,0.0,1.0,0.0,30000.0,0.0,1886574.1657025316,49936.37939599403,3411612691156.199,163589158771.72266,90879716.35372917,1020177.6945278554,0.0054800000000000005,0.00695764866891107,-0.033735916349193464,0.02051569695144132,,,0.004455567172261081,0.028993815004525726
cicids_recal,0.1,s0j,none,rf,recalibrated,0.7,0.05,1.0,auto_malicious,accumulate,fixed_ratio,-1.0,-1.0,,5,0.00957,0.00039107224396522943,0.8070033233363054,0.032107774990981504,0.9629202230992207,0.0022832603096940543,0.8778442383126676,0.019761889165761652,0.9774912616519412,0.0063631296932539294,0.7256629006225501,0.06811454048430926,0.9948,0.001051784198398143,0.7074,0.05208364666572418,0.050001583330694446,0.0,0.050001583330694446,0.0,1.0,0.0,1579.0,0.0,29008.125658081415,379.3721807959834,656428551.2398046,409474119.96205616,2597346.7917973604,112892.02577002787,-5.000000000000039e-05,0.000628241593656453,-0.002642457647726326,0.029683328383620717,,,0.0006087658978354054,0.030293837226850386
cicids_recal,0.1,s0j,none,rf,recalibrated,0.7,0.2,1.0,auto_malicious,accumulate,fixed_ratio,-1.0,-1.0,,5,0.009970000000000001,4.4721359549995396e-05,0.8075220880278836,0.034697814218894514,0.9614618160994242,0.001461209544410138,0.8774923109242895,0.02124654066177498,0.9862191584258733,0.0026977874408678592,0.7048651141341942,0.08147639559018546,0.99495,0.000570087712549561,0.7314,0.028332071050313292,0.2,0.0,0.2,0.0,1.0,0.0,7500.0,0.0,137268.65182890056,1185.542913952739,2398242134.871764,327442345.5957944,12099160.917011471,385874.60168550734,0.00034999999999999994,0.00042278836313219457,-0.0021236929561481376,0.028619279738184705,,,0.0006087658978354054,0.030293837226850386
cicids_recal,0.1,s0j,none,rf,recalibrated,1.5,0.02,1.0,auto_malicious,accumulate,fixed_ratio,-1.0,-1.0,,5,0.009515,0.0004248529157249605,0.8073599740617654,0.011211912534984493,0.9631896524266947,0.0017162469566477194,0.8783866483947899,0.006980629626114359,0.9651236704628353,0.006557877241976938,0.7670740142955961,0.010085345111011113,0.9948,0.0010216408370851172,0.6636,0.027192370253436893,0.0199921599372795,0.0,0.0199921599372795,0.0,1.0,0.0,612.0,0.0,39076.10143144668,4361.419897696462,61928849525.81155,19692187211.02863,1804426.6343096797,178922.29301475955,-0.00010500000000000057,0.0008660975695613059,-0.0022858069222663423,0.02670470252966942,,,0.0006087658978354054,0.030293837226850386
cicids_recal,0.1,s0j,none,rf,recalibrated,1.5,0.05,1.0,auto_malicious,accumulate,fixed_ratio,-1.0,-1.0,,5,0.009815,0.00022541628157699733,0.7923320094026101,0.03750972650461413,0.9613118600748243,0.002241615769712483,0.8683286731524369,0.02344349186197815,0.9638222598686876,0.008832269820867704,0.7600184459303666,0.02877210385894296,0.9946999999999999,0.0011911129249571502,0.625,0.08727936468604704,0.050001583330694446,0.0,0.050001583330694446,0.0,1.0,0.0,1579.0,0.0,101379.80058627117,7107.70011280924,180837496776.15164,19392117975.17464,4760299.077959494,138689.22886791584,0.00019499999999999935,0.0004546289696004863,-0.017313771581421732,0.027695677791232286,,,0.0006087658978354054,0.030293837226850386
cicids_recal,0.1,s0j,none,rf,recalibrated,1.5,0.2,1.0,auto_malicious,accumulate,fixed_ratio,-1.0,-1.0,,5,0.00953,0.00048906799118323,0.7536678284834238,0.04652773206801143,0.9605790226719677,0.001430113986023827,0.8440142174338428,0.02972264597918444,0.9800552956553457,0.0030598837935476514,0.6297440627161632,0.04559990358350083,0.9946999999999999,0.0012673791855636752,0.647,0.0944996693115907,0.2,0.0,0.2,0.0,1.0,0.0,7500.0,0.0,486867.4876050026,29272.94567453774,827400334251.0446,92341326012.81926,22713169.748876266,559032.519427253,-9.00000000000005e-05,0.0004495136260448617,-0.05597795250060791,0.03808654506250316,,,0.0006087658978354054,0.030293837226850386
cicids_recal,0.1,s0j,none,rf,recalibrated,1.5,0.5,1.0,auto_malicious,accumulate,fixed_ratio,-1.0,-1.0,,5,0.00949,0.0007837410286567878,0.7663937748237011,0.010839685822383982,0.9614343294440741,0.002636089664113273,0.8528587280452766,0.005847764470433758,0.9814840650077004,0.0018873990346640762,0.6030896933364076,0.009419171911781793,0.99455,0.0006471089552772264,0.7153,0.026428204630659265,0.5,0.0,0.5,0.0,1.0,0.0,30000.0,0.0,1886574.1657025316,49936.37939599403,3411612691156.199,163589158771.72266,90879716.35372917,1020177.6945278554,-0.0001300000000000006,0.00044525273721786405,-0.04325200616033069,0.021444941946360124,,,0.0006087658978354054,0.030293837226850386
cicids_recal,0.1,s0j,none,xgboost,fixed,0.7,0.05,1.0,auto_malicious,accumulate,fixed_ratio,-1.0,-1.0,,5,0.003125,0.002653358720565314,0.8090621707060063,0.03585452822623983,0.9880583323134127,0.010025592223527231,0.8891244040821811,0.017989215182807664,0.9904706379184567,0.0013154876664486633,0.7426792713857505,0.05477239794985946,0.9942,0.0012796483892069696,0.6959,0.051125336184713724,0.050001583330694446,0.0,0.050001583330694446,0.0,1.0,0.0,1579.0,0.0,29008.125658081415,379.3721807959834,656428551.2398046,409474119.96205616,2597346.7917973604,112892.02577002787,-0.003635,0.005383005665982527,0.014574045554024483,0.023968373083177345,,,0.0061113621389897645,0.027101945221866316
cicids_recal,0.1,s0j,none,xgboost,fixed,0.7,0.2,1.0,auto_malicious,accumulate,fixed_ratio,-1.0,-1.0,,5,0.0014550000000000001,0.001293058390019569,0.8041339061360135,0.03806294728028315,0.9943399634658656,0.0049046553066305785,0.8887086389558785,0.021968698730552464,0.9908711732998297,0.0010732301895230228,0.6967489047728844,0.09300535565297169,0.9944000000000001,0.0015062370331392389,0.7303,0.01837491496578964,0.2,0.0,0.2,0.0,1.0,0.0,7500.0,0.0,137268.65182890056,1185.542913952739,2398242134.871764,327442345.5957944,12099160.917011471,385874.60168550734,-0.005305,0.006272469609332515,0.00964578098403177,0.025730198394574945,,,0.0061113621389897645,0.027101945221866316
cicids_recal,0.1,s0j,none,xgboost,fixed,1.5,0.02,1.0,auto_malicious,accumulate,fixed_ratio,-1.0,-1.0,,5,0.00349,0.00385521562302292,0.8094188214314663,0.047306712253986215,0.9868586947354736,0.014142365777213155,0.8885074058958848,0.025564713538780058,0.9865678947475075,0.0006408284539266855,0.7595572976712013,0.047792683417331984,0.9942,0.00207966343430852,0.6787,0.09272984956312616,0.0199921599372795,0.0,0.0199921599372795,0.0,1.0,0.0,612.0,0.0,39076.10143144668,4361.419897696462,61928849525.81155,19692187211.02863,1804426.6343096797,178922.29301475955,-0.0032699999999999995,0.0037526823739826415,0.01493069627948449,0.03148426851135267,,,0.0061113621389897645,0.027101945221866316
cicids_recal,0.1,s0j,none,xgboost,fixed,1.5,0.05,1.0,auto_malicious,accumulate,fixed_ratio,-1.0,-1.0,,5,0.005605000000000001,0.0057440295089771255,0.795817459674151,0.035010142782346945,0.9786729778725887,0.021594209237246777,0.8771272736338898,0.015325095843312962,0.9870605971873226,0.0015590653663539451,0.7436476827299977,0.04466340520319086,0.9934000000000001,0.003034180284689755,0.6548,0.06554897977848316,0.050001583330694446,0.0,0.050001583330694446,0.0,1.0,0.0,1579.0,0.0,101379.80058627117,7107.70011280924,180837496776.15164,19392117975.17464,4760299.077959494,138689.22886791584,-0.0011549999999999998,0.003324219833284194,0.001329334522169101,0.017567743064006196,,,0.0061113621389897645,0.027101945221866316
cicids_recal,0.1,s0j,none,xgboost,fixed,1.5,0.2,1.0,auto_malicious,accumulate,fixed_ratio,-1.0,-1.0,,5,0.00121,0.001196557562342907,0.7690200210748156,0.0536718921968923,0.9951248939675486,0.0046010359739630914,0.866659811904109,0.03335107914546905,0.9882556050903786,0.0006312409351509068,0.7042656213972792,0.051739776328160104,0.9943500000000001,0.0014641550464345836,0.6139,0.11098628856755237,0.2,0.0,0.2,0.0,1.0,0.0,7500.0,0.0,486867.4876050026,29272.94567453774,827400334251.0446,92341326012.81926,22713169.748876266,559032.519427253,-0.005549999999999999,0.006424100131535933,-0.025468104077166244,0.03538531431640234,,,0.0061113621389897645,0.027101945221866316
cicids_recal,0.1,s0j,none,xgboost,fixed,1.5,0.5,1.0,auto_malicious,accumulate,fixed_ratio,-1.0,-1.0,,5,0.002475,0.0027368435285927474,0.7735430007295129,0.05086096074145906,0.9902777455618832,0.010471107517330392,0.8676302327447033,0.029267322581031804,0.9891180947556132,0.002054983901265014,0.6427945584505419,0.11401073527593657,0.9936,0.0035820734219163984,0.69525,0.03372360078639291,0.5,0.0,0.5,0.0,1.0,0.0,30000.0,0.0,1886574.1657025316,49936.37939599403,3411612691156.199,163589158771.72266,90879716.35372917,1020177.6945278554,-0.004285,0.004843120120335649,-0.020945124422468986,0.03204610147356471,,,0.0061113621389897645,0.027101945221866316
cicids_recal,0.1,s0j,none,xgboost,recalibrated,0.7,0.05,1.0,auto_malicious,accumulate,fixed_ratio,-1.0,-1.0,,5,0.00956,0.0007596462992735504,0.8646024154980951,0.014614284071772794,0.9653739829252148,0.0029417086642384107,0.9121711140269368,0.008980741624966869,0.9904706379184567,0.0013154876664486633,0.8282683882868342,0.018090447120741815,0.9962,0.0005700877125496495,0.7724,0.026519214731963708,0.050001583330694446,0.0,0.050001583330694446,0.0,1.0,0.0,1579.0,0.0,29008.125658081415,379.3721807959834,656428551.2398046,409474119.96205616,2597346.7917973604,112892.02577002787,0.0015149999999999999,0.002160483163553931,0.0535300316122234,0.02872790302240008,,,0.0013768771972570868,0.020048535258507114
cicids_recal,0.1,s0j,none,xgboost,recalibrated,0.7,0.2,1.0,auto_malicious,accumulate,fixed_ratio,-1.0,-1.0,,5,0.008755,0.001720410561464908,0.8596903623247144,0.016375015279521454,0.9680474810917561,0.0062574745297568945,0.9105934337200198,0.010142679351492968,0.9908711732998297,0.0010732301895230228,0.8151717777265391,0.024413978894430702,0.99655,0.0005123475382979566,0.7711,0.025976311323973645,0.2,0.0,0.2,0.0,1.0,0.0,7500.0,0.0,137268.65182890056,1185.542913952739,2398242134.871764,327442345.5957944,12099160.917011471,385874.60168550734,0.0007099999999999997,0.002930528962491243,0.048617978438842545,0.03426431215650546,,,0.0013768771972570868,0.020048535258507114
cicids_recal,0.1,s0j,none,xgboost,recalibrated,1.5,0.02,1.0,auto_malicious,accumulate,fixed_ratio,-1.0,-1.0,,5,0.009545000000000001,0.000309939510227399,0.8414201183431953,0.01384445202893251,0.9645255061724363,0.0009534818274067087,0.8987281241503805,0.007933768792553426,0.9865678947475075,0.0006408284539266855,0.8088079317500576,0.01605796109924717,0.99605,0.0005123475382980016,0.7221500000000001,0.04013010092187663,0.0199921599372795,0.0,0.0199921599372795,0.0,1.0,0.0,612.0,0.0,39076.10143144668,4361.419897696462,61928849525.81155,19692187211.02863,1804426.6343096797,178922.29301475955,0.0014999999999999998,0.001739252713092609,0.030347734457323527,0.023877755558387132,,,0.0013768771972570868,0.020048535258507114
cicids_recal,0.1,s0j,none,xgboost,recalibrated,1.5,0.05,1.0,auto_malicious,accumulate,fixed_ratio,-1.0,-1.0,,5,0.009065,0.0013262494109329513,0.8289859771419309,0.024347027051099843,0.9658407451856835,0.004247403018095263,0.8920087304927822,0.012963670350667159,0.9870605971873226,0.0015590653663539451,0.7910998385981094,0.030984135954893365,0.99555,0.0008366600265340981,0.7035,0.05132403189539966,0.050001583330694446,0.0,0.050001583330694446,0.0,1.0,0.0,1579.0,0.0,101379.80058627117,7107.70011280924,180837496776.15164,19392117975.17464,4760299.077959494,138689.22886791584,0.0010199999999999999,0.0016635241206547024,0.017913593256059034,0.038654621130855916,,,0.0013768771972570868,0.020048535258507114
cicids_recal,0.1,s0j,none,xgboost,recalibrated,1.5,0.2,1.0,auto_malicious,accumulate,fixed_ratio,-1.0,-1.0,,5,0.009405,0.0009351470472604833,0.8212207181648699,0.014299448906411135,0.9642123701682694,0.003331414445155069,0.8869324777221816,0.008258997733355155,0.9882556050903786,0.0006312409351509068,0.7782799169933133,0.013533935423067854,0.99605,0.0006937218462755862,0.69295,0.03814872212800845,0.2,0.0,0.2,0.0,1.0,0.0,7500.0,0.0,486867.4876050026,29272.94567453774,827400334251.0446,92341326012.81926,22713169.748876266,559032.519427253,0.0013599999999999999,0.0016041547618605885,0.01014833427899815,0.024765156857266112,,,0.0013768771972570868,0.020048535258507114
cicids_recal,0.1,s0j,none,xgboost,recalibrated,1.5,0.5,1.0,auto_malicious,accumulate,fixed_ratio,-1.0,-1.0,,5,0.009255,0.0009773049677557154,0.8645537813082598,0.025329107534207623,0.9664277903726903,0.003714274541582427,0.9125146141931012,0.015092830340309176,0.9891180947556132,0.002054983901265014,0.7709015448466683,0.019584961680555256,0.9964000000000001,0.00022360679774997814,0.8342499999999999,0.05978764504477488,0.5,0.0,0.5,0.0,1.0,0.0,30000.0,0.0,1886574.1657025316,49936.37939599403,3411612691156.199,163589158771.72266,90879716.35372917,1020177.6945278554,0.0012099999999999997,0.0020121195292526735,0.05348139742238796,0.031044898584504335,,,0.0013768771972570868,0.020048535258507114
synthetic,0.0,a1,none,rf,fixed,0.0,0.05,1.0,auto_malicious,accumulate,fixed_ratio,-1.0,-1.0,,5,0.009523809523809523,0.0020801962974728847,0.8842343474981142,0.012857710620134266,0.9650234066986553,0.006981352394952162,0.9227914640527857,0.005692734076802043,0.9879452297465026,0.0013557226022107537,0.9478074866310161,0.00589368540540046,0.9972222222222221,0.0026329428625178584,0.47583892617449663,0.06156369290670855,0.0500066631130064,0.0,,,,,1501.0,0.0,32737.09257004261,590.0552247496273,7745286.519828796,203957.0963255749,7502.616991503125,241.55763668498582,0.0007750204933303524,0.0006882629041817611,0.014181543877294468,0.005547785917232723,0.4906516234857284,0.0012813856445077546,0.001383825125230783,0.00913228887688969
synthetic,0.0,a1,none,rf,fixed,0.0,0.2,1.0,auto_malicious,accumulate,fixed_ratio,-1.0,-1.0,,5,0.019748118339667636,0.005604222255640766,0.9120945436258486,0.009512830195846915,0.9323094962156006,0.017139052104926625,0.921941546017887,0.004231633138497473,0.9825367931332863,0.0020582441927184257,0.9571479500891267,0.0054964429585624185,0.9993055555555556,0.0009509072178909379,0.6157718120805369,0.03998783653628517,0.20000561104253173,0.0,,,,,7129.0,0.0,156141.30901993215,457.4382180035699,36752365.66412296,562387.5296097856,35415.217625868754,368.7023952447323,0.010999329309188463,0.0042866211818460495,0.04204174000502896,0.0063844463835142015,0.4910401899415679,0.0016306029508555378,0.001383825125230783,0.00913228887688969
synthetic,0.0,a1,none,rf,fixed,0.3,0.05,1.0,auto_malicious,accumulate,fixed_ratio,-1.0,-1.0,,5,0.011073850510470228,0.0022539429797908865,0.8948453608247423,0.012128709771837451,0.9599583437105569,0.007880853792820997,0.9262180233895826,0.007880151885901337,0.9904243329392161,0.0014065029521457472,0.9503030303030304,0.004069483971515438,0.9986111111111111,0.001452534768288352,0.5335570469798657,0.07506397133646824,0.0500066631130064,0.0,,,,,1501.0,0.0,35326.24707464193,755.6742387580769,8713591.602472248,367917.83592636994,8510.853153252447,298.6191847232078,0.002325061479991057,0.0011811081455344783,0.02479255720392255,0.013154245399721815,0.528299852512463,0.0021194928608094447,0.001383825125230783,0.00913228887688969
synthetic,0.0,a1,none,rf,fixed,0.3,0.2,1.0,auto_malicious,accumulate,fixed_ratio,-1.0,-1.0,,5,0.023265519040166927,0.0044492964199375805,0.9257229067136032,0.014100708168345709,0.9220890748834314,0.013007835208893094,0.9237654129709945,0.005208916332823472,0.9883307125367988,0.002059522467964683,0.9597860962566844,0.0028896804462259875,1.0,0.0,0.6936241610738255,0.08116020000006884,0.20000561104253173,0.0,,,,,7129.0,0.0,167557.7049081192,654.2863854810627,41129696.76794374,733345.2795949522,40357.23974159858,729.3363407819189,0.014516730009687756,0.003458377930758281,0.05567010309278353,0.005757505186651904,0.5270068208678202,0.00121120763273702,0.001383825125230783,0.00913228887688969
synthetic,0.0,a1,none,rf,fixed,1.5,0.05,1.0,auto_malicious,accumulate,fixed_ratio,-1.0,-1.0,,5,0.010343542737908936,0.0008067586915701236,0.9020367110887604,0.005415141147779431,0.9627572500240126,0.0027745650579141016,0.931399869945758,0.0031122704721699714,0.9918664540348378,0.0011329774516333183,0.9432442067736184,0.002612487837513218,0.998263888888889,0.0,0.6151006711409396,0.03814301272049078,0.0500066631130064,0.0,,,,,1501.0,0.0,209182.127028194,47215.73332733205,156807879.45437163,37764376.64481323,137386.97471113404,16124.361027946205,0.0015947537074297636,0.0012870827619443804,0.031983907467940664,0.010825903061909517,1.1947116189992601,0.007166236128278036,0.001383825125230783,0.00913228887688969
synthetic,0.0,a1,none,rf,fixed,1.5,0.2,1.0,auto_malicious,accumulate,fixed_ratio,-1.0,-1.0,,5,0.015008569938147403,0.0029051801437496735,0.9310032687955745,0.005638220334191207,0.9484879223380872,0.009391785259999088,0.9396383434939329,0.005384154063404872,0.9903746527629631,0.0006999403963057592,0.9462388591800357,0.005260128442330999,0.998263888888889,0.0,0.7942953020134229,0.04172087070825928,0.20000561104253173,0.0,,,,,7129.0,0.0,911908.9770717422,66764.21799279931,680628945.6726929,124920369.19069825,718993.0514537969,52074.25409033577,0.006259780907668232,0.00179393443881224,0.060950465174754866,0.012894537500331893,1.1931544059787318,0.011070854522979219,0.001383825125230783,0.00913228887688969
synthetic,0.0,a1,none,rf,recalibrated,0.0,0.05,1.0,auto_malicious,accumulate,fixed_ratio,-1.0,-1.0,,5,0.009985840971756465,0.0,0.8862962031682173,0.007748856672854301,0.9633738972769323,0.0003076505133068447,0.9232160352628407,0.004340037891546115,0.9879452297465026,0.0013557226022107537,0.9485918003565063,0.0025880486863289584,0.9975694444444445,0.0026329428625178667,0.4855704697986577,0.04510895976887645,0.0500066631130064,0.0,,,,,1501.0,0.0,32737.09257004261,590.0552247496273,7745286.519828796,203957.0963255749,7502.616991503125,241.55763668498582,0.0,0.0,0.007744531053557968,0.008127186134203896,0.4906516234857284,0.0012813856445077546,0.0,0.007866573304813173
synthetic,0.0,a1,none,rf,recalibrated,0.0,0.2,1.0,auto_malicious,accumulate,fixed_ratio,-1.0,-1.0,,5,0.009985840971756465,0.0,0.8799597686698517,0.005493386124339899,0.9631209051468348,0.00022194695741753264,0.9196575530857993,0.0031026137099484405,0.9825367931332863,0.0020582441927184257,0.94174688057041,0.0019461453210632546,0.9989583333333332,0.0009509072178909442,0.4741610738255034,0.033062632933572554,0.20000561104253173,0.0,,,,,7129.0,0.0,156141.30901993215,457.4382180035699,36752365.66412296,562387.5296097856,35415.217625868754,368.7023952447323,0.0,0.0,0.0014080965551923398,0.01410407063029984,0.4910401899415679,0.0016306029508555378,0.0,0.007866573304813173
synthetic,0.0,a1,none,rf,recalibrated,0.3,0.05,1.0,auto_malicious,accumulate,fixed_ratio,-1.0,-1.0,,5,0.009985840971756465,0.0,0.8898164445561981,0.01587836014505495,0.963506948430356,0.0006271928127417277,0.9251420838933548,0.00887006594873824,0.9904243329392161,0.0014065029521457472,0.9477361853832441,0.0026749848816120057,0.9979166666666666,0.001452534768288285,0.512751677852349,0.09514769148250893,0.0500066631130064,0.0,,,,,1501.0,0.0,35326.24707464193,755.6742387580769,8713591.602472248,367917.83592636994,8510.853153252447,298.6191847232078,0.0,0.0,0.01126477244153885,0.015978585145410076,0.528299852512463,0.0021194928608094447,0.0,0.007866573304813173
synthetic,0.0,a1,none,rf,recalibrated,0.3,0.2,1.0,auto_malicious,accumulate,fixed_ratio,-1.0,-1.0,,5,0.009985840971756465,0.0,0.8702539602715614,0.01269365609602067,0.9627200641099242,0.00052915808213,0.9141186139261015,0.0072762305168567925,0.9883307125367988,0.002059522467964683,0.9385383244206773,0.0040144565448154606,0.998263888888889,0.0012276159395599806,0.4251677852348993,0.06993444780489251,0.20000561104253173,0.0,,,,,7129.0,0.0,167557.7049081192,654.2863854810627,41129696.76794374,733345.2795949522,40357.23974159858,729.3363407819189,0.0,0.0,-0.0082977118430978,0.009971023414080132,0.5270068208678202,0.00121120763273702,0.0,0.007866573304813173
synthetic,0.0,a1,none,rf,recalibrated,1.5,0.05,1.0,auto_malicious,accumulate,fixed_ratio,-1.0,-1.0,,5,0.009985840971756465,0.0,0.9003771687201407,0.00831179609472701,0.9639257995687561,0.0003191572736863467,0.9310537012008308,0.004580939500569187,0.9918664540348378,0.0011329774516333183,0.942174688057041,0.0008876933759707331,0.998263888888889,0.0,0.6090604026845637,0.051537659575193503,0.0500066631130064,0.0,,,,,1501.0,0.0,209182.127028194,47215.73332733205,156807879.45437163,37764376.64481323,137386.97471113404,16124.361027946205,0.0,0.0,0.021825496605481498,0.011955448587214135,1.1947116189992601,0.007166236128278036,0.0,0.007866573304813173
synthetic,0.0,a1,none,rf,recalibrated,1.5,0.2,1.0,auto_malicious,accumulate,fixed_ratio,-1.0,-1.0,,5,0.009970936731500112,3.332689436619422e-05,0.911792808649736,0.008041156914525055,0.9644127330915083,0.0003396142153085548,0.9373514082267743,0.004394591863105942,0.9903746527629631,0.0006999403963057592,0.9370409982174689,0.0023594142043171645,0.998263888888889,0.0,0.7093959731543624,0.05472217112644762,0.20000561104253173,0.0,,,,,7129.0,0.0,911908.9770717422,66764.21799279931,680628945.6726929,124920369.19069825,718993.0514537969,52074.25409033577,-1.4904240256352966e-05,3.332689436619412e-05,0.033241136535076654,0.013847109758901093,1.1931544059787318,0.011070854522979219,0.0,0.007866573304813173
synthetic,0.0,a1,none,xgboost,fixed,0.0,0.05,1.0,auto_malicious,accumulate,fixed_ratio,-1.0,-1.0,,5,0.00934495864073329,0.002609625643048691,0.881820467689213,0.015266923454728581,0.9656355172375098,0.008674748016230683,0.9217120779712455,0.005667196813194019,0.9858831642103059,0.005388271976191922,0.9512299465240641,0.0068082424961667535,0.9979166666666666,0.0019018144357818441,0.4429530201342282,0.07385409757407303,0.0500066631130064,0.0,,,,,1501.0,0.0,32737.09257004261,590.0552247496273,7745286.519828796,203957.0963255749,7502.616991503125,241.55763668498582,0.0009836798569192939,0.0009148217327326274,0.01614282122202666,0.007825985860014713,0.4906516234857284,0.0012813856445077546,0.0018537474191857124,0.008153773748273347
synthetic,0.0,a1,none,xgboost,fixed,0.0,0.2,1.0,auto_malicious,accumulate,fixed_ratio,-1.0,-1.0,,5,0.05457932781876444,0.08533817417210618,0.9212471712345989,0.039901289568421316,0.871244750895165,0.15982481638993454,0.8854510584871887,0.08316646255431841,0.9827022088387617,0.009771804560872137,0.9640641711229947,0.016061387506436035,0.9986111111111111,0.0007764124921874521,0.6449664429530202,0.19281655518620788,0.20000561104253173,0.0,,,,,7129.0,0.0,156141.30901993215,457.4382180035699,36752365.66412296,562387.5296097856,35415.217625868754,368.7023952447323,0.04621804903495045,0.0838496217896471,0.055569524767412615,0.03246524778882804,0.4910401899415679,0.0016306029508555378,0.0018537474191857124,0.008153773748273347
synthetic,0.0,a1,none,xgboost,fixed,0.3,0.05,1.0,auto_malicious,accumulate,fixed_ratio,-1.0,-1.0,,5,0.008495416946121171,0.002274423200243215,0.8744782499371386,0.010480193936414972,0.9683755356224928,0.007793830055101766,0.9189666025807319,0.0032876281474246137,0.9852162303766068,0.0024731292892264073,0.9493761140819965,0.006332377778371357,0.9944444444444445,0.0025750689191304213,0.40604026845637586,0.045037132655938054,0.0500066631130064,0.0,,,,,1501.0,0.0,35326.24707464193,755.6742387580769,8713591.602472248,367917.83592636994,8510.853153252447,298.6191847232078,0.00013413816230717652,0.000705790922873631,0.008800603469952196,0.002600975718578949,0.528299852512463,0.0021194928608094447,0.0018537474191857124,0.008153773748273347
synthetic,0.0,a1,none,xgboost,fixed,0.3,0.2,1.0,auto_malicious,accumulate,fixed_ratio,-1.0,-1.0,,5,0.010805574185855876,0.0037789671044066177,0.8893638420920291,0.011611516106631936,0.9608780851734753,0.012452587734960007,0.9236156112419215,0.001441282976405563,0.9817223496690289,0.00214159102358201,0.9533689839572193,0.006752006049800154,0.9958333333333332,0.0023292374765622606,0.485234899328859,0.04755164988971369,0.20000561104253173,0.0,,,,,7129.0,0.0,167557.7049081192,654.2863854810627,41129696.76794374,733345.2795949522,40357.23974159858,729.3363407819189,0.002444295402041881,0.0021709856268831143,0.023686195624842844,0.003794249838559483,0.5270068208678202,0.00121120763273702,0.0018537474191857124,0.008153773748273347
synthetic,0.0,a1,none,xgboost,fixed,1.5,0.05,1.0,auto_malicious,accumulate,fixed_ratio,-1.0,-1.0,,5,0.008838214472017289,0.001941559766835927,0.8900678903696253,0.012666731035096182,0.9676844681561203,0.006398415618235896,0.9271764448827661,0.004156356696305304,0.9932686612227777,0.0008647982760884369,0.9505169340463459,0.006273902093403015,0.9958333333333332,0.0015528249843748615,0.5033557046979865,0.05699760990423839,0.0500066631130064,0.0,,,,,1501.0,0.0,209182.127028194,47215.73332733205,156807879.45437163,37764376.64481323,137386.97471113404,16124.361027946205,0.0004769356882032942,0.0004875304339755907,0.024390243902439025,0.005448314981146713,1.1947116189992601,0.007166236128278036,0.0018537474191857124,0.008153773748273347
synthetic,0.0,a1,none,xgboost,fixed,1.5,0.2,1.0,auto_malicious,accumulate,fixed_ratio,-1.0,-1.0,,5,0.00986660704970564,0.003240429997709323,0.909630374654262,0.014670952852276582,0.9649123572701441,0.010392898963111704,0.9363245773242227,0.0033278709242162067,0.9935057799277061,0.0005049086037101979,0.9500891265597147,0.006307239220304558,0.9972222222222221,0.0009509072178908661,0.6345637583892618,0.07198553661114535,0.20000561104253173,0.0,,,,,7129.0,0.0,911908.9770717422,66764.21799279931,680628945.6726929,124920369.19069825,718993.0514537969,52074.25409033577,0.0015053282658916462,0.0017013044996051585,0.0439527281870757,0.007862256651557558,1.1931544059787318,0.011070854522979219,0.0018537474191857124,0.008153773748273347
synthetic,0.0,a1,none,xgboost,recalibrated,0.0,0.05,1.0,auto_malicious,accumulate,fixed_ratio,-1.0,-1.0,,5,0.009985840971756465,0.0,0.8847372391249685,0.009256826592097952,0.9633108136915233,0.00037084544774985766,0.9223349382502224,0.005207041793791619,0.9858831642103059,0.005388271976191922,0.9531550802139037,0.0020417570143709414,0.998263888888889,0.0012276159395600034,0.45302013422818793,0.05856882441512437,0.0500066631130064,0.0,,,,,1501.0,0.0,32737.09257004261,590.0552247496273,7745286.519828796,203957.0963255749,7502.616991503125,241.55763668498582,0.0,0.0,0.010258989187830058,0.00795419729375837,0.4906516234857284,0.0012813856445077546,0.0,0.0035316004346540412
synthetic,0.0,a1,none,xgboost,recalibrated,0.0,0.2,1.0,auto_malicious,accumulate,fixed_ratio,-1.0,-1.0,,5,0.009985840971756465,0.0,0.8902690470203671,0.013972335023707283,0.9635268936785554,0.0005416092511144894,0.9254085573136835,0.007735665520587725,0.9827022088387617,0.009771804560872137,0.9470231729055258,0.0016453448497988125,0.9975694444444445,0.0009509072178908434,0.5194630872483221,0.09244646701495247,0.20000561104253173,0.0,,,,,7129.0,0.0,156141.30901993215,457.4382180035699,36752365.66412296,562387.5296097856,35415.217625868754,368.7023952447323,0.0,0.0,0.015790797083228593,0.014025177750981383,0.4910401899415679,0.0016306029508555378,0.0,0.0035316004346540412
synthetic,0.0,a1,none,xgboost,recalibrated,0.3,0.05,1.0,auto_malicious,accumulate,fixed_ratio,-1.0,-1.0,,5,0.009985840971756465,0.0,0.8839829016846869,0.006211780398892859,0.9632822901098752,0.0002506669124915226,0.9219220495151298,0.0035063408221349857,0.9852162303766068,0.0024731292892264073,0.9552228163992871,0.0013481404920634244,0.9954861111111111,0.00197947122413043,0.44093959731543625,0.036786697519133424,0.0500066631130064,0.0,,,,,1501.0,0.0,35326.24707464193,755.6742387580769,8713591.602472248,367917.83592636994,8510.853153252447,298.6191847232078,0.0,0.0,0.009504651747548377,0.0036929164453488733,0.528299852512463,0.0021194928608094447,0.0,0.0035316004346540412
synthetic,0.0,a1,none,xgboost,recalibrated,0.3,0.2,1.0,auto_malicious,accumulate,fixed_ratio,-1.0,-1.0,,5,0.009985840971756465,0.0,0.887050540608499,0.0035533128090399113,0.9634055387845677,0.00014135817600855645,0.9236499815140642,0.0019921091036034116,0.9817223496690289,0.00214159102358201,0.9513012477718361,0.0016453448497988161,0.9951388888888889,0.0014525347682882806,0.4802013422818792,0.021824983277193413,0.20000561104253173,0.0,,,,,7129.0,0.0,167557.7049081192,654.2863854810627,41129696.76794374,733345.2795949522,40357.23974159858,729.3363407819189,0.0,0.0,0.012572290671360342,0.002111246621039316,0.5270068208678202,0.00121120763273702,0.0,0.0035316004346540412
synthetic,0.0,a1,none,xgboost,recalibrated,1.5,0.05,1.0,auto_malicious,accumulate,fixed_ratio,-1.0,-1.0,,5,0.009985840971756465,0.0,0.8970580839829017,0.00544425188945409,0.9637984456666224,0.00021208082147169846,0.9292250751952199,0.003021556351351423,0.9932686612227777,0.0008647982760884369,0.9542959001782532,0.002965651956233272,0.9965277777777779,0.0012276159395599642,0.5315436241610738,0.02648669430962565,0.0500066631130064,0.0,,,,,1501.0,0.0,209182.127028194,47215.73332733205,156807879.45437163,37764376.64481323,137386.97471113404,16124.361027946205,0.0,0.0,0.022579834045763136,0.005017588448773514,1.1947116189992601,0.007166236128278036,0.0,0.0035316004346540412
synthetic,0.0,a1,none,xgboost,recalibrated,1.5,0.2,1.0,auto_malicious,accumulate,fixed_ratio,-1.0,-1.0,,5,0.009985840971756465,0.0,0.9103847120945436,0.003966154217376006,0.9643099411339093,0.00015017531976530097,0.9365684466651951,0.002171200829652311,0.9935057799277061,0.0005049086037101979,0.9505169340463459,0.001541657633542988,0.9979166666666666,0.0007764124921874366,0.6369127516778523,0.03272027182741583,0.20000561104253173,0.0,,,,,7129.0,0.0,911908.9770717422,66764.21799279931,680628945.6726929,124920369.19069825,718993.0514537969,52074.25409033577,0.0,0.0,0.035906462157405075,0.004238931961355106,1.1931544059787318,0.011070854522979219,0.0,0.0035316004346540412
synthetic,0.0,control,none,rf,fixed,-1.0,0.0,1.0,auto_malicious,accumulate,fixed_ratio,-1.0,-1.0,,5,0.008748789030479171,0.0016203863685731435,0.8700528036208197,0.012372564930299482,0.9672409616746828,0.0055450438553550216,0.9160189761465288,0.006088619359930288,0.9886990350263325,0.0012429102930816504,0.9457397504456327,0.004738985819524423,0.9979166666666666,0.0014525347682883389,0.3902684563758389,0.06052606712471506,0.0,0.0,,,,,0.0,0.0,0.0,0.0,0.0,0.0,0.0,0.0,0.0,0.0,0.0,0.0,,,0.001383825125230783,0.00913228887688969
synthetic,0.0,control,none,rf,recalibrated,-1.0,0.0,1.0,auto_malicious,accumulate,fixed_ratio,-1.0,-1.0,,5,0.009985840971756465,0.0,0.8785516721146592,0.010845741426296022,0.9630608829145402,0.0004381076829202921,0.9188413754234279,0.006124669433665384,0.9886990350263325,0.0012429102930816504,0.9502317290552584,0.003579294231161804,0.998263888888889,0.0,0.425503355704698,0.056558807433120764,0.0,0.0,,,,,0.0,0.0,0.0,0.0,0.0,0.0,0.0,0.0,0.0,0.0,0.0,0.0,,,0.0,0.007866573304813173
synthetic,0.0,control,none,xgboost,fixed,-1.0,0.0,1.0,auto_malicious,accumulate,fixed_ratio,-1.0,-1.0,,5,0.008361278783813996,0.0017045655808028378,0.8656776464671863,0.008252633935018761,0.9685047873840669,0.0059300692767533985,0.9141683353869203,0.0028696907625534577,0.9854675075476372,0.0008855991525332749,0.9503743315508022,0.005168725760980951,0.9961805555555555,0.0019018144357818255,0.3409395973154362,0.033164652099972505,0.0,0.0,,,,,0.0,0.0,0.0,0.0,0.0,0.0,0.0,0.0,0.0,0.0,0.0,0.0,,,0.0018537474191857124,0.008153773748273347
synthetic,0.0,control,none,xgboost,recalibrated,-1.0,0.0,1.0,auto_malicious,accumulate,fixed_ratio,-1.0,-1.0,,5,0.009985840971756465,0.0,0.8744782499371386,0.0034950063573334664,0.9628989444581058,0.00014320652371908166,0.916558336294084,0.001987242089920907,0.9854675075476372,0.0008855991525332749,0.9554367201426025,0.0006669621010292618,0.9972222222222221,0.0015528249843748362,0.3748322147651007,0.02453339157910634,0.0,0.0,,,,,0.0,0.0,0.0,0.0,0.0,0.0,0.0,0.0,0.0,0.0,0.0,0.0,,,0.0,0.0035316004346540412
synthetic,0.0,s0,d1_E8_g2,rf,fixed,-1.0,0.05,1.0,auto_malicious,accumulate,fixed_ratio,8.0,2.0,all,5,0.00818242790073776,0.001309327115076801,0.8794568770429972,0.007464595765041644,0.9696016856316728,0.004494763964962059,0.9223040789976762,0.002986666477253718,0.9912395559061069,0.00041477590912965306,0.9440998217468806,0.002856502762782154,0.9979166666666666,0.0014525347682883389,0.46073825503355703,0.03914469444616522,0.0500066631130064,0.0,0.005262958881345013,0.00032795138884491166,0.10051284035075485,0.00629615554600662,1501.0,0.0,53310.208186956865,2518.911358057604,28147795.50221281,2193088.349984175,10536.73251800293,1169.3266745704223,-0.0005663611297414111,0.0005786800404893709,0.00940407342217755,0.006592005802485663,,,0.001383825125230783,0.00913228887688969
synthetic,0.0,s0,d1_E8_g2,rf,fixed,-1.0,0.2,1.0,auto_malicious,accumulate,fixed_ratio,8.0,2.0,all,5,0.008733884790222819,0.0010003621250197377,0.9118430978124215,0.010952478576970081,0.9686822268429138,0.0037089816634388443,0.9393847085666284,0.007027672729003542,0.9936637772415324,0.0005806058516119227,0.9468805704099822,0.004959154275666123,0.9979166666666666,0.0007764124921874366,0.6637583892617449,0.08996950321353679,0.20000561104253173,0.0,0.024306355161159428,0.00016850801534658047,0.09964409123482258,0.0007078526862973824,7129.0,0.0,251467.72524197103,827.4271785463064,133092699.83979964,1968475.236790664,50516.410515328,492.35626126821273,-1.4904240256353313e-05,0.0006776923791274852,0.04179029419160174,0.022266375090732593,,,0.001383825125230783,0.00913228887688969
synthetic,0.0,s0,d1_E8_g2,rf,recalibrated,-1.0,0.05,1.0,auto_malicious,accumulate,fixed_ratio,8.0,2.0,all,5,0.009985840971756465,0.0,0.8913754085994468,0.008953730859826514,0.9635743422844939,0.0003508599318543131,0.9260525130424127,0.004983329753185154,0.9912395559061069,0.00041477590912965306,0.9494474153297683,0.0020072282724077563,0.998263888888889,0.0012276159395600034,0.5147651006711409,0.05176113310419043,0.0500066631130064,0.0,0.005262958881345013,0.00032795138884491166,0.10051284035075485,0.00629615554600662,1501.0,0.0,53310.208186956865,2518.911358057604,28147795.50221281,2193088.349984175,10536.73251800293,1169.3266745704223,0.0,0.0,0.012823736484787518,0.009856226865737854,,,0.0,0.007866573304813173
synthetic,0.0,s0,d1_E8_g2,rf,recalibrated,-1.0,0.2,1.0,auto_malicious,accumulate,fixed_ratio,8.0,2.0,all,5,0.009985840971756465,0.0,0.9216997736987679,0.016958710645662567,0.9647241518277333,0.0006323030771033913,0.9426616923223852,0.00921302474691654,0.9936637772415324,0.0005806058516119227,0.9500891265597147,0.0017825311942958888,0.9989583333333332,0.0009509072178909379,0.7134228187919464,0.11447208364630779,0.20000561104253173,0.0,0.024306355161159428,0.00016850801534658047,0.09964409123482258,0.0007078526862973824,7129.0,0.0,251467.72524197103,827.4271785463064,133092699.83979964,1968475.236790664,50516.410515328,492.35626126821273,0.0,0.0,0.043148101584108624,0.021884887947083556,,,0.0,0.007866573304813173
synthetic,0.0,s0,d1_E8_g2,xgboost,fixed,-1.0,0.05,1.0,auto_malicious,accumulate,fixed_ratio,8.0,2.0,all,5,0.008629555108428348,0.0022519710258002553,0.8760372139803871,0.00860444487416076,0.9679350458940867,0.00774640586710375,0.9196415948611181,0.0023258851345249513,0.9894394051285614,0.0012074240305838789,0.9513012477718361,0.0061933660928995445,0.9958333333333333,0.001979471224130423,0.40604026845637586,0.034528717495397106,0.0500066631130064,0.0,0.005262958881345013,0.00032795138884491166,0.10051284035075485,0.00629615554600662,1501.0,0.0,53310.208186956865,2518.911358057604,28147795.50221281,2193088.349984175,10536.73251800293,1169.3266745704223,0.0002682763246143529,0.0006090712196647304,0.010359567513200907,0.0025294998923729942,,,0.0018537474191857124,0.008153773748273347
synthetic,0.0,s0,d1_E8_g2,xgboost,fixed,-1.0,0.2,1.0,auto_malicious,accumulate,fixed_ratio,8.0,2.0,all,5,0.008912735673299053,0.0021531340415567334,0.9242645209957254,0.016558618447216684,0.9686216349894605,0.006710153585485257,0.9458072702457866,0.005420761456198376,0.9964748904681688,0.00017920130343242945,0.9527985739750445,0.006079450623113617,0.996875,0.0014525347682883016,0.7197986577181208,0.08164781919863383,0.20000561104253173,0.0,0.024306355161159428,0.00016850801534658047,0.09964409123482258,0.0007078526862973824,7129.0,0.0,251467.72524197103,827.4271785463064,133092699.83979964,1968475.236790664,50516.410515328,492.35626126821273,0.0005514568894850587,0.0006781019847128592,0.05858687452853908,0.00992016673099263,,,0.0018537474191857124,0.008153773748273347
synthetic,0.0,s0,d1_E8_g2,xgboost,recalibrated,-1.0,0.05,1.0,auto_malicious,accumulate,fixed_ratio,8.0,2.0,all,5,0.009985840971756465,0.0,0.8854915765652501,0.0055563266713793006,0.9633428333385519,0.00022278994316195444,0.9227713655153718,0.003126804627694198,0.9894394051285614,0.0012074240305838789,0.9571479500891267,0.0008129593048834785,0.9975694444444445,0.0019794712241304187,0.4399328859060403,0.03554117446291701,0.0500066631130064,0.0,0.005262958881345013,0.00032795138884491166,0.10051284035075485,0.00629615554600662,1501.0,0.0,53310.208186956865,2518.911358057604,28147795.50221281,2193088.349984175,10536.73251800293,1169.3266745704223,0.0,0.0,0.011013326628111653,0.00281911016709561,,,0.0,0.0035316004346540412
synthetic,0.0,s0,d1_E8_g2,xgboost,recalibrated,-1.0,0.2,1.0,auto_malicious,accumulate,fixed_ratio,8.0,2.0,all,5,0.009985840971756465,0.0,0.9332662811164194,0.0040723355383275065,0.96515448886251,0.00014646198486169436,0.9489392060144075,0.002173964955779509,0.9964748904681688,0.00017920130343242945,0.9566488413547237,0.0010270845127192743,0.9979166666666666,0.0007764124921873978,0.7607382550335571,0.028734905403064014,0.20000561104253173,0.0,0.024306355161159428,0.00016850801534658047,0.09964409123482258,0.0007078526862973824,7129.0,0.0,251467.72524197103,827.4271785463064,133092699.83979964,1968475.236790664,50516.410515328,492.35626126821273,0.0,0.0,0.058788031179280865,0.005975211783423422,,,0.0,0.0035316004346540412
synthetic,0.0,s0,knn,rf,fixed,-1.0,0.05,1.0,auto_malicious,accumulate,fixed_ratio,-1.0,-1.0,,5,0.008614650868171996,0.0013543600474724756,0.9104852904199146,0.014131388937715353,0.9691177772796911,0.0043033336698686505,0.9388188938617829,0.006199958640580661,0.9936424495997676,0.0004380972549154474,0.9465953654188948,0.004067922089296504,0.9972222222222221,0.001552824984374836,0.6567114093959732,0.08002493868304253,0.0500066631130064,0.0,0.03045138988562555,0.0005117235092222146,0.5966688874083944,0.010338262353775244,1501.0,0.0,53310.208186956865,2518.911358057604,28147795.50221281,2193088.349984175,10536.73251800293,1169.3266745704223,-0.00013413816230717617,0.00044213121616189986,0.040432486799094794,0.012676709947925364,,,0.001383825125230783,0.00913228887688969
synthetic,0.0,s0,knn,rf,fixed,-1.0,0.2,1.0,auto_malicious,accumulate,fixed_ratio,-1.0,-1.0,,5,0.010596914822266934,0.0022562824366832985,0.9422680412371134,0.006729640808811173,0.9635083614629293,0.007274052350860453,0.952737846652758,0.003334925807374515,0.9946654043970657,0.0003595150402918236,0.9529411764705882,0.0037220344060286937,0.996875,0.0014525347682882877,0.839261744966443,0.03724303124645584,0.20000561104253173,0.0,0.13049164073462002,0.0004044732437304542,0.6002805442558563,0.0021402419551421314,7129.0,0.0,251467.72524197103,827.4271785463064,133092699.83979964,1968475.236790664,50516.410515328,492.35626126821273,0.0018481257917877633,0.0008712927582123271,0.07221523761629367,0.013078083274243837,,,0.001383825125230783,0.00913228887688969
synthetic,0.0,s0,knn,rf,recalibrated,-1.0,0.05,1.0,auto_malicious,accumulate,fixed_ratio,-1.0,-1.0,,5,0.009985840971756465,0.0,0.9185315564495852,0.007707132071407641,0.9646139389473376,0.00028601100781914656,0.9409965936100464,0.0041779461081649285,0.9936424495997676,0.0004380972549154474,0.9500178253119429,0.0027080397882114754,0.9979166666666666,0.0007764124921874118,0.6936241610738255,0.05610904833595409,0.0500066631130064,0.0,0.03045138988562555,0.0005117235092222146,0.5966688874083944,0.010338262353775244,1501.0,0.0,53310.208186956865,2518.911358057604,28147795.50221281,2193088.349984175,10536.73251800293,1169.3266745704223,0.0,0.0,0.03997988433492581,0.011842003358628766,,,0.0,0.007866573304813173
synthetic,0.0,s0,knn,rf,recalibrated,-1.0,0.2,1.0,auto_malicious,accumulate,fixed_ratio,-1.0,-1.0,,5,0.009985840971756465,0.0,0.9411616796580337,0.0074506071863359525,0.9654355761686567,0.00026455623674750094,0.9531329653305773,0.003952378893701116,0.9946654043970657,0.0003595150402918236,0.9527985739750445,0.0007392670714198703,0.9958333333333333,0.00197947122413038,0.8335570469798658,0.04659477840995916,0.20000561104253173,0.0,0.13049164073462002,0.0004044732437304542,0.6002805442558563,0.0021402419551421314,7129.0,0.0,251467.72524197103,827.4271785463064,133092699.83979964,1968475.236790664,50516.410515328,492.35626126821273,0.0,0.0,0.06261000754337442,0.01685343583448601,,,0.0,0.007866573304813173
synthetic,0.0,s0,knn,xgboost,fixed,-1.0,0.05,1.0,auto_malicious,accumulate,fixed_ratio,-1.0,-1.0,,5,0.00894254415381176,0.002112383602810696,0.9076188081468443,0.015363524388510472,0.9679031069697144,0.007108371412855267,0.9367113025436765,0.0075218463255983204,0.9953073248157306,0.0010396068682226463,0.9520855614973263,0.005291446177135083,0.9958333333333333,0.0015528249843748231,0.6130872483221477,0.08834334775450446,0.0500066631130064,0.0,0.03045138988562555,0.0005117235092222146,0.5966688874083944,0.010338262353775244,1501.0,0.0,53310.208186956865,2518.911358057604,28147795.50221281,2193088.349984175,10536.73251800293,1169.3266745704223,0.0005812653699977648,0.0005611401921757714,0.04194116167965802,0.016684145009213083,,,0.0018537474191857124,0.008153773748273347
synthetic,0.0,s0,knn,xgboost,fixed,-1.0,0.2,1.0,auto_malicious,accumulate,fixed_ratio,-1.0,-1.0,,5,0.009449288322527758,0.00184686330797413,0.9446316318833292,0.010092973561419825,0.9674221147114654,0.005823557518132693,0.9558406278340993,0.0029571808007817814,0.996829114453341,0.00031534411467846145,0.9537254901960784,0.004980891036455754,0.9954861111111111,0.0015528249843748472,0.8526845637583893,0.04706069269465806,0.20000561104253173,0.0,0.13049164073462002,0.0004044732437304542,0.6002805442558563,0.0021402419551421314,7129.0,0.0,251467.72524197103,827.4271785463064,133092699.83979964,1968475.236790664,50516.410515328,492.35626126821273,0.0010880095387137642,0.0004760032617235651,0.0789539854161428,0.007348071006387972,,,0.0018537474191857124,0.008153773748273347
synthetic,0.0,s0,knn,xgboost,recalibrated,-1.0,0.05,1.0,auto_malicious,accumulate,fixed_ratio,-1.0,-1.0,,5,0.009985840971756465,0.0,0.9158662308272568,0.012610703199292765,0.9645115011145637,0.0004677764970065149,0.9395266332878032,0.006834245739168879,0.9953073248157306,0.0010396068682226463,0.9564349376114082,0.0006857534424838333,0.9975694444444445,0.0015528249843748281,0.6459731543624161,0.08602164254099723,0.0500066631130064,0.0,0.03045138988562555,0.0005117235092222146,0.5966688874083944,0.010338262353775244,1501.0,0.0,53310.208186956865,2518.911358057604,28147795.50221281,2193088.349984175,10536.73251800293,1169.3266745704223,0.0,0.0,0.04138798089011817,0.015425129871383857,,,0.0,0.0035316004346540412
synthetic,0.0,s0,knn,xgboost,recalibrated,-1.0,0.2,1.0,auto_malicious,accumulate,fixed_ratio,-1.0,-1.0,,5,0.009985840971756465,0.0,0.9487050540608498,0.005180638113662717,0.9657018172081313,0.00018201945696166307,0.957122645558889,0.0027339205305070193,0.996829114453341,0.00031534411467846145,0.9562923351158645,0.0013944817979043035,0.9958333333333333,0.0009509072178909379,0.8674496644295303,0.03185710997658979,0.20000561104253173,0.0,0.13049164073462002,0.0004044732437304542,0.6002805442558563,0.0021402419551421314,7129.0,0.0,251467.72524197103,827.4271785463064,133092699.83979964,1968475.236790664,50516.410515328,492.35626126821273,0.0,0.0,0.07422680412371134,0.007797658603806611,,,0.0,0.0035316004346540412
synthetic,0.0,s0,loss,rf,fixed,-1.0,0.05,1.0,auto_malicious,accumulate,fixed_ratio,-1.0,-1.0,,5,0.010507489380728817,0.0012096790432035123,0.9621322604978626,0.0023426330799803277,0.9644791786893826,0.0038533307111817666,0.9632968506794445,0.0010983144370637883,0.9955483241695866,0.00034550403013113473,0.9518003565062388,0.002525916518205836,0.9961805555555555,0.0019018144357818233,0.9778523489932885,0.004655851317285775,0.0500066631130064,0.0,0.049354215887684634,0.00014798591250867968,0.986275816122585,0.003110624258475354,1501.0,0.0,53310.208186956865,2518.911358057604,28147795.50221281,2193088.349984175,10536.73251800293,1169.3266745704223,0.0017587003502496459,0.0006760514750751458,0.092079456877043,0.011201903933022325,,,0.001383825125230783,0.00913228887688969
synthetic,0.0,s0,loss,rf,fixed,-1.0,0.2,1.0,auto_malicious,accumulate,fixed_ratio,-1.0,-1.0,,5,0.015992249795066697,0.0022072621280968684,0.97208951470958,0.0010815093370684765,0.9474538298069648,0.006805203478076987,0.9596009580383653,0.003089796458492681,0.995968239989673,0.0002764384136040296,0.9614973262032086,0.0016910575722825537,0.998263888888889,0.0017361111111111281,0.9966442953020135,0.0011864207738029042,0.20000561104253173,0.0,0.19832325643283155,0.00010971294895037032,0.9895076448309721,0.0006828818316531105,7129.0,0.0,251467.72524197103,827.4271785463064,133092699.83979964,1968475.236790664,50516.410515328,492.35626126821273,0.007243460764587525,0.0010675015771351053,0.10203671108876038,0.011351880419955971,,,0.001383825125230783,0.00913228887688969
synthetic,0.0,s0,loss,rf,recalibrated,-1.0,0.05,1.0,auto_malicious,accumulate,fixed_ratio,-1.0,-1.0,,5,0.009985840971756465,0.0,0.9612773447322102,0.0017601206939904764,0.9661358767201007,5.996767780174396e-05,0.9636998837000496,0.0009147724025096674,0.9955483241695866,0.00034550403013113473,0.9505882352941176,0.0013715068849676935,0.9961805555555555,0.0019018144357818233,0.9778523489932887,0.004948953424078091,0.0500066631130064,0.0,0.049354215887684634,0.00014798591250867968,0.986275816122585,0.003110624258475354,1501.0,0.0,53310.208186956865,2518.911358057604,28147795.50221281,2193088.349984175,10536.73251800293,1169.3266745704223,0.0,0.0,0.0827256726175509,0.011734736625172791,,,0.0,0.007866573304813173
synthetic,0.0,s0,loss,rf,recalibrated,-1.0,0.2,1.0,auto_malicious,accumulate,fixed_ratio,-1.0,-1.0,,5,0.009985840971756465,0.0,0.9635906462157404,0.0018511604042550781,0.9662144194900554,6.272342138320761e-05,0.9649000842448163,0.0009594503776807679,0.995968239989673,0.0002764384136040296,0.9518716577540107,0.002364794859433459,0.9934027777777779,0.0014525347682883083,0.9899328859060402,0.004277700934222147,0.20000561104253173,0.0,0.19832325643283155,0.00010971294895037032,0.9895076448309721,0.0006828818316531105,7129.0,0.0,251467.72524197103,827.4271785463064,133092699.83979964,1968475.236790664,50516.410515328,492.35626126821273,0.0,0.0,0.08503897410108119,0.010038011648849793,,,0.0,0.007866573304813173
synthetic,0.0,s0,loss,xgboost,fixed,-1.0,0.05,1.0,auto_malicious,accumulate,fixed_ratio,-1.0,-1.0,,5,0.010269021536627171,0.002269167519865058,0.9642444053306513,0.004478277467617431,0.9653818273913066,0.007209049036239707,0.9647847834577181,0.0015045395041430622,0.997608158004734,4.6130479869781756e-05,0.9540819964349376,0.0056503708395461835,0.9947916666666666,0.0012276159395599937,0.9825503355704699,0.0038627061856447245,0.0500066631130064,0.0,0.049354215887684634,0.00014798591250867968,0.986275816122585,0.003110624258475354,1501.0,0.0,53310.208186956865,2518.911358057604,28147795.50221281,2193088.349984175,10536.73251800293,1169.3266745704223,0.0019077427528131755,0.0007737296282833245,0.09856675886346489,0.004567740036355291,,,0.0018537474191857124,0.008153773748273347
synthetic,0.0,s0,loss,xgboost,fixed,-1.0,0.2,1.0,auto_malicious,accumulate,fixed_ratio,-1.0,-1.0,,5,0.013518145912512108,0.0033449976592926983,0.9721398038722654,0.0035710617347039426,0.9553033497922376,0.010308392540416777,0.9636077851661587,0.003567340989985393,0.9977074658907167,8.50336943405472e-05,0.9625668449197861,0.004920561048785138,0.9965277777777777,0.0017361111111111015,0.9936241610738256,0.0007503583817113408,0.20000561104253173,0.0,0.19832325643283155,0.00010971294895037032,0.9895076448309721,0.0006828818316531105,7129.0,0.0,251467.72524197103,827.4271785463064,133092699.83979964,1968475.236790664,50516.410515328,492.35626126821273,0.0051568671286981145,0.001839330593215576,0.10646215740507918,0.005068364264503444,,,0.0018537474191857124,0.008153773748273347
synthetic,0.0,s0,loss,xgboost,recalibrated,-1.0,0.05,1.0,auto_malicious,accumulate,fixed_ratio,-1.0,-1.0,,5,0.009985840971756465,0.0,0.9649987427709329,0.001825364989980553,0.9662620578490729,6.175297411358277e-05,0.9656293415154671,0.0009453441980980653,0.997608158004734,4.6130479869781756e-05,0.9549376114081995,0.002318661324992356,0.9961805555555555,0.0014525347682883322,0.9822147651006711,0.00280758398165797,0.0500066631130064,0.0,0.049354215887684634,0.00014798591250867968,0.986275816122585,0.003110624258475354,1501.0,0.0,53310.208186956865,2518.911358057604,28147795.50221281,2193088.349984175,10536.73251800293,1169.3266745704223,0.0,0.0,0.09052049283379433,0.002378789027963837,,,0.0,0.0035316004346540412
synthetic,0.0,s0,loss,xgboost,recalibrated,-1.0,0.2,1.0,auto_malicious,accumulate,fixed_ratio,-1.0,-1.0,,5,0.009985840971756465,0.0,0.9670103092783504,0.0008782624690255103,0.9663299455647045,2.9575275906597994e-05,0.9666698587319132,0.0004537991925652376,0.9977074658907167,8.50336943405472e-05,0.9558645276292335,0.0012952514883840054,0.9947916666666666,0.0,0.9926174496644296,0.0009189975797066498,0.20000561104253173,0.0,0.19832325643283155,0.00010971294895037032,0.9895076448309721,0.0006828818316531105,7129.0,0.0,251467.72524197103,827.4271785463064,133092699.83979964,1968475.236790664,50516.410515328,492.35626126821273,0.0,0.0,0.09253205934121196,0.00413932050117028,,,0.0,0.0035316004346540412
synthetic,0.0,s0,none,rf,fixed,-1.0,0.005,1.0,auto_malicious,accumulate,fixed_ratio,-1.0,-1.0,,5,0.008793501751248229,0.001520853389370188,0.9330148353029921,0.008817828611476166,0.9692018567212823,0.005143486049682637,0.9507414087708804,0.005190916070055487,0.9943877909050893,0.0002704747544222318,0.9480926916221033,0.002553440938248839,0.9965277777777779,0.0021262931794993,0.8006711409395972,0.05888520766403021,0.004989880661595366,0.0,,,,,143.0,0.0,4749.275753447413,444.3858262818946,2971270.3836530684,727300.5454764124,792.0682608103027,56.6510360137601,4.47127207690582e-05,0.000719814629468261,0.06296203168217249,0.009959285889806624,,,0.001383825125230783,0.00913228887688969
synthetic,0.0,s0,none,rf,fixed,-1.0,0.01,1.0,auto_malicious,accumulate,fixed_ratio,-1.0,-1.0,,5,0.009449288322527758,0.0016381109369144145,0.9465929092280614,0.010386568852840016,0.9674590707618215,0.0052438188033259205,0.9568731992881503,0.004772211809300356,0.9950287013431787,0.00021176895362772535,0.9495900178253119,0.004672816364438047,0.9954861111111111,0.001979471224130395,0.885234899328859,0.047332092836644586,0.009998958441828977,0.0,,,,,288.0,0.0,10110.358857329189,849.4004297856657,5901696.332229614,1082004.4763313925,1902.77935575542,203.00696185505953,0.0007004992920485876,0.0007647051811530097,0.07654010560724167,0.0036507299799610647,,,0.001383825125230783,0.00913228887688969
synthetic,0.0,s0,none,rf,fixed,-1.0,0.02,1.0,auto_malicious,accumulate,fixed_ratio,-1.0,-1.0,,5,0.00930024591996423,0.00233133477205551,0.9545888860950467,0.00693553010130625,0.9682547478241806,0.007459373233246137,0.9613341008645234,0.002254892217200629,0.9952079550942023,0.0002988633745282376,0.9481639928698753,0.005673939873749102,0.9961805555555555,0.0022636119462508893,0.9446308724832214,0.020169153154649875,0.02000206206825446,0.0,,,,,582.0,0.0,20152.91737162024,734.8982375472333,11445501.459434938,1301642.8924379041,4013.768485658447,539.3350697532579,0.0005514568894850587,0.0008889601584885103,0.08453608247422684,0.006443590271661345,,,0.001383825125230783,0.00913228887688969
synthetic,0.0,s0,none,rf,fixed,-1.0,0.05,1.0,auto_malicious,accumulate,fixed_ratio,-1.0,-1.0,,5,0.010865191146881288,0.0017061937840404271,0.9636912245411114,0.0028757311451839624,0.9633871622934553,0.0054151770185049,0.9635260864572359,0.0017642509248239617,0.9956376840279704,0.00010893012333033899,0.9529411764705882,0.0033348105051461087,0.9975694444444445,0.001979471224130437,0.9815436241610739,0.004891738166816484,0.0500066631130064,0.0,,,,,1501.0,0.0,53310.208186956865,2518.911358057604,28147795.50221281,2193088.349984175,10536.73251800293,1169.3266745704223,0.002116402116402116,0.0007407272458328747,0.0936384209202917,0.01086263375380008,,,0.001383825125230783,0.00913228887688969
synthetic,0.0,s0,none,rf,fixed,-1.0,0.1,1.0,auto_malicious,accumulate,fixed_ratio,-1.0,-1.0,,5,0.012221477010209404,0.0016198722050290008,0.9672114659290922,0.0014509970375914689,0.9591340320833185,0.00513934739549027,0.9631480633954785,0.0022653734182632203,0.9959307770181562,0.00020256335176597153,0.9566488413547237,0.0019297495333653399,0.996875,0.0014525347682882877,0.9882550335570469,0.003138974317763327,0.099990531199697,0.0,,,,,3168.0,0.0,112345.34658792205,1557.0365862840104,58544092.08476786,2471413.8696111273,22514.30586628743,1163.865776850783,0.003472687979730233,0.0005616348068087574,0.0971586623082726,0.01098849850719449,,,0.001383825125230783,0.00913228887688969
synthetic,0.0,s0,none,rf,fixed,-1.0,0.2,1.0,auto_malicious,accumulate,fixed_ratio,-1.0,-1.0,,5,0.016066770996348463,0.0014881867103499963,0.971737490570782,0.002376129676626077,0.9471838115060718,0.004525005509953992,0.959294478488317,0.0015772996476155904,0.9960976430482427,0.00022588415252342456,0.9612834224598931,0.003072992789947917,0.996875,0.0014525347682883194,0.9966442953020135,0.002054941059381841,0.20000561104253173,0.0,,,,,7129.0,0.0,251467.72524197103,827.4271785463064,133092699.83979964,1968475.236790664,50516.410515328,492.35626126821273,0.00731798196586929,0.0008084777616880847,0.10168468694996229,0.010063488477604238,,,0.001383825125230783,0.00913228887688969
synthetic,0.0,s0,none,rf,fixed,-1.0,0.5,1.0,auto_malicious,accumulate,fixed_ratio,-1.0,-1.0,,5,0.023906401371190104,0.0029491947825932966,0.9783253708825749,0.002603405402171471,0.9239064520449316,0.008492628365639044,0.9503127352853413,0.0036171113853814534,0.996490654784648,0.00019896619091293435,0.9700534759358289,0.003447251266633423,0.9975694444444445,0.0015528249843748422,0.9986577181208054,0.0014037919908290169,0.5,0.0,,,,,28515.0,0.0,1007381.1271770414,2926.5700652961314,530581340.2074478,3341943.9789037923,199644.66097466028,1552.2311868663282,0.015157612340710929,0.0016484184053890964,0.10827256726175513,0.009987812593792084,,,0.001383825125230783,0.00913228887688969
synthetic,0.0,s0,none,rf,recalibrated,-1.0,0.005,1.0,auto_malicious,accumulate,fixed_ratio,-1.0,-1.0,,5,0.009985840971756465,0.0,0.9416142821222027,0.012787200142108424,0.9654484395011755,0.00045702292681946554,0.9533495191291799,0.006804917347302357,0.9943877909050893,0.0002704747544222318,0.952584670231729,0.0023241363298405226,0.9975694444444445,0.0009509072178908434,0.8359060402684564,0.07781147677400453,0.004989880661595366,0.0,,,,,143.0,0.0,4749.275753447413,444.3858262818946,2971270.3836530684,727300.5454764124,792.0682608103027,56.6510360137601,0.0,0.0,0.06306261000754336,0.010740886936852547,,,0.0,0.007866573304813173
synthetic,0.0,s0,none,rf,recalibrated,-1.0,0.01,1.0,auto_malicious,accumulate,fixed_ratio,-1.0,-1.0,,5,0.009985840971756465,0.0,0.9505154639175257,0.005975211783423387,0.9657646645238296,0.00020778558901918539,0.9580723286921256,0.0031371728110778908,0.9950287013431787,0.00021176895362772535,0.9512299465240641,0.002449278294091646,0.9965277777777779,0.0012276159395599412,0.9026845637583893,0.028498804952119268,0.009998958441828977,0.0,,,,,288.0,0.0,10110.358857329189,849.4004297856657,5901696.332229614,1082004.4763313925,1902.77935575542,203.00696185505953,0.0,0.0,0.07196379180286647,0.007583915865358531,,,0.0,0.007866573304813173
synthetic,0.0,s0,none,rf,recalibrated,-1.0,0.02,1.0,auto_malicious,accumulate,fixed_ratio,-1.0,-1.0,,5,0.009985840971756465,0.0,0.9583605732964546,0.002315486936529283,0.9660362486201549,7.936722058297444e-05,0.9621820544057679,0.00120703601288941,0.9952079550942023,0.0002988633745282376,0.9509447415329768,0.0020572603274514557,0.9979166666666666,0.002263611946250955,0.9550335570469798,0.010095039568114984,0.02000206206825446,0.0,,,,,582.0,0.0,20152.91737162024,734.8982375472333,11445501.459434938,1301642.8924379041,4013.768485658447,539.3350697532579,0.0,0.0,0.07980890118179533,0.009183109556067307,,,0.0,0.007866573304813173
synthetic,0.0,s0,none,rf,recalibrated,-1.0,0.05,1.0,auto_malicious,accumulate,fixed_ratio,-1.0,-1.0,,5,0.009985840971756465,0.0,0.962283127985919,0.001939558539167903,0.9661700563854678,6.58992201226509e-05,0.9642219435745976,0.001006645146846333,0.9956376840279704,0.00010893012333033899,0.9515864527629233,0.0017896471155809414,0.9961805555555555,0.0007764124921874366,0.9798657718120806,0.0058122510321103335,0.0500066631130064,0.0,,,,,1501.0,0.0,53310.208186956865,2518.911358057604,28147795.50221281,2193088.349984175,10536.73251800293,1169.3266745704223,0.0,0.0,0.08373145587125974,0.011359675130074447,,,0.0,0.007866573304813173
synthetic,0.0,s0,none,rf,recalibrated,-1.0,0.1,1.0,auto_malicious,accumulate,fixed_ratio,-1.0,-1.0,,5,0.009985840971756465,0.0,0.9621322604978626,0.001483317194242136,0.9661649738554082,5.033416712774358e-05,0.9641439727248221,0.0007693678009647951,0.9959307770181562,0.00020256335176597153,0.9511586452762923,0.0014035664659557009,0.9947916666666666,0.0012276159395599642,0.9822147651006711,0.004040803549930302,0.099990531199697,0.0,,,,,3168.0,0.0,112345.34658792205,1557.0365862840104,58544092.08476786,2471413.8696111273,22514.30586628743,1163.865776850783,0.0,0.0,0.08358058838320341,0.01049556632250153,,,0.0,0.007866573304813173
synthetic,0.0,s0,none,rf,recalibrated,-1.0,0.2,1.0,auto_malicious,accumulate,fixed_ratio,-1.0,-1.0,,5,0.009985840971756465,0.0,0.9647472969575057,0.0019670713820073463,0.9662535469340161,6.644387197359764e-05,0.9654990851885301,0.0010179445924175439,0.9960976430482427,0.00022588415252342456,0.9535828877005347,0.0024100454589883165,0.99375,0.0015528249843748136,0.9892617449664429,0.0034792686834442294,0.20000561104253173,0.0,,,,,7129.0,0.0,251467.72524197103,827.4271785463064,133092699.83979964,1968475.236790664,50516.410515328,492.35626126821273,0.0,0.0,0.08619562484284635,0.00915690947540984,,,0.0,0.007866573304813173
synthetic,0.0,s0,none,rf,recalibrated,-1.0,0.5,1.0,auto_malicious,accumulate,fixed_ratio,-1.0,-1.0,,5,0.009985840971756465,0.0,0.963188332914257,0.0015561225493352724,0.9662008118871576,5.2755892602499095e-05,0.9646917505004252,0.0008067580133220958,0.996490654784648,0.00019896619091293435,0.9527272727272728,0.0016835249844017594,0.9878472222222221,0.0034722222222222355,0.9885906040268455,0.003826092030534015,0.5,0.0,,,,,28515.0,0.0,1007381.1271770414,2926.5700652961314,530581340.2074478,3341943.9789037923,199644.66097466028,1552.2311868663282,0.0,0.0,0.08463666079959767,0.011442304137459176,,,0.0,0.007866573304813173
synthetic,0.0,s0,none,xgboost,fixed,-1.0,0.005,1.0,auto_malicious,accumulate,fixed_ratio,-1.0,-1.0,,5,0.008659363588941054,0.0016064461917505337,0.9411113904953483,0.008575740003939502,0.9699221081145488,0.0053115783740240495,0.9552729548192879,0.004505113288889195,0.9968102002716529,0.0002987534077053312,0.9517290552584671,0.004813494376062771,0.9958333333333333,0.0015528249843748485,0.8382550335570469,0.04942692165873116,0.004989880661595366,0.0,,,,,143.0,0.0,4749.275753447413,444.3858262818946,2971270.3836530684,727300.5454764124,792.0682608103027,56.6510360137601,0.0002980848051270588,0.00036125492640407865,0.07543374402816191,0.0066999811890742925,,,0.0018537474191857124,0.008153773748273347
synthetic,0.0,s0,none,xgboost,fixed,-1.0,0.01,1.0,auto_malicious,accumulate,fixed_ratio,-1.0,-1.0,,5,0.00879350175124823,0.001363961935891134,0.9569524767412622,0.0052845511838456195,0.9699586113268032,0.004364067078432523,0.9633940673816097,0.0015684375729668877,0.9972199375861985,0.00010523372330923607,0.9530124777183602,0.0056616064259837,0.9954861111111111,0.0015528249843748437,0.938255033557047,0.015577844816691467,0.009998958441828977,0.0,,,,,288.0,0.0,10110.358857329189,849.4004297856657,5901696.332229614,1082004.4763313925,1902.77935575542,203.00696185505953,0.0004322229674342355,0.00042938699726918376,0.09127483027407593,0.005742110760205832,,,0.0018537474191857124,0.008153773748273347
synthetic,0.0,s0,none,xgboost,fixed,-1.0,0.02,1.0,auto_malicious,accumulate,fixed_ratio,-1.0,-1.0,,5,0.009181011997913406,0.002020610457420949,0.96238370631129,0.004638476744552113,0.9688736630760136,0.006447891037370897,0.965592686125823,0.0011076891117727924,0.9974635377805721,1.9684142054381574e-05,0.9545098039215686,0.004975785047377617,0.9958333333333333,0.0019794712241304347,0.9671140939597315,0.0072749944257311395,0.02000206206825446,0.0,,,,,582.0,0.0,20152.91737162024,734.8982375472333,11445501.459434938,1301642.8924379041,4013.768485658447,539.3350697532579,0.0008197332140994114,0.0004013089505279458,0.09670605984410359,0.004194701025122826,,,0.0018537474191857124,0.008153773748273347
synthetic,0.0,s0,none,xgboost,fixed,-1.0,0.05,1.0,auto_malicious,accumulate,fixed_ratio,-1.0,-1.0,,5,0.010656531783292348,0.0027992607453600046,0.9651998994216747,0.004375446162264256,0.9641824258197726,0.00888588446177569,0.9646546393339313,0.0023498301339571833,0.9976371738659825,6.825364660572942e-05,0.9549376114081995,0.005812254504083499,0.9961805555555555,0.0019018144357818099,0.9835570469798658,0.003001433526845358,0.0500066631130064,0.0,,,,,1501.0,0.0,53310.208186956865,2518.911358057604,28147795.50221281,2193088.349984175,10536.73251800293,1169.3266745704223,0.002295252999478352,0.0012020803369210348,0.09952225295448831,0.005191001229029693,,,0.0018537474191857124,0.008153773748273347
synthetic,0.0,s0,none,xgboost,fixed,-1.0,0.1,1.0,auto_malicious,accumulate,fixed_ratio,-1.0,-1.0,,5,0.011446456516879052,0.0028267022310386218,0.9679155142066884,0.0041032690290895395,0.9617245146176195,0.008856783613848881,0.964775257368896,0.002493017718595514,0.9977243076447303,8.218977014267856e-05,0.9575044563279856,0.00536775758719869,0.9958333333333333,0.0009509072178909379,0.9899328859060402,0.004891738166816539,0.099990531199697,0.0,,,,,3168.0,0.0,112345.34658792205,1557.0365862840104,58544092.08476786,2471413.8696111273,22514.30586628743,1163.865776850783,0.003085177733065057,0.0012664219859153745,0.10223786773950214,0.004739603513597065,,,0.0018537474191857124,0.008153773748273347
synthetic,0.0,s0,none,xgboost,fixed,-1.0,0.2,1.0,auto_malicious,accumulate,fixed_ratio,-1.0,-1.0,,5,0.013860943438408227,0.003921755658554194,0.9726426954991199,0.0037523601708735403,0.9542817528311452,0.012049963653671534,0.9633224626706823,0.004394080200659255,0.9977248791550746,8.151772293942057e-05,0.9632798573975044,0.00514160609691839,0.9965277777777779,0.0021262931794993,0.9936241610738256,0.0007503583817113615,0.20000561104253173,0.0,,,,,7129.0,0.0,251467.72524197103,827.4271785463064,133092699.83979964,1968475.236790664,50516.410515328,492.35626126821273,0.005499664654594233,0.00232417756695831,0.10696504903193363,0.005049617938658869,,,0.0018537474191857124,0.008153773748273347
synthetic,0.0,s0,none,xgboost,fixed,-1.0,0.5,1.0,auto_malicious,accumulate,fixed_ratio,-1.0,-1.0,,5,0.02366793352708846,0.006597883442590763,0.9805883832034198,0.0036368488271087823,0.925057701210978,0.01870416653550495,0.951904515877058,0.008356798122412195,0.9978289896017534,1.9846146853918833e-05,0.9735472370766489,0.004765729744157155,0.9975694444444445,0.00232923747656227,0.9973154362416107,0.000918997579706666,0.5,0.0,,,,,28515.0,0.0,1007381.1271770414,2926.5700652961314,530581340.2074478,3341943.9789037923,199644.66097466028,1552.2311868663282,0.015306654743274462,0.0049872447505621455,0.11491073673623335,0.004940126402913911,,,0.0018537474191857124,0.008153773748273347
synthetic,0.0,s0,none,xgboost,recalibrated,-1.0,0.005,1.0,auto_malicious,accumulate,fixed_ratio,-1.0,-1.0,,5,0.009985840971756465,0.0,0.9482021624339954,0.008409349513799657,0.9656830058879775,0.0002938528192969906,0.9568487171136727,0.004425758847312419,0.9968102002716529,0.0002987534077053312,0.956078431372549,0.0010813369617185791,0.9961805555555555,0.0019018144357818244,0.864765100671141,0.05334409565150147,0.004989880661595366,0.0,,,,,143.0,0.0,4749.275753447413,444.3858262818946,2971270.3836530684,727300.5454764124,792.0682608103027,56.6510360137601,0.0,0.0,0.0737239124968569,0.00633473800982071,,,0.0,0.0035316004346540412
synthetic,0.0,s0,none,xgboost,recalibrated,-1.0,0.01,1.0,auto_malicious,accumulate,fixed_ratio,-1.0,-1.0,,5,0.009985840971756465,0.0,0.9608750314307267,0.0019926188339108777,0.9661221543032115,6.796354051852887e-05,0.9634906750736484,0.0010361737815356203,0.9972199375861985,0.00010523372330923607,0.956577540106952,0.001582341605787705,0.996875,0.001901814435781844,0.9463087248322148,0.008798731947736194,0.009998958441828977,0.0,,,,,288.0,0.0,10110.358857329189,849.4004297856657,5901696.332229614,1082004.4763313925,1902.77935575542,203.00696185505953,0.0,0.0,0.08639678149358813,0.0038693254335773067,,,0.0,0.0035316004346540412
synthetic,0.0,s0,none,xgboost,recalibrated,-1.0,0.02,1.0,auto_malicious,accumulate,fixed_ratio,-1.0,-1.0,,5,0.009985840971756465,0.0,0.9643952728187075,0.0004901581264677099,0.9662417428708869,1.65748739351655e-05,0.9653175783011989,0.0002537932858292688,0.9974635377805721,1.9684142054381574e-05,0.9567201426024956,0.0004783033106951554,0.9965277777777779,0.0012276159395599806,0.9694630872483222,0.002756992739119949,0.02000206206825446,0.0,,,,,582.0,0.0,20152.91737162024,734.8982375472333,11445501.459434938,1301642.8924379041,4013.768485658447,539.3350697532579,0.0,0.0,0.089917022881569,0.0034549789363475126,,,0.0,0.0035316004346540412
synthetic,0.0,s0,none,xgboost,recalibrated,-1.0,0.05,1.0,auto_malicious,accumulate,fixed_ratio,-1.0,-1.0,,5,0.009985840971756465,0.0,0.9650490319336184,0.0017511174600432816,0.9662637637974585,5.926683994299711e-05,0.9656554215985574,0.000907088720100436,0.9976371738659825,6.825364660572942e-05,0.954795008912656,0.0021000608164026048,0.9958333333333333,0.001979471224130421,0.9835570469798658,0.003227413433166333,0.0500066631130064,0.0,,,,,1501.0,0.0,53310.208186956865,2518.911358057604,28147795.50221281,2193088.349984175,10536.73251800293,1169.3266745704223,0.0,0.0,0.09057078199647976,0.002368133704394443,,,0.0,0.0035316004346540412
synthetic,0.0,s0,none,xgboost,recalibrated,-1.0,0.1,1.0,auto_malicious,accumulate,fixed_ratio,-1.0,-1.0,,5,0.009985840971756465,0.0,0.9662056826753835,0.0008995998903695024,0.9663028499895466,3.0302769865392477e-05,0.966254107498328,0.00046489298788354857,0.9977243076447303,8.218977014267856e-05,0.9552228163992871,0.0011441573287616226,0.9958333333333333,0.0009509072178909379,0.9892617449664429,0.004833845735197251,0.099990531199697,0.0,,,,,3168.0,0.0,112345.34658792205,1557.0365862840104,58544092.08476786,2471413.8696111273,22514.30586628743,1163.865776850783,0.0,0.0,0.09172743273824491,0.0032610496025895657,,,0.0,0.0035316004346540412
synthetic,0.0,s0,none,xgboost,recalibrated,-1.0,0.2,1.0,auto_malicious,accumulate,fixed_ratio,-1.0,-1.0,,5,0.009985840971756465,0.0,0.966607995976867,0.00111603424798452,0.9663163909752747,3.7575520630523026e-05,0.9664619308887457,0.0005766048986514451,0.9977248791550746,8.151772293942057e-05,0.955650623885918,0.0014828259781166156,0.9927083333333334,0.0007764124921874521,0.9929530201342281,0.0007503583817113615,0.20000561104253173,0.0,,,,,7129.0,0.0,251467.72524197103,827.4271785463064,133092699.83979964,1968475.236790664,50516.410515328,492.35626126821273,0.0,0.0,0.09212974603972843,0.003183546298318585,,,0.0,0.0035316004346540412
synthetic,0.0,s0,none,xgboost,recalibrated,-1.0,0.5,1.0,auto_malicious,accumulate,fixed_ratio,-1.0,-1.0,,5,0.009985840971756465,0.0,0.9671108876037214,0.0008030535289248849,0.9663333327455386,2.7008362117141424e-05,0.9667218293502984,0.00041467551184277686,0.9978289896017534,1.9846146853918833e-05,0.9558645276292335,0.001219438957325282,0.992361111111111,0.0015528249843748437,0.9956375838926175,0.0009189975797065941,0.5,0.0,,,,,28515.0,0.0,1007381.1271770414,2926.5700652961314,530581340.2074478,3341943.9789037923,199644.66097466028,1552.2311868663282,0.0,0.0,0.09263263766658288,0.0035363688190593995,,,0.0,0.0035316004346540412
